Workbook

Sheet SEM1
A4: Nom: | B4: BELIN brice
A5: semaine 1 | B5: du | C5: 45656 | D5: au | E5: =SUM(B56) -> 45662
E6: Route | F6: aller | G6: Client ou usine | I6: Client ou usine | K6: Route retour | M6: TOTAL | Q6: potentiel jour
A7: Jour | B7: Date | C7: Nom client ou usine | E7: Heure départ | F7: Heure arrivée | G7: Heure arrivée | H7: Heure départ | I7: Heure arrivée | J7: Heure départ | K7: Heure départ | L7: Heure arrivée | M7: Heure route | N7: Heure client | O7: Heure usine | P7: Général
A9: LUNDI | B9: =SUM(C5) -> 45656 | C9: VACANCES | G9: 0 | H9: 0 | I9: 0 | J9: 0 | M9: =(F11-E11)+(L11-K11) -> 0 | N9: =(H9-G9) -> 0 | O9: =(J9-I9) -> 0 | P9: =SUM(M9:O11) -> 0
Q11: 0
A12: MARDI | B12: =SUM(B9+1) -> 45657 | C12: VACANCES | G12: 0 | H12: 0 | I12: 0 | J12: 0 | M12: =(F14-E14)+(L14-K14) -> 0 | N12: =(H12-G12) -> 0 | O12: =(J12-I12) -> 0 | P12: =SUM(M12:O14) -> 0
Q14: 0
A15: MERCREDI | B15: =SUM(B12+1) -> 45658 | C15: VACANCES | G15: 0 | H15: 0 | I15: 0 | J15: 0 | M15: =(F17-E17)+(L17-K17) -> 0 | N15: =(H15-G15) -> 0 | O15: =(J15-I15) -> 0 | P15: =SUM(M15:O17) -> 0
Q17: 0
A18: JEUDI | B18: =SUM(B15+1) -> 45659 | C18: Conductix 218099C001 216956C001 217052C001 217785C001 | G18: 0.3375 | H18: 0.52083333 | I18: 0.5625 | J18: 0.70972222 | M18: =(F40-E40)+(L40-K40) -> 0 | N18: =(H18-G18) -> 0.18333333 | O18: =(J18-I18) -> 0.14722222 | P18: =SUM(M18:O40) -> 0.33055556 | R18: Conductix | S18: (1h00)
S19: Equivalent face T
S20: Chercher des images plus netes pour la radio equivalente Face T | X20: ok.Done
R21: 218099C001 | S21: (1h00)
S22: Motor Oil
S23: Ranger les plans envoyés par Alsymex ci-dessous:
T24: 2413410152101 | U24: LCP | V24: Rev 8 | W24: ok.Done
T25: 2403010152101 | U25: ECD | V25: Rev 7 | W25: ok.Done
S26: Déjà présent dans ARAS | U26: ok.Done
R27: 216956C001 | S27: (2h30)
S28: LYONDELL
S29: Mettre a jour les tags dans interco | U29: ok.Done
S30: Mettre à jour les tags dans le plan TBWD | V30: In progress…
T31: Demander les sources AutoCAD complètes à Alsymex | X31: ok.Done
S32: Envoyer le plan ECD à ACE | U32: ok.Done
R33: 217052C001 | S33: (0h30)
S34: Adriatic LNG
S35: FAT procedure codification
S36: Codifier ce document sur ARAS | U36: ok.Done
R37: 217785C001 | S37: (1h00)
S38: PEROU LNG
S39: Mettre les plans LCP & ECD sur ARAS | V39: ok.Done
Q40: 0.29166667
A41: VENDREDI | B41: =SUM(B18+1) -> 45660 | C41: 216956C001 215732C001 214365C001 | G41: 0.33125 | H41: 0.52430556 | I41: 0.55208333 | J41: 0.68958333 | M41: =(F54-E54)+(L54-K54) -> 0 | N41: =(H41-G41) -> 0.19305556 | O41: =(J41-I41) -> 0.1375 | P41: =SUM(M41:O54) -> 0.33055556 | R41: 216956C001 | S41: (4h00)
S42: LYONDELL
S43: Mettre à jour les tags dans le plan TBWD | V43: ok.Done
S44: Faire email à Loic pour demande de retour des plans interco & TBWD suite à la maj des tags | Y44: ok.Done
R45: 215732C001 | S45: (1h00)
S46: Costa Azul
S47: Discussion avec JCP sur la validation du changement d'huile | W47: ok.Done
S48: Répondre au mail de Yamen | U48: ok.Done
R49: 214365C001
S50: TR
S51: Maj en Rev 50 & As Built des plans ci-dessous:
T52: 24141C214365011 | U52: ERS hydraulic accumulator 12" | X52: ok.Done
T53: 24141C214365012 | U53: ERS hydraulic accumulator 16" | X53: ok.Done
Q54: 0.29166667
A55: SAMEDI | B55: =SUM(B41+1) -> 45661 | M55: =(F55-E55)+(L55-K55) -> 0 | N55: =(H55-G55)+(J55-I55) -> 0 | O55: =(H55-G55)+(J55-I55) -> 0 | P55: =SUM(M55:O56) -> 0
A56: DIMANCHE | B56: =SUM(B55+1) -> 45662
J58: TOTAL TRAVAILLE | M58: =SUM(M9+M12+M15+M18+M41+M55+M56) -> 0 | N58: =SUM(N9+N12+N15+N18+N41+N55+N56) -> 0.37638889 | O58: =SUM(O9+O12+O15+O18+O41+O55+O56) -> 0.28472222 | P58: =SUM(P9+P12+P15+P18+P41+P55+P56) -> 0.66111111
J59: POTENTIEL SEMAINE | N59: =SUM(Q9:Q56) -> 0.58333333
J60: TOTAL SEMAINE HS | N60: =SUM(P58-N59) -> 0.077777778
J61: TOTAL PRECEDENT HS | N61: 0
J62: NOUVEAU TOTAL HS | N62: =N60+N61 -> 0.077777778

Sheet SEM2
A4: Nom: | B4: BELIN brice
A5: semaine 2 | B5: du | C5: =SUM('SEM1'!B56+1) -> 45663 | D5: au | E5: =SUM(B103) -> 45669
E6: Route | F6: aller | G6: Client ou usine | I6: Client ou usine | K6: Route retour | M6: TOTAL | Q6: potentiel jour
A7: Jour | B7: Date | C7: Nom client ou usine | E7: Heure départ | F7: Heure arrivée | G7: Heure arrivée | H7: Heure départ | I7: Heure arrivée | J7: Heure départ | K7: Heure départ | L7: Heure arrivée | M7: Heure route | N7: Heure client | O7: Heure usine | P7: Général
A9: LUNDI | B9: =SUM(C5) -> 45663 | C9: 214365C001 218020C001 RA172190 219204C001 | G9: 0.35972222 | H9: 0.52083333 | I9: 0.57291667 | J9: 0.74652778 | M9: =(F28-E28)+(L28-K28) -> 0 | N9: =(H9-G9) -> 0.16111111 | O9: =(J9-I9) -> 0.17361111 | P9: =SUM(M9:O28) -> 0.33472222 | R9: 214365C001 | S9: (1h30)
S10: TR
S11: Mettre à jour les plans ci-dessous:
S12: 24ECDC21436502 | U12: ECD - Motor Starter | W12: en Rev 0 & AFC | Y12: In progress…
S13: LS_IOLC21436501 | U13: IOL including soft (Cavotec) | X13: voir la rev actuelle | Z13: In progress…
R14: 218020C001 | S14: (1h00)
S15: TCC
S16: Maj du plan 24125C21802001 | V16: ok.Done | W16: Attente VOR de la part d'Alsparlan
S17: Editer le tableau de paramétrage CPMS | V17: Rescheduled to Thursday 09/01
R18: RA172190 | S18: (0h30)
S19: HOEGH
S20: Rajouter la note dans le plan 2412517219001 | W20: ok.Done
S21: Mettre le plan sous ARAS | U21: ok.Done
R22: 5S | S22: (1h00)
S23: Remettre son bureau en etat fonctionnel | V23: ok.Done
R24: 219204C001 | S24: (2h30)
S25: ARAMCO OVERSEA
S26: KOM | T26: ok.Done
S27: Edition trame excel | U27: ok.Done
Q28: 0.29166667
A29: MARDI | B29: =SUM(B9+1) -> 45664 | C29: RA172190 Alsymex docs 216956C001 218020C001 | G29: 0.33263889 | H29: 0.52083333 | I29: 0.55208333 | J29: 0.71041667 | M29: =(F45-E45)+(L45-K45) -> 0 | N29: =(H29-G29) -> 0.18819444 | O29: =(J29-I29) -> 0.15833333 | P29: =SUM(M29:O45) -> 0.34652778 | R29: RA172190 | S29: (1h00)
S30: HOEGH
S31: Repasser en Rev 1 | U31: ok.Done
R32: Alsymex docs | S32: (0h30)
S33: Meeting for all documentations on projets with Alsymex | W33: ok.Done
R34: 216956C001 | S34: (0h30)
S35: LYONDELLBASE
S36: Maj du plan 24133C21695601 en Rev 1 | V36: In progress…
R37: 214936C001 | S37: (1h00)
S38: Wison
S39: Maj du plan Data Sheets for Hydraulic Components:
T40: 33HCC21493601 | V40: ok.Done
S41: Validation de la modification d'ACE sur le "ARM SELECTION MANUAL OVERRIDE" | Y41: Suivi par Francois…
R42: 218020C001 | S42: (0h30)
S43: TCC
S44: Faire email à ATOS avec demande de date pour l'envoie des documents | X44: ok.Done
Q45: 0.29166667
A46: MERCREDI | B46: =SUM(B29+1) -> 45665 | C46: 216956C001 RC182278 214936C001 218020C001 | G46: 0.32847222 | H46: 0.52083333 | I46: 0.56527778 | J46: 0.76736111 | M46: =(F69-E69)+(L69-K69) -> 0 | N46: =(H46-G46) -> 0.19236111 | O46: =(J46-I46) -> 0.20208333 | P46: =SUM(M46:O69) -> 0.39444444 | R46: 216956C001 | S46: (1h00)
S47: LYONDELLBASE
S48: Maj du plan 24133C21695601 en Rev 1 | V48: In progress…
T49: Envoyer la modification à ACE | W49: ok.Done
U50: en attente d'envoie ACE | W50: In progress…
T51: Fichier CRS mis à jour | V51: ok.Done
R52: RC182278 | S52: (0h30)
S53: BRUNEI
S54: Répondre à l'email Mr Clement (ACE) | V54: ok.Done
R55: 214936C001 | S55: (0h30)
S56: Wison
S57: Maj du plan Data Sheets for Hydraulic Components:
T58: 33HCC21493601 | V58: ok.Done
S59: Validation de la modification d'ACE sur le "ARM SELECTION MANUAL OVERRIDE"
S60: Appelez Fabrice pour le pb du bornier sur Wison | W60: In progress…
R61: 218020C001 | S61: (1h00)
S62: TCC
S63: Répondre à l'email d'Alparslan concernant le plan: | W63: ok.Done
T64: 24125C21802001
S65: Ne comprends pas la question du client….
S66: Validation des plans | U66: In progress…
Q69: 0.29166667
A70: JEUDI | B70: =SUM(B46+1) -> 45666 | C70: 218020C001 214936C001 | G70: 0.36736111 | H70: 0.52083333 | I70: 0.56944444 | J70: 0.74027778 | M70: =(F82-E82)+(L82-K82) -> 0 | N70: =(H70-G70) -> 0.15347222 | O70: =(J70-I70) -> 0.17083333 | P70: =SUM(M70:O82) -> 0.32430556 | R70: 218020C001 | S70: (6h00)
S71: TCC
S72: Meeting avec Anthony sur la nouvelle trame CPMS | W72: ok.Done
T73: Voir sa localisation, comment la remplir, etc…
S74: Maj du plan IOL concernant l'entrée sur bras "Arm Selected" ZSC 1A-1. | Y74: A faire par ACTEMIUM (Maignan)
S75: Validation des plans | U75: ok.Done
T76: Call avec ACTEMIUM | V76: Pas de plans en attente de validation | Y76: Refaire le point avec François
S77: Edition de la feuille de paramétrage CPMS+ | V77: In progress…
R78: 214936C001 | S78: (1h00)
S79: Wison
S80: Voir les fichiers de paramétrages CPMS | V80: In progress…
V81: En attente de réception…
Q82: 0.29166667
A83: VENDREDI | B83: =SUM(B70+1) -> 45667 | C83: 218020C001 214936C001 216956C001 | G83: 0.35694444 | H83: 0.52083333 | I83: 0.55208333 | J83: 0.68125 | M83: =(F101-E101)+(L101-K101) -> 0 | N83: =(H83-G83) -> 0.16388889 | O83: =(J83-I83) -> 0.12916667 | P83: =SUM(M83:O101) -> 0.29305556 | R83: 214936C001 | S83: (2h00)
S84: Wison
S85: Vérification des fichiers de paramaytréga CPMS+ | W85: ok.Done
T86: Meme valeur OFFSET (310) les bras 1 & 4
T87: Même valeur offset (22) pour les bras 2 & 3
S88: Meeting Punch List
R89: 218020C001 | S89: (4h00)
S90: TCC
S91: Edition de la feuille de paramétrage CPMS+ | V91: In progress…
R92: 216956C001 | S92: (0h30)
S93: LYONDELLBASE
S94: Maj du plan 24133C21695601 en Rev 1 | V94: ok.Done
T95: Envoyer la modification à ACE | W95: ok.Done
U96: en attente d'envoie ACE | X96: ok.Done
S97: Mettre le plan dans ARAS | U97: ok.Done
R98: Shell | S98: (0h30)
S99: Call avec FPR / FI / JCP / FSP pour la recopie d'un écran CPMS entre le bateau et la terre | Y99: ok.Done
Q101: 0.29166667
A102: SAMEDI | B102: =SUM(B83+1) -> 45668 | M102: =(F102-E102)+(H102-G102) -> 0 | N102: =(G102-F102)+(I102-H102) -> 0 | O102: =(H102-G102)+(J102-I102) -> 0 | P102: =(I102-H102)+(K102-J102) -> 0
A103: DIMANCHE | B103: =SUM(B102+1) -> 45669
J105: TOTAL TRAVAILLE | M105: =SUM(M9+M29+M46+M70+M83+M102+M103) -> 0 | N105: =SUM(N9+N29+N46+N70+N83+N102+N103) -> 0.85902778 | O105: =SUM(O9+O29+O46+O70+O83+O102+O103) -> 0.83402778 | P105: =SUM(P9+P29+P46+P70+P83+P102+P103) -> 1.6930556
J106: POTENTIEL SEMAINE | N106: =SUM(Q9:Q103) -> 1.4583333
J107: TOTAL SEMAINE HS | N107: =SUM(P105-N106) -> 0.23472222
J108: TOTAL PRECEDENT HS | N108: ='SEM1'!N62 -> 0.077777778
...

Sheet SEM3
A4: Nom: | B4: BELIN brice
A5: semaine 3 | B5: du | C5: =SUM('SEM2'!B103+1) -> 45670 | D5: au | E5: =SUM(B102) -> 45676
E6: Route | F6: aller | G6: Client ou usine | I6: Client ou usine | K6: Route retour | M6: TOTAL | Q6: potentiel jour
A7: Jour | B7: Date | C7: Nom client ou usine | E7: Heure départ | F7: Heure arrivée | G7: Heure arrivée | H7: Heure départ | I7: Heure arrivée | J7: Heure départ | K7: Heure départ | L7: Heure arrivée | M7: Heure route | N7: Heure client | O7: Heure usine | P7: Général
A9: LUNDI | B9: =SUM(C5) -> 45670 | C9: 218020C001 214365C001 Performance Aide Réception 219030C001 216696C001 | G9: 0.35833333 | H9: 0.52083333 | I9: 0.56944444 | J9: 0.70902778 | M9: =(F9-E9)+(L9-K9) -> 0 | N9: =(H9-G9) -> 0.1625 | O9: =(J9-I9) -> 0.13958333 | P9: =SUM(M9:O33) -> 0.30208333 | R9: 218020C001 | S9: (2h30)
S10: TCC
S11: Envoyez à ACTEMIUM la dernière version du prog CPMS | X11: ok.Done
S12: Répondre à l'email ATOS pour les commenatires sur plan HCD | X12: ok.Done
R13: 214365C001 | S13: (1h00)
S14: TR
S15: Reprendre la liste des docs à mettre à jour | W15: In progress…
T16: Motor Data Sheet | V16: LS_MDSC21436501 | X16: In progress…
R18: Performance Appraisal | T18: (1h30)
T19: Entretien indiv. Avec François | W19: In progress… | X19: Move to Friday 17/01/25
R20: Réception TEN | S20: (1h00)
S21: Aide pour Adnane | U21: In progress…
T22: Email envoyé à ACE pour confirmation de référence | X22: ok.Done
T23: En attente de retour de la part d'ACE | W23: ok.Done
S24: Aide pour Eric | U24: ok.Done
R25: 219030C001 | S25: (2h00)
S26: TAL OIL
S27: Répondre à l'email d'ALSYMEX | V27: ok.Done
T28: Numéro ECN, plans | V28: ok.Done
S29: Faire email à Robin pour dmde de plans Berths2,3 et 4 au client | X29: In progress…
R30: 216696C001 | S30: (1h00)
S31: QCLNG
S32: Mettre à jour le DBI nr: | U32: 2413810149601 | V32: In progress…
Q33: 0.29166667
A34: MARDI | B34: =SUM(B9+1) -> 45671 | C34: 216696C001 214365C001 Quality 219123C001 | G34: 0.32986111 | H34: 0.52083333 | I34: 0.54166667 | J34: 0.72708333 | M34: =(F34-E34)+(L34-K34) -> 0 | N34: =(H34-G34) -> 0.19097222 | O34: =(J34-I34) -> 0.18541667 | P34: =SUM(M34:O50) -> 0.37638889 | R34: 216696C001
S35: QCLNG
S36: Mettre à jour le DBI nr: | U36: 2413810149601 | V36: In progress…
R37: 214365C001 | S37: (1h00)
S38: TR
S39: Reprendre la liste des docs à mettre à jour | W39: In progress…
T40: Motor Data Sheet | V40: LS_MDSC21436501 | X40: In progress…
R41: Quality | S41: (1h00)
S42: Adnane
S43: Call avec lui pour le problème de références
R44: 219123C001 | S44: (1h00)
S45: TEN AUSTRALIA
S46: Préparer la feuille de lancement LF
R47: 214936C001 | S47: (1h00)
S48: Wison
S49: Meeting Punch List | U49: ok.Done
Q50: 0.29166667
A51: MERCREDI | B51: =SUM(B34+1) -> 45672 | C51: 219124C001 219204C001 216696C001 218020C001 | G51: 0.33333333 | H51: 0.50763889 | I51: 0 | J51: 0 | M51: =(F51-E51)+(L51-K51) -> 0 | N51: =(H51-G51) -> 0.17430556 | O51: =(J51-I51) -> 0 | P51: =SUM(M51:O65) -> 0.17430556 | R51: 219124C001 | S51: (0h30)
S52: ARAMCO
S53: Supprimer les PN méca | U53: ok.Done
R54: 219204C001 | S54: (0h30)
S55: ARAMCO OVERSEAS
S56: Valider le PN Top Level avec les parts dedans | V56: ok.Done
R57: 216696C001 | S57: (1h00)
S58: QCLNG
S59: Mettre à jour le DBI nr: | U59: 2413810149601 | V59: ok.Done
R60: 218020C001 | S60: (1h00)
S61: TCC
S62: Validation des plans de BJs | U62: In progress…
Q65: 0.16666667
A66: JEUDI | B66: =SUM(B51+1) -> 45673 | C66: 219123C001 | G66: 0.36597222 | H66: 0.51041667 | I66: 0.5625 | J66: 0.7375 | M66: =(F66-E66)+(L66-K66) -> 0 | N66: =(H66-G66) -> 0.14444444 | O66: =(J66-I66) -> 0.175 | P66: =SUM(M66:O85) -> 0.31944444 | R66: 219123C001 | S66: (3h00)
S67: TEN AUSTRALIA
S68: Faire le lancement LF dans ARAS + Email | V68: ok.Done
S69: Faire le point sur le PNS avec JCP | V69: In progress…
R70: 21496C001 | S70: (1h00)
S71: WISON
S72: Meeting Punch list | U72: ok.Done
R73: 214365C001 | S73: (2h00)
S74: TR
S75: Maj du plan | T75: 24141C214365012 | V75: ok.Done
S76: Reprendre la liste des docs à mettre à jour | W76: In progress…
T77: Motor Data Sheet | V77: LS_MDSC21436501 | X77: In progress…
U78: Emails sent to ATOS. | W78: ok.Done
U79: Wait ATOS return | W79: In progress…
T80: HPU Noise Data Sheet | V80: LS_NDSC21436501 | X80: In progress…
U81: Wait customer frame NFXP3-TRSA-SH-PRC-00039-ATT03 | Y81: In progress…
T82: Instrument Data Sheet | V82: LS_IDSC21436501 | X82: In progress…
U83: Emails sent to ATOS. | W83: ok.Done
U84: Wait ATOS return | W84: In progress…
Q85: 0.29166667
A86: VENDREDI | B86: =SUM(B66+1) -> 45674 | G86: 0.36111111 | H86: 0.52083333 | I86: 0.55208333 | J86: 0.68055556 | M86: =(F86-E86)+(L86-K86) -> 0 | N86: =(H86-G86) -> 0.15972222 | O86: =(J86-I86) -> 0.12847222 | P86: =SUM(M86:O100) -> 0.28819444 | R86: Performance Appraisal | T86: (1h30)
T87: Entretien indiv. Avec François | W87: ok.Done
R88: 219123C001 | S88: (1h00)
S89: TEN AUSTRALIA
S90: Vérifier la validation des ECNs pour les PNs | V90: ok.Done
R91: 214365C001 | S91: (6h00)
S92: TR
S93: Reprendre la liste des docs à mettre à jour | W93: In progress…
T94: Control Narratie Diagram | V94: LS_CNDC21436501 | X94: ok.Done
T95: Electrical Interco Diag | V95: 24EIDC21436501 | X95: ok.Done | Z95: Sent to Doc Control
T96: ERS hydrau. Dwg 12" | V96: 24141C214365011 | X96: ok.Done
T97: HPU Noise Data Sheet | V97: LS_NDSC21436501 | X97: In progress… | Z97: Sent to ATOS
U98: Wait customer frame NFXP3-TRSA-SH-PRC-00039-ATT03 | Y98: ok.Done
T99: E&H on Dock | V99: 24125C21436501 | X99: ok.Done
Q100: 0.29166667
A101: SAMEDI | B101: =SUM(B86+1) -> 45675 | M101: =(F101-E101)+(L101-K101) -> 0 | N101: =(H101-G101)+(J101-I101) -> 0 | O101: =(H101-G101)+(J101-I101) -> 0 | P101: =SUM(M101:O102) -> 0
A102: DIMANCHE | B102: =SUM(B101+1) -> 45676
J104: TOTAL TRAVAILLE | M104: =SUM(M9+M34+M51+M66+M86+M101+M102) -> 0 | N104: =SUM(N9+N34+N51+N66+N86+N101+N102) -> 0.83194444 | O104: =SUM(O9+O34+O51+O66+O86+O101+O102) -> 0.62847222 | P104: =SUM(M104:O104) -> 1.4604167
J105: POTENTIEL SEMAINE | N105: =SUM(Q9:Q102) -> 1.3333333
J106: TOTAL SEMAINE HS | N106: =SUM(P104-N105) -> 0.12708333
J107: TOTAL PRECEDENT HS | N107: ='SEM2'!N109 -> 0.3125
J108: NOUVEAU TOTAL HS | N108: =N106+N107 -> 0.43958333

Sheet SEM4
A4: Nom: | B4: BELIN brice
A5: semaine 4 | B5: du | C5: =SUM('SEM3'!B102+1) -> 45677 | D5: au | E5: =SUM(B109) -> 45683
E6: Route | F6: aller | G6: Client ou usine | I6: Client ou usine | K6: Route retour | M6: TOTAL | Q6: potentiel jour
A7: Jour | B7: Date | C7: Nom client ou usine | E7: Heure départ | F7: Heure arrivée | G7: Heure arrivée | H7: Heure départ | I7: Heure arrivée | J7: Heure départ | K7: Heure départ | L7: Heure arrivée | M7: Heure route | N7: Heure client | O7: Heure usine | P7: Général
A9: LUNDI | B9: =SUM(C5) -> 45677 | C9: 219204C001 214936C001 214365C001 218020C001 | G9: 0.36458333 | H9: 0.52083333 | I9: 0.55208333 | J9: 0.68541667 | M9: =(F9-E9)+(L9-K9) -> 0 | N9: =(H9-G9) -> 0.15625 | O9: =(J9-I9) -> 0.13333333 | P9: =SUM(M9:O25) -> 0.28958333 | R9: 219204C001 | S9: (1h00)
S10: ARAMCO
S11: Faire le lancement LF | U11: ok.Done
R12: 214936C001 | S12: (1h00)
S13: Wison | U13: ok.Done
S14: Meeting punch list
S15: Appelez Alsymex (Berger) pour problème de zoom sur hmi | X15: ok.Done | Z15: En attente call de C.Berger
R16: 214365C001 | S16: (2h00)
S17: TR
S18: Reprendre la liste des docs à mettre à jour | W18: In progress…
T19: HART transmitter Database | V19: LS_HTDC21436501 | X19: ok.Done | Z19: Sent to Doc Control | AB19: Refused byDoc Control
T20: Instrument Cable List | V20: LS_ICLC21436501 | X20: ok.Done
T21: Software Datasheet Ex. | V21: LS_SDEC21436501 | X21: In progress…
R22: 218020C001 | S22: (1h30)
S23: TCC
S24: Meeting avec CORAIL pour intégration CPMS avec TIA PORTAL V19 | X24: ok.Done
Q25: 0.29166667
A26: MARDI | B26: =SUM(B9+1) -> 45678 | C26: 214365C001 ITS Docs projets 219124C001 RA081269 216696C001 | G26: 0.32916667 | H26: 0.52083333 | I26: 0.55208333 | J26: 0.70902778 | M26: =(F26-E26)+(L26-K26) -> 0 | N26: =(H26-G26) -> 0.19166667 | O26: =(J26-I26) -> 0.15694444 | P26: =SUM(M26:O44) -> 0.34861111 | R26: 214365C001 | S26: (4h00)
S27: TR
S28: Reprendre la liste des docs à mettre à jour | W28: In progress…
T29: HART transmitter Database | V29: LS_HTDC21436501 | X29: ok.Done | Z29: Sent to Doc Control
T30: Terminal Box Wiring Diagram | V30: 24031C21436503 | X30: ok.Done | Z30: En attente retour fichier CRS Volkan
R31: ITS | S31: (0h30)
S32: Remplir la feuille d'heure du mis de Janvier jusqu'au 23/01 | W32: In progress…
R33: Docs projets | S33: (0h30)
S34: Meeting avec Wael sur la documentation en cours des projets | W34: ok.Done
R35: 219124C001 | S35: (0h30)
S36: Lire email de Luc sur les coupleurs | V36: ok.Done
R37: RA081269 | S37: (1h00)
S38: Golar Freeze FSRU
S39: Support line pour Alain Dica (Insrum. STE) | V39: In progress…
R40: 216696C001 | S40: (1h00)
S41: QCLNG
T42: Control Logic Diagram | V42: 2403010149602 | X42: In progress… | Z42: En attente info client…
T43: Hydraulic Control Panel | V43: 2113410149601 | X43: In progress… | Z43: En attente info client…
Q44: 0.29166667
A45: MERCREDI | B45: =SUM(B26+1) -> 45679 | C45: 214365C01 CS Meeting RA192437 214936C001 216696C001 | G45: 0.32847222 | H45: 0.5 | I45: 0.5625 | J45: 0.72916667 | M45: =(F45-E45)+(L45-K45) -> 0 | N45: =(H45-G45) -> 0.17152778 | O45: =(J45-I45) -> 0.16666667 | P45: =SUM(M45:O64) -> 0.33819444 | R45: 214365C001 | S45: (3h00)
S46: TR
S47: Reprendre la liste des docs à mettre à jour | W47: In progress…
T48: Electrical Circuit Diagram - Motor Starter | W48: 24ECDC21436502 | Y48: ok.Done | AA48: Envoyé au Doc Control
T49: Input Output List | V49: LS_IOLC21436501 | X49: ok.Done | AD49: Envoyé au Doc Control
T50: Terminal Box Wiring Diagram | V50: 24031C21436503 | X50: ok.Done | Z50: En attente retour fichier CRS Volkan | AD50: Envoyé au Doc Control
R51: CS Meeting | S51: (1h30)
S52: Meeting avec le bureau CS | U52: ok.Done
R53: RA192437 | S53: (0h30)
S54: PIPECHINA | T54: (CNOOC)
S55: Call pour confirmation carte EPROM | V55: ok.Done | X55: En attente de confirmation d'Alsymex
R56: 214936C001 | S56: (0h30)
S57: WISON
S58: Editer le doc excel avec les photos et le problème rencontré
R59: LS | S59: (1h00)
S60: Objectifs 2025
R61: 216696C001 | S61: (1h00)
S62: QCLNG
T63: Maj du doc | U63: IOL | V63: 24IOL10149601 | X63: In progress…
Q64: 0.29166667
A65: JEUDI | B65: =SUM(B45+1) -> 45680 | C65: 214365C001 219204C001 RA081269 | G65: 0.36458333 | H65: 0.52083333 | I65: 0.56944444 | J65: 0.74305556 | M65: =(F65-E65)+(L65-K65) -> 0 | N65: =(H65-G65) -> 0.15625 | O65: =(J65-I65) -> 0.17361111 | P65: =SUM(M65:O86) -> 0.32986111 | R65: 214365C001 | S65: (1h30)
S66: TR
S67: Reprendre la liste des docs à mettre à jour | W67: In progress…
T68: Input Output List | V68: LS_IOLC21436501 | X68: ok.Done | Z68: En attente de validation Wael
T69: Terminal Box Wiring Diagram | V69: 24031C21436503 | X69: ok.Done | Z69: En attente de validation Wael
T70: ECD Motor Starter | V70: 24ECDC21436502 | X70: ok.Done | Z70: En attente de validation Doc Control
T71: Software Datasheet Ex. | V71: LS_SDEC21436501 | X71: In progress… | Z71: En attente retour fichier CRS Volkan
R72: 219204C001 | S72: (0h30)
S73: ARAMCO OVERSEAS
S74: Conf call avec Alsymex (A.Duc) pour confirmer l'ID et la Face de la Radio | X74: ok.Done
R75: Jay Conductix | S75: (1h00)
S76: Editin de la trame excel avec les futurs DBI | V76: ok.Done
R77: RA081269 | S77: (0h30)
S78: Golar Freeze FSRU
S79: Editer la trame de debug à partir de l'emaol de Paul Ollion | W79: In progress…
R80: 219124C001 | S80: (1h00)
S81: ARAMCO
S82: Meeting avec JCP pour les DBIs à crééer | V82: ok.Done
R83: 218020C001 | S83: (1h00)
S84: TCC
S85: Meeting pour cder la partieE&H on dock suite au retpur client | W85: ok.Done
Q86: 0.29166667
A87: VENDREDI | B87: =SUM(B65+1) -> 45681 | C87: RA081269 CONDUCTIX RA192437 214365C001 219124C001 | G87: 0.36527778 | H87: 0.52083333 | I87: 0.55208333 | J87: 0.68194444 | M87: =(F87-E87)+(L87-K87) -> 0 | N87: =(H87-G87) -> 0.15555556 | O87: =(J87-I87) -> 0.12986111 | P87: =SUM(M87:O107) -> 0.28541667 | R87: RA081269 | S87: (1h00)
S88: Golar Freeze FSRU
S89: Editer la trame de debug à partir de l'emaol de Paul Ollion | W89: ok.Done
R90: Jay Conductix | S90: (2h00)
S91: Meeting avec JCP pour valider les PNs (comme avec CAVOTEC) | X91: ok.Done
S92: Envoyez email à Mr Faille pour dmde de réf | V92: ok.Done
R93: RA192437 | S93: (0h30)
S94: PIPECHINA | T94: (CNOOC)
S95: Répondre email de Maria | U95: ok.Done
S96: Demander à Alsymex la modif du ptch dans le plc prog | W96: In progress…
R97: 214365C001 | S97: (1h00)
S98: TCC
S99: Vérification de la doc en attente d'ATOS | V99: ok.Done
S100: Relancer ATOS pour les docs ci-dessous: | V100: ok.Done
T101: HPU NOISE DATASHEET | V101: LS_NDSC21436501 | X101: In progress…
T102: INSTRUMENTION DATA SHEET | V102: LS_IDSC21436501 | X102: In progress…
T103: MOTOR DATASHEET | V103: LS_MDSC21436501 | X103: In progress…
R104: 219124C001 | S104: (1h00)
...

Sheet SEM5
A4: Nom: | B4: BELIN brice
A5: semaine 5 | B5: du | C5: =SUM('SEM4'!B109+1) -> 45684 | D5: au | E5: =SUM(B117) -> 45690
E6: Route | F6: aller | G6: Client ou usine | I6: Client ou usine | K6: Route retour | M6: TOTAL | Q6: potentiel jour
A7: Jour | B7: Date | C7: Nom client ou usine | E7: Heure départ | F7: Heure arrivée | G7: Heure arrivée | H7: Heure départ | I7: Heure arrivée | J7: Heure départ | K7: Heure départ | L7: Heure arrivée | M7: Heure route | N7: Heure client | O7: Heure usine | P7: Général
A9: LUNDI | B9: =SUM(C5) -> 45684 | C9: CONDUCTIX 214365C001 218020C001 219124C001 | G9: 0.32777778 | H9: 0.52430556 | I9: 0.55208333 | J9: 0.73402778 | M9: =(F21-E21)+(L21-K21) -> 0 | N9: =(H9-G9) -> 0.19652778 | O9: =(J9-I9) -> 0.18194444 | P9: =SUM(M9:O21) -> 0.37847222 | R9: Conductix | S9: (2h00)
S10: Prépararer les PNs dans ARAS | V10: In progress…
R11: 214365C001 | S11: (1h30)
S12: TR
S13: En attente d'ATOS pour les docs ci-dessous: | V13: ok.Done
T14: SVA dwg | V14: 24133C21802001 | X14: ok.Done
T15: HPU dwg | V15: 24136C21802001 | X15: ok.Done
S16: En attente validation ARAS | V16: In progress…
S17: Maj plan ERS Accu 16" | V17: 24141C214365012 | X17: ok.Done
R18: 219124C001 | S18: (2h30)
S19: ARAMCO
S20: Préparation du lancement Partiel | V20: In progress…
Q21: 0.29166667
A22: MARDI | B22: =SUM(B9+1) -> 45685 | C22: 219124C001 219453C001 Pt Docs 217052C001 214365C001 | G22: 0.33194444 | H22: 0.52083333 | I22: 0.55208333 | J22: 0.70902778 | M22: =(F42-E42)+(L42-K42) -> 0 | N22: =(H22-G22) -> 0.18888889 | O22: =(J22-I22) -> 0.15694444 | P22: =SUM(M22:O42) -> 0.34583333 | R22: 219124C001 | S22: (2h00)
S23: ARAMCO
S24: Edition des plans ci-dessous: | V24: In progress…
T25: Hydraulic Circuit Diagram | V25: 24HCDC21912401 | X25: Berth 17 | Y25: In progress…
V26: 24HCDC21912402 | X26: Berth 18 | Y26: In progress…
S27: Valider les numéros de plans avec JCP | V27: ok.Done
R28: 219453C001 | S28: (1h00)
S29: COIGN
S30: Meeting avec Wael
R31: Point Docs | S31: (0h30)
S32: Point avec Wael/JCP/François | V32: ok.Done
R33: 217052C001 | S33: (0h30)
S34: ADRIATIC
S35: Envoyez les différents plans à Philippe | V35: ok.Done
R36: 214365C001 | S36: [2h00)
S37: TR
S38: Envoyez email à ATOS pour les docs ci-dessous:
T39: Instrument Data Sheet | V39: LS_IDSC21436501 | X39: In progress…
T40: Motor Data Sheet | V40: LS_MDSC21436501 | X40: ok.Done
T41: HPU Noise Data Sheet | V41: LS_NDSC21436501 | X41: In progress…
Q42: 0.29166667
A43: MERCREDI | B43: =SUM(B22+1) -> 45686 | C43: 219124C001 CONDUCTIX 219453C001 216696C001 Qualité | G43: 0.33125 | H43: 0.5 | I43: 0.58333333 | J43: 0.75069444 | M43: =(F63-E63)+(L63-K63) -> 0 | N43: =(H43-G43) -> 0.16875 | O43: =(J43-I43) -> 0.16736111 | P43: =SUM(M43:O63) -> 0.33611111 | R43: 219124C001 | S43: (5h00)
S44: ARAMCO
S45: Edition des plans ci-dessous: | V45: ok.Done
T46: Hydraulic Circuit Diagram | V46: 24HCDC21912401 | X46: Berth 17 | Y46: ok.Done | AA46: En attente de validation JCP
V47: 24HCDC21912402 | X47: Berth 18 | Y47: ok.Done | AA47: En attente de validation JCP
T48: Input Output List | V48: LS_IOLC21912401 | X48: Berth 17 | Y48: ok.Done | AA48: En attente de validation JCP
V49: LS_IOLC21912402 | X49: Berth 18 | Y49: ok.Done | AA49: En attente de validation JCP
S50: Envoyez par email à Delphine les plans à suivre | W50: ok.Done
R51: CONDUCTIX | S51: (1h00)
S52: Mettre les DBIs des parts sous Sub-Contractors Follow Up | X52: ok.Done
R53: 219453C001 | S53: (1h00)
S54: COIGN
S55: Meeting avec Wael pour vérif fichier, trame excel etc… | W55: nok. Canceled
R56: 216696C001 | S56: (0h30)
S57: QCLNG
S58: Meeting avec Alsymex (Arnaud Duc) | V58: ok.Done
R59: Qualité | S59: (1h00)
S60: Adnane
S61: Problème entre un bloc hydro surpression et le plan associé
S62: Envoyer email à ACE | U62: ok.Done
Q63: 0.29166667
A64: JEUDI | B64: =SUM(B43+1) -> 45687 | C64: 216696C001 Qualité 219453C001 219254C001 219059C001 217946C001 216956C001 219124C001 | G64: 0.3625 | H64: 0.52083333 | I64: 0.56944444 | J64: 0.7375 | M64: =(F95-E95)+(L95-K95) -> 0 | N64: =(H64-G64) -> 0.15833333 | O64: =(J64-I64) -> 0.16805556 | P64: =SUM(M64:O95) -> 0.32638889 | R64: 216696C001 | S64: (0h30)
S65: QCLNG
S66: Renvoyez le doc IOL au Doc Control | V66: ok.Done
R67: Qualité | S67: (0h30)
S68: Adnane
S69: Maj du DBI avec la bonne version du plan | W69: ok.Done
R70: 219453C001 | S70: (1h00)
S71: COIGN
S72: iKOM en interne | U72: ok.Done
R73: 219254C001 | S73: (2h00)
S74: PADAH
S75: iKOM en interne | U75: ok.Done
S76: Préparation des PNs sub-lvl | U76: ok.Done
R77: 217946C001 | S77: (0h30)
S78: OIL WATER
S79: Jetée 5 & 7
S80: Maj des DBIs ci-dessous: | U80: ok.Done
T81: CAVOTEC radio Control. - B5 | V81: 2489935C217946015 | X81: ok.Done
T82: CAVOTEC radio Control. - B7 | V82: 2489935C217946017 | X82: ok.Done
R83: 219059C001 | S83: (1h30)
S84: EG LNG
S85: Maj des DBIs ci-dessous: | U85: ok.Done
T86: Set of MC3000…repairing | V86: 248993504342310 | X86: In progress…
T87: Set of MC3000…repairing | V87: 248993504342311 | X87: In progress…
R88: 216956C001
S89: LYONDELL
S90: Mise à jour du doc:
T91: Calcul boucle SIL pour la fct ERS | V91: LS_SILC21695601 | X91: In progress…
R92: 219124C001 | S92: (1h00)
S93: ARAMCO
T94: Validation des plans HCD & IOL | V94: ok.Done
Q95: 0.29166667
A96: VENDREDI | B96: =SUM(B64+1) -> 45688 | C96: 219059C001 216956C001 216696C001 RA192437 | G96: 0.35902778 | H96: 0.52083333 | I96: 0.56944444 | J96: 0.67777778 | M96: =(F115-E115)+(L115-K115) -> 0 | N96: =(H96-G96) -> 0.16180556 | O96: =(J96-I96) -> 0.10833333 | P96: =SUM(M96:O115) -> 0.27013889 | R96: 219059C001 | S96: (2h30)
S97: EG LNG
S98: Envoyez email à Marcus (CAVOTEC) pour bien comprendre les modifications apportées | Y98: ok.Done
S99: En attente des BLs de frédéric Gaudefrin | V99: ok.Done
S100: Maj des DBIs ci-dessous: | U100: In progress…
T101: Set of MC3000…repairing | V101: 248993504342310 | X101: In progress…
T102: Set of MC3000…repairing | V102: 248993504342311 | X102: In progress…
S103: Appelez JCP pour parler de la maj des DBI suite retour Marcus | X103: In progress…
R104: 216956C001 | S104: (0h30)
...

Sheet SEM6
A4: Nom: | B4: BELIN brice
A5: semaine 6 | B5: du | C5: =SUM('SEM5'!B117+1) -> 45691 | D5: au | E5: =SUM(B111) -> 45697
E6: Route | F6: aller | G6: Client ou usine | I6: Client ou usine | K6: Route retour | M6: TOTAL | Q6: potentiel jour
A7: Jour | B7: Date | C7: Nom client ou usine | E7: Heure départ | F7: Heure arrivée | G7: Heure arrivée | H7: Heure départ | I7: Heure arrivée | J7: Heure départ | K7: Heure départ | L7: Heure arrivée | M7: Heure route | N7: Heure client | O7: Heure usine | P7: Général
A9: LUNDI | B9: =SUM(C5) -> 45691 | C9: AM Absent 217785C001 219059C001 Quality | G9: 0 | H9: 0 | I9: 0.51319444 | J9: 0.7125 | M9: =(F9-E9)+(L9-K9) -> 0 | N9: =(H9-G9) -> 0 | O9: =(J9-I9) -> 0.19930556 | P9: =SUM(M9:O30) -> 0.19930556 | R9: 217785C001 | S9: (1h00)
S10: PEROU LNG
S11: Problème avec étiquette radio CAVOTEC | V11: In progress…
S12: Envoi d'email à Alsymex | U12: ok.Done
R13: 219124C001 | S13: (0h30)
S14: ARAMCO
S15: Refaire le lien de la feuille de lancement partiel | W15: ok.Done
R16: 219059C001 | S16: (0h30)
S17: EG LNG
S18: Maj des DBIs ci-dessous: | U18: ok.Done
T19: Set of MC3000…repairing | V19: 248993504342310 | X19: ok.Done
T20: Set of MC3000…repairing | V20: 248993504342311 | X20: ok.Done
R21: 219123C001 | S21: (1h00)
S22: TEN AUSTRALIA
S23: Maj DBIs | T23: ok.Done
T24: BJ | U24: nok | V24: 33145C21912302 | X24: Attente VOR
T25: Cables BJ | U25: nok | X25: Attente VOR
T26: Moteur hydrauliq. MRD4500L | V26: 338982000016 | X26: ok.Done
R27: Quality | S27: (1h00)
S28: Pb transmetteur - Eric Chardonnier & ACE | V28: In progress…
S29: Renvoyer les informations à Eric & Adnane | V29: ok.Done
Q30: 0.16666667
A31: MARDI | B31: =SUM(B9+1) -> 45692 | C31: Quality 218020C001 Doc ARAS Docs Proj. Buyer | G31: 0.32847222 | H31: 0.52083333 | I31: 0.55208333 | J31: 0.72638889 | M31: =(F31-E31)+(L31-K31) -> 0 | N31: =(H31-G31) -> 0.19236111 | O31: =(J31-I31) -> 0.17430556 | P31: =SUM(M31:O46) -> 0.36666667 | R31: Quality | S31: (1h00)
S32: Pb transmetteur - Eric Chardonnier & ACE | V32: ok.Done
S33: Répondre email d'ACE | V33: ok.Done
R34: 218020C001 | S34: (2h00)
S35: Valider les plans d'ATOS | U35: In progress…
T36: JB | V36: ok.Done | X36: En attente retour JCP
T37: Motor Starter | V37: ok.Done | X37: En attente retour JCP
T38: SVA | V38: In progress…
R39: DOC ARAS | S39: (1h00)
S40: Meeting information sur la documentation sur ARAS | W40: ok.Done
R41: Docs Proj | S41: (0h30)
S42: Meeting Fraçois / Wael sur les docs par projet | W42: ok.Done
R43: Buyer | S43: (0h30)
S44: Maj DBI ci-dessous
T45: Ethernet Switch. | U45: 248991004186 | W45: ok.Done
Q46: 0.29166667
A47: MERCREDI | B47: =SUM(B31+1) -> 45693 | C47: 218020C001 214936C001 RC202549 | G47: 0.33680556 | H47: 0.52083333 | I47: 0.56944444 | J47: 0.73819444 | M47: =(F47-E47)+(L47-K47) -> 0 | N47: =(H47-G47) -> 0.18402778 | O47: =(J47-I47) -> 0.16875 | P47: =SUM(M47:O61) -> 0.35277778 | R47: 218020C001 | S47: (3h00)
S48: TCC
S49: Validation des plans de Stahl pour les BJs sur bras | W49: ok.Done
S50: Valider les plans d'ATOS | U50: In progress…
T51: SVA | U51: In progress…
R52: 214936C001 | S52: (0h30)
S53: WISON
S54: Call avec Wael | U54: ok.Done
R55: RC202549 | S55: (2h00)
S56: Golden Pass
S57: Maj des documents ci-dessous: | U57: ok.Done
T58: PID Berth1 | U58: 24030071116031 | V58: ok.Done
T59: PID Berth2 | U59: 24030071116032 | V59: ok.Done
Q61: 0.29166667
A62: JEUDI | B62: =SUM(B47+1) -> 45694 | C62: 218020C001 216956C001 RC202549 PMS+ 218614C001 | G62: 0.36111111 | H62: 0.52083333 | I62: 0.56944444 | J62: 0.74722222 | M62: =(F62-E62)+(L62-K62) -> 0 | N62: =(H62-G62) -> 0.15972222 | O62: =(J62-I62) -> 0.17777778 | P62: =SUM(M62:O91) -> 0.3375 | R62: 218020C001 | S62: (5h00)
S63: TCC
S64: Valider les plans d'ATOS | U64: In progress…
T65: JB | V65: ok.Done
T66: Motor Starter | V66: ok.Done
T67: SVA | V67: In progress… | W67: En attente validation BE Meca
S68: Maj du document ci-dessous:
T69: EID | U69: 24EIDC21802001 | V69: In progress… | W69: Vérification des diamètres câble grâce BDD câbles TEN
R70: 216956C001 | S70: (0h30)
S71: LYONDELL
S72: Faire le point avec JCP sur la révision à envoyer au client | W72: ok.Done
S73: Annuler "Redaction en cours" dans le Doc Statement" | W73: ok.Done
R74: RC202549
S75: Golden Pass
S76: Maj des documents ci-dessous: | U76: In progress…
T77: PID Berth1 | U77: 24030071116031 | V77: ok.Done | W77: En attente validation JCP
T78: PID Berth2 | U78: 24030071116032 | V78: ok.Done | W78: En attente validation JCP
R79: RA172190
S80: HOEGH
S81: Maj du document ci-dessous:
T82: E&H on Dock | U82: 2412517219001 | V82: In progress…
R83: PMS+ | S83: (1h00)
S84: Mise à jour trame pour calcul du rapport de réduction slewing | W84: ok.Done
R85: 218614C001 | S85: (0h30)
S86: ENERGOS ESKIMOO
S87: Envoi des documents ci-dessous à Alexis Dominon: | V87: ok.Done
T88: CPMS+ parameters | W88: ok.Done
T89: Photos CPMS+ parameters dans PC | W89: ok.Done
T90: Photo"General View" du PC | W90: ok.Done
Q91: 0.29166667
A92: VENDREDI | B92: =SUM(B62+1) -> 45695 | C92: RC202549 RA172190 218020C001 | G92: 0.36458333 | H92: 0.52083333 | I92: 0.55208333 | J92: 0.68055556 | M92: =(F92-E92)+(L92-K92) -> 0 | N92: =(H92-G92) -> 0.15625 | O92: =(J92-I92) -> 0.12847222 | P92: =SUM(M92:O109) -> 0.28472222 | R92: RC202549 | S92: (2h00)
S93: Golden Pass
S94: Maj des documents ci-dessous: | U94: ok.Done
T95: PID Berth1 | U95: 24030071116031 | V95: ok.Done | W95: En attente validation JCP
T96: PID Berth2 | U96: 24030071116032 | V96: ok.Done | W96: En attente validation JCP
R97: RA172190 | S97: (2h00)
S98: HOEGH
S99: Maj du document ci-dessous:
T100: E&H on Dock | U100: 2412517219001 | V100: ok.Done | W100: En attente validation MG
R101: 218020C001 | S101: (3h00)
S102: TCC
S103: Valider les plans d'ATOS | U103: ok.Done
T104: SVA | V104: ok.Done | W104: Retour BE Meca - Crash avec bras en pos. Parking
T105: Faire email à Mr Airoldi | V105: ok.Done
...

Sheet SEM7
A4: Nom: | B4: BELIN brice
A5: semaine 7 | B5: du | C5: =SUM('SEM6'!B111+1) -> 45698 | D5: au | E5: =SUM(B98) -> 45704
E6: Route | F6: aller | G6: Client ou usine | I6: Client ou usine | K6: Route retour | M6: TOTAL | Q6: potentiel jour
A7: Jour | B7: Date | C7: Nom client ou usine | E7: Heure départ | F7: Heure arrivée | G7: Heure arrivée | H7: Heure départ | I7: Heure arrivée | J7: Heure départ | K7: Heure départ | L7: Heure arrivée | M7: Heure route | N7: Heure client | O7: Heure usine | P7: Général
A9: LUNDI | B9: =SUM(C5) -> 45698 | C9: Pont 2025 RA192437 217785C001 218020C001 CONDUCTIX | G9: 0.36041667 | H9: 0.52083333 | I9: 0.56597222 | J9: 0.73333333 | M9: =(F9-E9) -> 0 | N9: =(H9-G9) -> 0.16041667 | O9: =(J9-I9) -> 0.16736111 | P9: =SUM(M9:O28) -> 0.32777778 | R9: Pont 2025 | S9: (0h30)
S10: Meeting avec JCP / Wael | U10: ok.Done
R11: CONDUCTIX | S11: (0h30)
S12: Conf call avec Mr Aymes concernant la nouvelle face avant equivalente Face T de CAVOTEC | Z12: ok.Done
S13: Diffuser à Anthony, François et Jean-Claude pour avoir leurs avis | X13: In progress…
R14: RA192437 | S14: (2h30)
S15: PIPECHINA
S16: Problème avec le capteur de sélection "Arm Selected" | W16: In progress…
T17: P&F | U17: P/N: | V17: 70133044 | X17: Réf: | Y17: NCB4-12GM40-N0-V1 | AA17: Lien: | AB17: NCB4-12GM40-N0-V1
T18: Editer trame de problème | V18: ok.Done
T19: Répondre à l'email de Robin | V19: ok.Done
R20: 217785C001 | S20: (1h00)
S21: PEROU
S22: Allez chercher les etiquettes CAVOTEC à la réception | W22: ok.Done
S23: Demande à Nathalie qui contacter pour ouvrir les caisses | X23: In progress… | Y23: En attente retour d'info Marion
R24: 218020C001 | S24: (2h00)
S25: TCC
S26: Répondre à ATOS pour la largeur du SVA | W26: ok.Done
S27: Répondre à ATOS concernant la SIC et la ligne d'asséchage N2 | X27: In progress…
Q28: 0.29166667
A29: MARDI | B29: =SUM(B9+1) -> 45699 | C29: RA192437 219124C001 | G29: 0.33125 | H29: 0.51388889 | I29: 0 | J29: 0 | M29: =(F36-E36)+(L36-K36) -> 0 | N29: =(H29-G29) -> 0.18263889 | O29: =(J29-I29) -> 0 | P29: =SUM(M29:O36) -> 0.18263889 | R29: RA192437 | S29: (2h30)
S30: PIPECHINA
S31: Répondre aux emails de Robin | V31: ok.Done
S32: Chercher la doc technique sur les barrières SI MTL 5517 | W32: ok.Done
R33: 219124C001 | S33: (1h30)
S34: ARAMCO
S35: Edition du plan Motor Starter | V35: 24MDSC21912401 | X35: ok.Done
Q36: 0.16666667
A37: MERCREDI | B37: =SUM(B29+1) -> 45700 | C37: 218020C001 RA212635 RA202549 214365C001 RA172190 219124C001 | G37: 0.30208333 | H37: 0.52777778 | I37: 0.5625 | J37: 0.73333333 | M37: =(L37-K37) -> 0 | N37: =(H37-G37) -> 0.22569444 | O37: =(J37-I37) -> 0.17083333 | P37: =SUM(M37:O62) -> 0.39652778 | R37: 218020C001 | S37: (3h00)
S38: TCC
S39: Répondre à ATOS concernant la SIC et la ligne d'asséchage N2 | X39: In progress…
S40: Appelez Alsparslan pour parler de l'email de Airoldi | W40: ok.Done
S41: Mettre à jour la BOM E&H sur plan 24125 | V41: In progress… | W41: En attente retour de FP pour l'ECN CL1 sur le DBI 24028C21802001
S42: Répondre à l'email de Mr Airoldi sur l'encombrement du SVA | X42: ok.Done
S43: Préparer la trame client à envoyer à ATOS pour le HPU Noise | X43: ok.Done
R44: RA212635 | S44: (0h30)
S45: TAICHUNG
S46: Répondre à l'email d'Orla | U46: ok.Done
R47: RA202549 | S47: (0h30)
S48: GOLDEN PASS
S49: Répondre à l'email d'Orla | U49: ok.Done | V49: En attente retour de JCP
R50: 214365C001 | S50: (0h30)
S51: TR
S52: Répondre à l'email de Mr Ferro | V52: ok.Done
R53: RA172190 | S53: (1h00)
S54: WORLEY (HOEGH)
S55: Meeting avec JCP / MG / Worley
R56: 219124C001 | S56: (1h00)
S57: ARAMCO | T57: In progress…
S58: Maj à jour des DBIs suite à l'offre ALSYMEX:
T59: LCP - BERTH 17 | V59: 24134C219124011 | X59: In progress…
T60: LCP - BERTH 18 | V60: 24134C219124012 | X60: In progress…
Q62: 0.29166667
A63: JEUDI | B63: =SUM(B37+1) -> 45701 | C63: RA192437 LS TEC Meeting Specs DR16653 5S | G63: 0.36805556 | H63: 0.52083333 | I63: 0.56944444 | J63: 0.74444444 | M63: =(F73-E73)+(L73-K73) -> 0 | N63: =(H63-G63) -> 0.15277778 | O63: =(J63-I63) -> 0.175 | P63: =SUM(M63:O73) -> 0.32777778 | R63: RA192437 | S63: (1h00)
S64: PIPECHINA
S65: Meeting avec FP
S66: Meeting avec FP/JC/RN | U66: ok.Done
R67: LS TEC Meeting Q1 2025 | T67: (2h00)
S68: Meeting avec les BE LS | U68: ok.Done
R69: DR16653 | S69: (2h00)
S70: Lire la specs pour Sébastien Greffard | V70: ok.Done
R71: 5S | S71: (2h00)
S72: Faire la sauvegarde/trie des fichiers dans Teams /Automations/General
Q73: 0.29166667
A74: VENDREDI | B74: =SUM(B63+1) -> 45702 | C74: 217785C001 RC182278 219124C001 218020C001 216956C001 219254C001 | G74: 0.36180556 | H74: 0.51736111 | I74: 0.55902778 | J74: 0.67916667 | M74: =(F96-E96)+(L96-K96) -> 0 | N74: =(H74-G74) -> 0.15555556 | O74: =(J74-I74) -> 0.12013889 | P74: =SUM(M74:O96) -> 0.27569444 | R74: 217785C001 | S74: (0h30)
S75: PEROU LNG
S76: Faire le changement d'étiquette sur la radio | W76: ok.Done
S77: Envoyer la photo à Nathalie Facon | V77: ok.Done
R78: RC182278 | S78: (0h30)
S79: BRUNEI
S80: Meeting avec JCP/WKT pour parler de comment va se dérouler le projet | X80: ok.Done
R81: 219124C001 | S81: (1h00)
S82: ARAMCO | T82: ok.Done
S83: Maj à jour des DBIs suite à l'offre ALSYMEX:
T84: LCP - BERTH 17 | V84: 24134C219124011 | X84: ok.Done
T85: LCP - BERTH 18 | V85: 24134C219124012 | X85: ok.Done
R86: 218020C001 | S86: (1h00)
S87: TCC
S88: Mettre à jour la BOM E&H sur plan 24125 | V88: ok.Done | W88: En attente retour de FP pour l'ECN CL1 sur le DBI 24028C21802001
R89: 216956C001 | S89: (1h00)
S90: LYONDELL
S91: Conf call avec Alsymex (Arnaud DUC) | V91: ok.Done
S92: Editer la CRS pour le plan | V92: 2413412174001 Rev5 | X92: ok.Done
R93: 219254C001 | S93: (3h00)
S94: PADAH LNG
S95: Création des PNs manquant | U95: In progress…
Q96: 0.29166667
A97: SAMEDI | B97: =SUM(B74+1) -> 45703 | M97: =(F97-E97)+(L97-K97) -> 0 | N97: =(H97-G97)+(J97-I97) -> 0 | O97: =(H97-G97)+(J97-I97) -> 0 | P97: =SUM(M97:O98) -> 0
A98: DIMANCHE | B98: =SUM(B97+1) -> 45704
J100: TOTAL TRAVAILLE | M100: =SUM(M9+M29+M37+M63+M74+M97+M98) -> 0 | N100: =SUM(N9+N29+N37+N63+N74+N97+N98) -> 0.87708333 | O100: =SUM(O9+O29+O37+O63+O74+O97+O98) -> 0.63333333 | P100: =SUM(P9+P29+P37+P63+P74+P97+P98) -> 1.5104167
J101: POTENTIEL SEMAINE | N101: =SUM(Q9:Q98) -> 1.3333333
J102: TOTAL SEMAINE HS | N102: =SUM(P100-N101) -> 0.17708333 | T102: Absence le matin
J103: TOTAL PRECEDENT HS | N103: ='SEM6'!N117 -> 0.97916667 | T103: Absence l'après-midi
J104: NOUVEAU TOTAL HS | N104: =N102+N103 -> 1.15625 | T104: Absence toute la journée

Sheet SEM8
A4: Nom: | B4: BELIN brice
A5: semaine 8 | B5: du | C5: =SUM('SEM7'!B98+1) -> 45705 | D5: au | E5: =SUM(B146) -> 45711
E6: Route | F6: aller | G6: Client ou usine | I6: Client ou usine | K6: Route retour | M6: TOTAL | Q6: potentiel jour
A7: Jour | B7: Date | C7: Nom client ou usine | E7: Heure départ | F7: Heure arrivée | G7: Heure arrivée | H7: Heure départ | I7: Heure arrivée | J7: Heure départ | K7: Heure départ | L7: Heure arrivée | M7: Heure route | N7: Heure client | O7: Heure usine | P7: Général
A9: LUNDI | B9: =SUM(C5) -> 45705 | C9: 219254C001 219124C001 216482C001 | G9: 0.35763889 | H9: 0.52083333 | I9: 0.56944444 | J9: 0.7375 | M9: =(F9-E9) -> 0 | N9: =(H9-G9) -> 0.16319444 | O9: =(J9-I9) -> 0.16805556 | P9: =SUM(M9:O46) -> 0.33125 | R9: 219254C001 | S9: (2h00)
S10: PADAH LNG
S11: Création des PNs manquant | U11: ok.Done
S12: Edition du plan EOA | U12: 24EOAC21925401 | W12: In progress…
R13: 219124C001 | S13: (2h00)
S14: ARAMCO | T14: ok.Done
S15: Maj à jour des DBIs - Ajout de la radio et des ses accessoires:
T16: LCP - BERTH 17 | V16: 24134C219124011 | X16: ok.Done | Y16: Déjà inclut dans la BOM
T17: LCP - BERTH 18 | V17: 24134C219124012 | X17: ok.Done | Y17: Déjà inclut dans la BOM
T18: Faire le LF | U18: ok.Done
S19: Remplir la SDCL d'ACE | U19: ok.Done | V19: Envoyé à Laurent Roz,
R20: RC202549 | S20: (0h30)
S21: Golden Pass
S22: Meeting Orla/Sharad sur la mise à jour des docs qui sort du scope originel | Y22: ok.Done
R23: Points docs | S23: (1h00)
S24: Meeting points docs pour les projets ci-dessous: | W24: ok.Done
T25: 219124C001 | U25: ARAMCO | V25: Faire le LF | Z25: ok.Done
T26: 219254C001 | U26: PADAH | V26: Quels plans en priorité? | Z26: In progress…
X27: Spec | Y27: (1j) | AA27: Editeur: BB
X28: hydrauliq | Y28: ATTENTION AU SVA | AA28: Editeur: JCP
X29: interco | AA29: Editeur: WKT
X30: CS Archi | AA30: Editeur: WKT | AB30: A VALIDER
X31: Motor Starter | AA31: Editeur: BB | AB31: Scope client
X32: EOA | AA32: Editeur: BB | AB32: in progress…
T33: 218020C001 | U33: TCC | V33: Validation de l'HPU & ERS pour lancer la fabrication chez ATOS | AA33: ok.Done
V34: HPU | W34: ok
V35: ERS | W35: ok | X35: En attente retour d'ATOS en Rev 1
T36: 219370C001 | U36: GOLDEN PASS
V37: Voir avec françois pour que l'Inde la documentation
R38: 214365C001 | S38: (1h00)
S39: TR
S40: Envoyez email à ATOS pour les docs ci-dessous: | W40: ok.Done
T41: Instrument Data Sheet | V41: LS_IDSC21436501 | X41: In progress… | Y41: En attente retour d'ATOS
T42: HPU Noise Data Sheet | V42: LS_NDSC21436501 | X42: In progress… | Y42: En attente retour d'ATOS
R43: 216482C001 | S43: (1h00)
S44: ARAMCO
S45: Faire email à Alsymex | U45: ok.Done
Q46: 0.29166667
A47: MARDI | B47: =SUM(B9+1) -> 45706 | C47: 219254C001 214365C001 216482C001 216956C001 | G47: 0.32638889 | H47: 0.52083333 | I47: 0.55208333 | J47: 0.74027778 | M47: =(F47-E47) -> 0 | N47: =(H47-G47) -> 0.19444444 | O47: =(J47-I47) -> 0.18819444 | P47: =SUM(M47:O77) -> 0.38263889 | R47: 219124C001 | S47: (5h00)
S48: PADAH LNG
T49: Faire le doc ci-dessous:
U50: Spec Elec & Hydrau | W50: In progress…
U51: EOA | V51: 24EOAC21925401 | X51: ok.Done
T52: Préparer les PNs pour chaque BJs + les plans de specs | X52: In progress…
R53: 214365C001 | S53: (2h00)
S54: TR
S55: Mettre en PDF le doc:
T56: Instrument Data Sheet | V56: LS_IDSC21436501 | X56: Rev 3 | Y56: ok.Done | Z56: En attente retour d'ATOS suite commentaires TEN
R57: 216482C001
S58: ARAMCO
S59: Envoyez les plans ci-dessous au Doc Ctrl: | Y59: In progress…
R70: 216956C001 | S70: (0h30)
S71: LYONDELL
S72: Reception du plan :
T73: LCP | U73: 2413412174001 | V73: Rev6 | W73: ok.Done
T74: CRS sur LCP | U74: ok.Done
S75: Mettre le plan + CRS sur ARAS | U75: ok.Done | V75: (ECN nr: | W75: 1020154)
Q77: 0.29166667
A78: MERCREDI | B78: =SUM(B47+1) -> 45707 | C78: 216482C001 | G78: 0.31944444 | H78: 0.48472222 | I78: 0.55208333 | J78: 0.73472222 | M78: =(F78-E78) -> 0 | N78: =(H78-G78) -> 0.16527778 | O78: =(J78-I78) -> 0.18263889 | P78: =SUM(M78:O100) -> 0.34791667 | R78: 216482C001 | S78: (1h30)
S79: ARAMCO
S80: Envoyez les plans ci-dessous au Doc Ctrl:
S91: En attente du CD fin d'affaire d'ACE | V91: ok.Done
S92: Mettre les plans élec sur ARAS | V92: ok.Done
R93: 219254C001 | S93: (6h00)
S94: PADAH LNG
S95: Faire le doc ci-dessous:
T96: Spec Elec & Hydrau | V96: In progress…
T97: EOA | U97: 24EOAC21925401 | W97: ok.Done
S98: Préparer les PNs pour chaque BJs + les plans de specs | W98: ok.Done
S99: Vérification de l'architecture CS | W99: ok.Done
Q100: 0.29166667
A101: JEUDI | B101: =SUM(B78+1) -> 45708 | C101: 214936C001 216482C001 RA192454 219254C001 | G101: 0.36597222 | H101: 0.52083333 | I101: 0.57291667 | J101: 0.71875 | M101: =(F101-E101) -> 0 | N101: =(H101-G101) -> 0.15486111 | O101: =(J101-I101) -> 0.14583333 | P101: =SUM(M101:O128) -> 0.30069444 | R101: 214936C001 | S101: (0h30)
S102: WISON / | T102: CORAL NORTH
S103: Récupérer les 2 cartes HIMA au magasin | V103: (voir Lamiot-Thierry) | X103: ok.Done
R104: 216482C001 | S104: (0h30)
S105: ARAMCO
S106: En attente du fichier PDF QUALITE de la part d'ACE | W106: ok.Done
R107: RA192454 | S107: (1h00)
S108: TORTUE
S109: Vérifiez dans le prog PLC le paramétrage des débitmètre d'asséchage AZOTE | Y109: ok.Done
S110: Vérifiez la plage de réglage dans prog PLC HIMA | Y110: In progress…
R111: 214365C001 | S111: (3h00)
S112: TR
S113: Répondre à l'émail d'ATOS (Mr AIROLDI) | V113: ok.Done
S114: Mettre à jour les plans/docs ci-dessous:
T115: HTD | U115: LS_HTDC21436501 | W115: ok.Done
T116: CND | U116: LS_CNDC21436501 | W116: ok.Done
T117: ECD | U117: 24ECDC21436502 | W117: ok.Done
R118: 219254C001 | S118: (1h00)
S119: PADAH LNG
S120: Vérification & validations des plnas ci-dessous:
T121: Wael
U122: CSA | V122: 24CSAC21925401 | X122: ok.Done | Y122: Faire la maj suite commentaires
U123: EID | V123: 24EIDC21925401 | X123: ok.Done | Y123: Faire la maj suite commentaires
T124: Brice
U125: EOA | V125: 24EOAC21925401 | X125: ok.Done | Y125: Faire la maj suite commentaires
...

Sheet SEM9
A4: Nom: | B4: BELIN brice
A5: semaine 9 | B5: du | C5: =SUM('SEM8'!B146+1) -> 45712 | D5: au | E5: =SUM(B100) -> 45718
E6: Route | F6: aller | G6: Client ou usine | I6: Client ou usine | K6: Route retour | M6: TOTAL | Q6: potentiel jour
A7: Jour | B7: Date | C7: Nom client ou usine | E7: Heure départ | F7: Heure arrivée | G7: Heure arrivée | H7: Heure départ | I7: Heure arrivée | J7: Heure départ | K7: Heure départ | L7: Heure arrivée | M7: Heure route | N7: Heure client | O7: Heure usine | P7: Général
A9: LUNDI | B9: =SUM(C5) -> 45712 | C9: 214365C001 219254C001 RA192454 | G9: 0.34236111 | H9: 0.52083333 | I9: 0.56944444 | J9: 0.73680556 | M9: =(F25-E25)+(L25-K25) -> 0 | N9: =(H9-G9) -> 0.17847222 | O9: =(J9-I9) -> 0.16736111 | P9: =SUM(M9:O25) -> 0.34583333 | R9: 214365C001 | S9: (1h00)
S10: TR
S11: Ajouter les signature sur le document ci-dessous:
T12: CND | U12: LS_CNDC21436501 | W12: ECN nr: | X12: 1020213 | Y12: ok.Done
R13: 219254C001 | S13: (4h00)
S14: PADAH LNG
S15: Maj des plans ci-dessous:
T16: EOA | U16: 24EOAC21925401 | W16: In progress… | X16: Prévoir les PMAFLEX pour tous les câbles
T17: Spec Elec & Hydrau | W17: In progress… | X17: Généré les PDF excel Elec & hydrau | AA17: En attente validation JCP
R18: RA192454 | S18: (0h30)
S19: TORTUE
S20: Vérifier si condition PERC ARMED dans la logic Rev7 pour le "FLOW OUTLET" | Y20: ok.Done
T21: Mettre à jour la logique avec le nouvelle condition + baisser les seuils des flow inlet à 175-150l/min
R22: 219453C001 | S22: (1h00)
S23: COIGN
S24: Faire le check avec Wael sur les DBIs + la feuille de lancement | X24: ok.Done
Q25: 0.29166667
A26: MARDI | B26: =SUM(B9+1) -> 45713 | C26: 219254C001 218020C001 216956C001 216696C001 RA172190 | G26: 0.34583333 | H26: 0.52430556 | I26: 0.5625 | J26: 0.71180556 | M26: =(F54-E54)+(L54-K54) -> 0 | N26: =(H26-G26) -> 0.17847222 | O26: =(J26-I26) -> 0.14930556 | P26: =SUM(M26:O54) -> 0.32777778 | R26: 219254C001 | S26: (5h00)
S27: PADAH LNG
S28: Maj des plans ci-dessous:
T29: EOA | U29: 24EOAC21925401 | W29: ok.Done | X29: Prévoir les PMAFLEX pour tous les câbles
T30: Spec Elec & Hydrau | W30: ok.Done | X30: Envoyer les excel à Laurent Rozier
T31: UCL | U31: LS_UCLC21925401 | W31: ok.Done | X31: A faire valider par Jean Claude
R32: 218020C001
S33: TCC
S34: Opérating envelopp mise à jour
S35: Vérifiez les paramètres CPMS+ | V35: In progress…
R36: 216956C001 | S36: (0h30)
S37: LYONDELL
S38: Maj du plan:
T39: LCP | U39: 2413412174001 | W39: ok.Done
R40: 216696C001 | S40: (0h30)
S41: QCLNG
S42: Répondre à l'émail d'Adrien (ALSYMEX) | V42: ok.Done
S43: Demander à JCP la confirmation de ne pas envoyer les infos ST80 LEFT & RIGHT dans la SDE
S44: Pourquoi avoir séparé les 2 Evs LEFT & RIGHT (dans BJ non safety & BJ Safety)
R45: RA172190
S46: HOEGH
S47: Mettre à jour les docs ci-dessous:
T48: E&H on dock | U48: 2412517219001 | W48: In progress…
T49: Interco | U49: 2403117219001 | W49: In progress…
R50: RA192437 | S50: (1h00)
S51: PIPECHINA
S52: Faire email avec procédure & envoyer pour validation à Orla | X52: ok.Done
Q54: 0.29166667
A55: MERCREDI | B55: =SUM(B26+1) -> 45714 | C55: 216696C001 RA172190 214365C001 219124C001 RA192437 214017C001 | G55: 0.31041667 | H55: 0.5 | I55: 0.5625 | J55: 0.75416667 | M55: =(F92-E92)+(L92-K92) -> 0 | N55: =(H55-G55) -> 0.18958333 | O55: =(J55-I55) -> 0.19166667 | P55: =SUM(M55:O92) -> 0.38125 | R55: 216696C001 | S55: (0h30)
S56: QCLNG
S57: Demander à JCP la confirmation de ne pas envoyer les infos ST80 LEFT & RIGHT dans la SDE | Z57: In progress…
S58: Pourquoi avoir séparé les 2 Evs LEFT & RIGHT (dans BJ non safety & BJ Safety) | Y58: In progress…
S59: Répondre à l'email d'Adrien après le retour de JCP | W59: In progress…
R60: RA172190
S61: HOEGH
S62: Mettre à jour les docs ci-dessous:
T63: E&H on dock | U63: 2412517219001 | W63: In progress…
T64: Interco | U64: 2403117219001 | W64: In progress…
R65: 218020C001 | S65: (1h00)
S66: TCC
S67: Opérating envelopp mise à jour
S68: Vérifiez les paramètres CPMS+ | V68: ok.Done | W68: En attente des valeurs Q & R de Lamarle (Proposal)
R69: 214365C001 | S69: (0h30)
S70: TR
S71: Mettre le plan à jour:
T72: HTD | U72: LS_HTDC21436501 | W72: ok.Done
S73: A SUPPR. | T73: CND | U73: LS_CNDC21436501 | W73: ok.Done
R74: 219124C001 | S74: (0h30)
S75: ARAMCO
S76: Préparation de la spec hydau pour ACE:
T77: LS_PSHC21912401 | V77: ok.Done | W77: Envoyé à Laurent Rozier
R78: RA192437 | S78: (1h00)
S79: PIPECHINA
S80: Meeting avec Client / Orla/Alparslan / Kairung | W80: ok.Done
R81: 216482C001 | S81: (0h30)
S82: ARAMCO
S83: Faire le point sur les plans envyés par ACE et les mettre dans ARAS
S84: Mettre à jour dans ARAS:
T85: SVA B16 | U85: 24133C21648201 | W85: ok.Done
T86: SVA B15 | U86: 24133C21648202 | W86: ok.Done
R87: 214017C001
S88: TOTAL
S89: Mettre à jour le plan:
T90: PID | U90: 24PIDC21401701
T91: Garder la codif FR-HAV-011-TECE-00500
Q92: 0.29166667
A93: JEUDI | B93: =SUM(B55+1) -> 45715 | C93: RTT | G93: 0 | H93: 0 | I93: 0 | J93: 0 | M93: =(F95-E95)+(L95-K95) -> 0 | N93: =(H93-G93) -> 0 | O93: =(J93-I93) -> 0 | P93: =SUM(M93:O95) -> 0
Q95: 0
A96: VENDREDI | B96: =SUM(B93+1) -> 45716 | C96: RTT | G96: 0 | H96: 0 | I96: 0 | J96: 0 | M96: =(F98-E98)+(L98-K98) -> 0 | N96: =(H96-G96) -> 0 | O96: =(J96-I96) -> 0 | P96: =SUM(M96:O98) -> 0
Q98: 0
A99: SAMEDI | B99: =SUM(B96+1) -> 45717 | M99: =(F99-E99)+(L99-K99) -> 0 | N99: =(H99-G99)+(J99-I99) -> 0 | O99: =(H99-G99)+(J99-I99) -> 0 | P99: =SUM(M99:O100) -> 0
A100: DIMANCHE | B100: =SUM(B99+1) -> 45718
J102: TOTAL TRAVAILLE | M102: =SUM(M9+M26+M55+M93+M96+M99+M100) -> 0 | N102: =SUM(N9+N26+N55+N93+N96+N99+N100) -> 0.54652778 | O102: =SUM(O9+O26+O55+O93+O96+O99+O100) -> 0.50833333 | P102: =SUM(P9+P26+P55+P93+P96+P99+P100) -> 1.0548611
J103: POTENTIEL SEMAINE | N103: =SUM(Q9:Q100) -> 0.875
J104: TOTAL SEMAINE HS | N104: =SUM(P102-N103) -> 0.17986111
J105: TOTAL PRECEDENT HS | N105: ='SEM8'!N152 -> 1.30625
J106: NOUVEAU TOTAL HS | N106: =N104+N105 -> 1.4861111

Sheet SEM10
A4: Nom: | B4: BELIN brice
A5: semaine 10 | B5: du | C5: =SUM('SEM9'!B100+1) -> 45719 | D5: au | E5: =SUM(B90) -> 45725
E6: Route | F6: aller | G6: Client ou usine | I6: Client ou usine | K6: Route retour | M6: TOTAL | Q6: potentiel jour
A7: Jour | B7: Date | C7: Nom client ou usine | E7: Heure départ | F7: Heure arrivée | G7: Heure arrivée | H7: Heure départ | I7: Heure arrivée | J7: Heure départ | K7: Heure départ | L7: Heure arrivée | M7: Heure route | N7: Heure client | O7: Heure usine | P7: Général
A9: LUNDI | B9: =SUM(C5) -> 45719 | C9: CONDUCTIX 219124C001 216956C001 219254C001 | E9: 0 | F9: 0 | G9: 0.35833333 | H9: 0.52083333 | I9: 0.5625 | J9: 0.71875 | K9: 0 | L9: 0 | M9: =(F9-E9)+(L9-K9) -> 0 | N9: =(H9-G9) -> 0.1625 | O9: =(J9-I9) -> 0.15625 | P9: =SUM(M9:O25) -> 0.31875 | R9: Conductix | S9: (1h00)
S10: Chercher la doc des "STATUS" pour Anthony | W10: ok.Done
S11: Envoie d'un email à CONDUCTIX (Mr Aymes) | W11: ok.Done | X11: En attente du retour
R12: 219124C001 | S12: (1h30)
S13: ARAMCO
S14: Envoyé la lste docuùmentaire à ALSYMEX | W14: ok.Done
S15: Envoyé le CDC à Laurent Rozier | V15: ok.Done
R16: 216956C001 | S16: (0h30)
S17: LYONDELLBASE
S18: CD de fin d'affaire envoyé par ACE | V18: ok.Done
S19: Le mettre dans le dossier projet | V19: ok.Done
R20: 219254C001 | S20: (4h00)
S21: PADAH LNG
S22: Maj des DBIs ci-dessous:
T23: PC CPMS | W23: In progress…
T24: Deskop prog | W24: In progress…
Q25: 0.29166667
A26: MARDI | B26: =SUM(B9+1) -> 45720 | C26: RC182278 214365C001 RA192437 Software Spare Parts | E26: 0 | F26: 0 | G26: 0.33472222 | H26: 0.52083333 | I26: 0.55208333 | J26: 0.70833333 | K26: 0 | L26: 0 | M26: =(F26-E26)+(L26-K26) -> 0 | N26: =(H26-G26) -> 0.18611111 | O26: =(J26-I26) -> 0.15625 | P26: =SUM(M26:O45) -> 0.34236111 | R26: RC182278
S27: BRUNEI
S28: Valider le plan24HMI par JCP avant envoi au DC | W28: In progress…
R29: 214365C001 | S29: (2h00)
S30: TR
S31: Maj des plans ci-dessous:
T32: Motor Data Sheet | V32: LS_MDSC21436501 | X32: ok.Done
T33: Software Data Exchange | V33: LS_SDEC21436501 | X33: In progress…
R34: RA192437 | S34: (1h30)
S35: PIPECHINA
S36: Meeting avec JCP | U36: ok.Done
S37: Editer nouvelle procédure | U37: ok.Done
S38: Faire valider par JCP | U38: In progress…
R39: Software | S39: (1h00)
S40: Téléchargement de TIA PORTAL V20 | V40: ok.Done
S41: Vérifiez si clé TIA PORTAL V20 dans EKB Free Siemens License | X41: In progress…
R42: Spare Parts | S42: (0h30)
S43: Codification de la référence CAVOTEC ci-dessous:
T44: Chargeur de batterie | V44: réf: | W44: M5-1080-3624 | X44: 24899CAV0084 | Z44: ECN nr: | AA44: 1020431 | AB44: In progress… | AC44: En attente validation JCP
Q45: 0.29166667
A46: MERCREDI | B46: =SUM(B26+1) -> 45721 | C46: Spare parts 214365C001 219254C001 | E46: 0 | F46: 0 | G46: 0.30625 | H46: 0.52083333 | I46: 0.5625 | J46: 0.71041667 | K46: 0 | L46: 0 | M46: =(F46-E46)+(L46-K46) -> 0 | N46: =(H46-G46) -> 0.21458333 | O46: =(J46-I46) -> 0.14791667 | P46: =SUM(M46:O64) -> 0.3625 | R46: Spare Parts | S46: (0h30)
S47: Codification de la référence CAVOTEC ci-dessous:
T48: Chargeur de batterie | V48: réf: | W48: M5-1080-3624 | X48: 24899CAV0084 | Z48: ECN nr: | AA48: 1020431 | AB48: ok.Done
S49: Envoyer email à Anais | U49: ok.Done
R50: 214365C001 | S50: (2h00)
S51: TR
S52: Envoyer un email à Volkan pour savoir si acceptation du VOR par client | X52: ok.Done
S53: Maj des plans ci-dessous:
T54: Motor Data Sheet | V54: LS_MDSC21436501 | X54: ok.Done
T55: Software Data Exchange | V55: LS_SDEC21436501 | X55: ok.Done
R56: Software | S56: (1h00)
S57: Vérifiez si clé TIA PORTAL V20 dans EKB Free Siemens License | X57: ok.Done
S58: Télécharger la dernière versin EKB_Install_2024 11 12 | X58: ok.Done
R59: 219254C001 | S59: (4h00)
S60: PADAH LNG
S61: Edition du doc ci-dessous:
T62: CND | U62: LS_CNDC21925401 | W62: ok.Done
S63: Répondre à la SDCL d'Alsymex | V63: ok.Done
Q64: 0.29166667
A65: JEUDI | B65: =SUM(B46+1) -> 45722 | C65: CONDUCTIX 219254C001 Software | E65: 0 | F65: 0 | G65: 0.37291667 | H65: 0.5 | I65: 0.54166667 | J65: 0.72916667 | K65: 0 | L65: 0 | M65: =(F65-E65)+(L65-K65) -> 0 | N65: =(H65-G65) -> 0.12708333 | O65: =(J65-I65) -> 0.1875 | P65: =SUM(M65:O79) -> 0.31458333 | R65: CONDUCTIX | S65: (2h30)
S66: Faire le point sur la codification matériel suite offre ALSYMEX | X66: ok.Done
S67: Meeting avec JCP pour validation équivalence Face T (de CAVOTEC) | X67: ok.Done
R68: 219254C001 | S68: (3h30)
S69: PADAH LNG
T70: Valider avec JCP, les docs ci-dessous:
U71: EOA | V71: 24EOAC21925401 | X71: ok.Done | Y71: A mettre à jour
U72: DSCL CORAIL | X72: ok.Done
U73: CND | V73: LS_CNDC21925401 | X73: In progress…
T74: Maj du doc:
U75: IOL | V75: LS_IOLC21925401 | X75: ok.Done
R76: Software | S76: (1h00)
S77: Création de l'image avec TIA PORTAL V20 | W77: In progress…
S78: Activer TIA PORTAL V20 avec licence EKB | W78: In progress…
Q79: 0.29166667
A80: VENDREDI | B80: =SUM(B65+1) -> 45723 | C80: 219254C001 | E80: 0 | F80: 0 | G80: 0.3625 | H80: 0.52083333 | I80: 0.54166667 | J80: 0.65833333 | K80: 0 | L80: 0 | M80: =(F80-E80)+(L80-K80) -> 0 | N80: =(H80-G80) -> 0.15833333 | O80: =(J80-I80) -> 0.11666667 | P80: =SUM(M80:O88) -> 0.275 | R80: 219254C001 | S80: (7h00)
S81: PADAH LNG
T82: Maj des docs ci-dessous:
U83: EOA | V83: 24EOAC21925401 | X83: In progress… | Y83: A mettre à jour
U84: CND | V84: LS_CNDC21925401 | X84: In progress… | Y84: En attente de validation de JCP
U85: EID | V85: 24EIDC21925401 | X85: ok.Done | Y85: A envoyer à Laurent Rozier
S86: Faire le LPH | T86: ok.Done | U86: A faire avec Wael
S87: Envoyer la SDCL ACTEMIUM à Laurent Rozier | W87: ok.Done
Q88: 0.29166667
A89: SAMEDI | B89: =SUM(B80+1) -> 45724 | M89: =(F89-E89)+(L89-K89) -> 0 | N89: =(H89-G89)+(J89-I89) -> 0 | O89: =(H89-G89)+(J89-I89) -> 0 | P89: =SUM(M89:O90) -> 0
A90: DIMANCHE | B90: =SUM(B89+1) -> 45725
J92: TOTAL TRAVAILLE | M92: =SUM(M9+M26+M46+M65+M80+M89+M90) -> 0 | N92: =SUM(N9+N26+N46+N65+N80+N89+N90) -> 0.84861111 | O92: =SUM(O9+O26+O46+O65+O80+O89+O90) -> 0.76458333 | P92: =SUM(P9+P26+P46+P65+P80+P89+P90) -> 1.6131944
J93: POTENTIEL SEMAINE | N93: =SUM(Q9:Q90) -> 1.4583333
J94: TOTAL SEMAINE HS | N94: =SUM(P92-N93) -> 0.15486111
J95: TOTAL PRECEDENT HS | N95: ='SEM9'!N106 -> 1.4861111
J96: NOUVEAU TOTAL HS | N96: =N94+N95 -> 1.6409722

Sheet SEM11
A4: Nom: | B4: BELIN brice
A5: semaine 11 | B5: du | C5: =SUM('SEM10'!B90+1) -> 45726 | D5: au | E5: =SUM(B117) -> 45732
E6: Route | F6: aller | G6: Client ou usine | I6: Client ou usine | K6: Route retour | M6: TOTAL | Q6: potentiel jour
A7: Jour | B7: Date | C7: Nom client ou usine | E7: Heure départ | F7: Heure arrivée | G7: Heure arrivée | H7: Heure départ | I7: Heure arrivée | J7: Heure départ | K7: Heure départ | L7: Heure arrivée | M7: Heure route | N7: Heure client | O7: Heure usine | P7: Général
A9: LUNDI | B9: =SUM(C5) -> 45726 | C9: 218020C001 219254C001 CONDUCTIX 216696C001 RA212678 Services | G9: 0.36041667 | H9: 0.52083333 | I9: 0.5625 | J9: 0.72708333 | M9: =(F9-E9)+(L9-K9) -> 0 | N9: =(H9-G9) -> 0.16041667 | O9: =(J9-I9) -> 0.16458333 | P9: =SUM(M9:O29) -> 0.325 | R9: 21820C001 | S9: (0h30)
S10: Conf call avec JCP pour répondre à l'email d'ATOS | W10: ok.Done
R11: 219254C001 | S11: (3h30)
S12: PADAH LNG
T13: Maj des docs ci-dessous:
U14: EOA | V14: 24EOAC21925401 | X14: In progress… | Y14: A mettre à jour
U15: CND | V15: LS_CNDC21925401 | X15: ok.Done | Y15: En attente de validation de JCP
U16: EID | V16: 24EIDC21925401 | X16: ok.Done | Y16: Maj des désignations câbles pge 05/05
R17: CONDUCTIX | S17: (1h30)
S18: Meeting avec Conductix / JCP | V18: ok.Done
S19: Validation des PNs materiels pour ARAS | W19: In progress… | X19: En attente de validation de JCP
S20: Faire la modification de la Face avant T | W20: In progress…
R21: 216696C001 | S21: (0h30)
S22: QCLNG
S23: Répondre à Adrien (ASLYMEX) | V23: ok.Done
R24: RA212678 | S24: (1h00)
S25: ITHK
S26: Envoyer email à Siemens pour problème de certificat sur PC CPMS | X26: ok.Done
R27: Support to Services | T27: (1h00)
S28: Faire la procédure pour connaitre la version de Windows & l'état de la licence | Y28: ok.Done
Q29: 0.29166667
A30: MARDI | B30: =SUM(B9+1) -> 45727 | C30: CONDUCTIX RA212635 219254C001 | G30: 0.32430556 | H30: 0.52083333 | I30: 0.55208333 | J30: 0.74375 | M30: =(F30-E30)+(L30-K30) -> 0 | N30: =(H30-G30) -> 0.19652778 | O30: =(J30-I30) -> 0.19166667 | P30: =SUM(M30:O50) -> 0.38819444 | R30: CONDUCTIX | S30: (4h00)
S31: Validation des PNs materiels pour ARAS | W31: In progress… | X31: En attente de validation de JCP
S32: Faire la modification de la Face avant T | W32: In progress…
R33: RA212635 | S33: (1h00)
S34: MRY
S35: Faire email à Anthony / Camille | V35: ok.Done
R36: 219254C001 | S36: (1h00)
S37: PADAH LNG
S38: Mettre les plans ci-dessous sur ARAS
S39: HCD | T39: 24HCDC21925401 | V39: Rev 0 | W39: ok.Done | X39: ECN nr | Y39: 1020584
S40: EID | T40: 24EIDC21925401 | V40: Rev 1 | W40: ok.Done
S41: CND | T41: LS_CNDC21925401 | V41: Rev 0 | W41: ok.Done
S42: IOL | T42: LS_IOLC21925401 | V42: Rev 0 | W42: ok.Done
R43: 219124C001 | S43: (1h00)
S44: ARAMCO
S45: Mettre les plans ci-dessous sur ARAS
S46: HCD | T46: 24HCDC21912401 & 02 | V46: Rev 0 | W46: ok.Done | X46: ECN nr | Y46: 1020594
S47: EID | T47: 24EIDC21912401 & 02 | V47: Rev 1 | W47: ok.Done
S48: IOL | T48: LS_IOLC21912401 & 02 | V48: Rev 0 | W48: ok.Done
Q50: 0.29166667
A51: MERCREDI | B51: =SUM(B30+1) -> 45728 | C51: 214365C001 RA212678 REX ACE 214017C001 219254C001 | G51: 0.32361111 | H51: 0.52083333 | I51: 0.5625 | J51: 0.73680556 | M51: =(F51-E51)+(L51-K51) -> 0 | N51: =(H51-G51) -> 0.19722222 | O51: =(J51-I51) -> 0.17430556 | P51: =SUM(M51:O73) -> 0.37152778 | R51: 214365C001 | S51: (1h30)
S52: TR
S53: Vérifiez que les docs ci-dessous sont bien dans ARAS:
S54: HPU Noise | T54: LS_NDSC21436501 | W54: ok.Done | X54: En attente de validation DC
S55: Instrument DS | T55: LS_IDSC21436501 | W55: ok.Done | X55: En attente de validation DC
R56: CONDUCTIX | S56: (1h00)
S57: Validation des PNs materiels pour ARAS | W57: In progress… | X57: En attente de validation de JCP
S58: Faire la modification de la Face avant T | W58: ok.Done
R59: RA212678 | S59: (0h30)
S60: ITHK
S61: Répondre à l'email d'Olivier Diana | W61: ok.Done
S62: Renvoyer les infos à Ouadie (ACTEMIUM) | W62: ok.Done
R63: REX ACE | S63: (2h00)
S64: Meeting REX avec ACE | U64: ok.Done
R65: 214017C001 | S65: (2h00)
S66: TOTAL
S67: Mia du document ci-dessous:
T68: PID | U68: 24PIDC21401401 | W68: ok.Done
R69: 219254C001 | S69: (2h00)
S70: PADAH LNH
T71: Maj des docs ci-dessous:
U72: EOA | V72: 24EOAC21925401 | X72: In progress… | Y72: A mettre à jour
Q73: 0.29166667
A74: JEUDI | B74: =SUM(B51+1) -> 45729 | C74: CONDUCTIX 219254C001 Incoming CONDUCTIX 214365C001 | G74: 0.36666667 | H74: 0.52083333 | I74: 0.56944444 | J74: 0.75972222 | M74: =(F74-E74)+(L74-K74) -> 0 | N74: =(H74-G74) -> 0.15416667 | O74: =(J74-I74) -> 0.19027778 | P74: =SUM(M74:O90) -> 0.34444444 | R74: CONDUCTIX | S74: (2h00)
S75: Validation des PNs materiels pour ARAS | W75: In progress… | X75: En attente de validation de JCP
S76: Validation des modifications Face T | W76: ok.Done
R77: 219254C001 | S77: (3h00)
S78: PADAH LNG
T79: Maj des docs ci-dessous:
U80: EOA | V80: 24EOAC21925401 | X80: ok.Done | Y80: A mettre à jour
U81: CND | V81: LS_CND21925401 | X81: ok.Done | Y81: A mettre à jour - manque les logos
U82: PID | V82: 24PIDC21925401 | X82: In progress…
R83: Incoming Inspec. | S83: (0h30)
S84: Adnane
S85: Faire email à ACE pour confirmation de référence + certificat de tarage | X85: ok.Done
R86: 214365C001 | S86: (1h30)
S87: TR
T88: maj du document ci-dessous
U89: IDS | V89: LS_IDSC21436501 | X89: ok.Done | Y89: A passer en AFC
Q90: 0.29166667
A91: VENDREDI | B91: =SUM(B74+1) -> 45730 | C91: CONDUCTIX 219254C001 219124C001 | G91: 0.36180556 | H91: 0.52083333 | I91: 0.54166667 | J91: 0.65902778 | M91: =(F91-E91)+(L91-K91) -> 0 | N91: =(H91-G91) -> 0.15902778 | O91: =(J91-I91) -> 0.11736111 | P91: =SUM(M91:O115) -> 0.27638889 | R91: CONDUCTIX | S91: (2h00)
S92: Validation des PNs materiels pour ARAS | W92: In progress… | X92: En attente de validation de JCP
S93: Validation de la Face T | U93: In progress…
R94: 219254C001 | S94: (1h00)
S95: PADAH LNH
T96: Maj des docs ci-dessous:
U97: PID | V97: 24PIDC21925401 | X97: In progress…
U98: EOA | V98: 24EOAC21925401 | X98: ok.Done | Y98: En attente retour PMAFLEX
T99: Codifier les PE PMAFLEX ci-dessous:
U100: PE NW10 / M16 P1-L | V100: ref: | W100: NENZ0203S/P2-L | X100: In progress… | Y100: DBI nr: | Z100: 248991600715
U101: PE NW10 / M16 P2-L | V101: ref: | W101: NENZ0203S/P1-L | X101: ok.Done | Y101: DBI nr: | Z101: 248991600667
R102: 219124C001 | S102: (3h00)
S103: ARAMCO
T104: Maj des docs ci-dessous:
U105: HCD - B17 | V105: 24HCDC21912401 | X105: ok.Done | Y105: Utiliser page garde TEN avec PO
...

Sheet SEM12
A4: Nom: | B4: BELIN brice
A5: semaine 12 | B5: du | C5: =SUM('SEM11'!B117+1) -> 45733 | D5: au | E5: =SUM(B114) -> 45739
E6: Route | F6: aller | G6: Client ou usine | I6: Client ou usine | K6: Route retour | M6: TOTAL | Q6: potentiel jour
A7: Jour | B7: Date | C7: Nom client ou usine | E7: Heure départ | F7: Heure arrivée | G7: Heure arrivée | H7: Heure départ | I7: Heure arrivée | J7: Heure départ | K7: Heure départ | L7: Heure arrivée | M7: Heure route | N7: Heure client | O7: Heure usine | P7: Général
A9: LUNDI | B9: =SUM(C5) -> 45733 | C9: CAVOTEC 219254C001 CONDUCTIX IQ | G9: 0.36041667 | H9: 0.52083333 | I9: 0.56944444 | J9: 0.72916667 | M9: =(F9-E9)+(L9-K9) -> 0 | N9: =(H9-G9) -> 0.16041667 | O9: =(J9-I9) -> 0.15972222 | P9: =SUM(M9:O24) -> 0.32013889 | R9: CAVOTEC | S9: (1h30)
S10: Ajouter les nouveaux Ids dans la BDD | V10: ok.Done
R11: 219254C001 | S11: (5h00)
S12: PADAH LNH
T13: Codifier les PE PMAFLEX ci-dessous:
U14: PE NW10 / M16 P1-L | V14: ref: | W14: NENZ0203S/P2-L | X14: ok.Done | Y14: DBI nr: | Z14: 248991600715
U15: PE NW10 / M16 P2-L | V15: ref: | W15: NENZ0203S/P1-L | X15: ok.Done | Y15: DBI nr: | Z15: 248991600667
S16: Mettre à jour le plan EOA | U16: ok.Done
S17: Mettre à jour le plan PID | U17: ok.Done
R19: CONDUCTIX | S19: (0h30)
S20: Demander à remettre le commutateur du coupleur sur la droite avec un emplacement vide | Y20: ok.Done
R21: IQ | S21: (0h30)
S22: Règles de formalisme
T23: 1ère réunion pour parler des besoins | V23: ok.Done
Q24: 0.29166667
A25: MARDI | B25: =SUM(B9+1) -> 45734 | C25: RA222755 REX 219254C001 RA192437 | G25: 0.33333333 | H25: 0.52083333 | I25: 0.55208333 | J25: 0.72847222 | M25: =(F25-E25)+(L25-K25) -> 0 | N25: =(H25-G25) -> 0.1875 | O25: =(J25-I25) -> 0.17638889 | P25: =SUM(M25:O40) -> 0.36388889 | R25: RA222755 | S25: (1h00)
S26: JIANGSU
S27: Relancer ATOS pour le doc 24HCC | V27: ok.Done
R28: REX | S28: (2h30)
S29: ALSYMEX | T29: ok.Done
R30: 219254C001 | S30: (2h30)
S31: PADAH LNG
S32: Répondre à l'email d'ALSYMEX avec les moins values | V32: ok.Done
S33: Maj du plan 24PIDC21925401 | V33: ok.Done
T34: Répondre aux sstr:
U35: ACE (SDCL) | V35: LS_PSHC21925401-H-ACE | X35: In progress…
U36: ATOS (SDCL) | V36: LS_PSHC21925401-H-ATOS | X36: In progress…
R37: RA192437 | S37: (0h30)
S38: PIPECHINA_CNOOC
S39: Voir la vidéo du client pour le capteur de sélection du bras | W39: ok.Done
Q40: 0.29166667
A41: MERCREDI | B41: =SUM(B25+1) -> 45735 | C41: 219254C001 218020C001 214936C001 219124C001 | G41: 0.31944444 | H41: 0.52083333 | I41: 0.5625 | J41: 0.76388889 | M41: =(F41-E41)+(L41-K41) -> 0 | N41: =(H41-G41) -> 0.20138889 | O41: =(J41-I41) -> 0.20138889 | P41: =SUM(M41:O60) -> 0.40277778 | R41: 219254C001 | S41: (3h00)
S42: PADAH LNG
T43: Répondre aux sstr:
U44: ACE (SDCL) | V44: LS_PSHC21925401-H-ACE | X44: ok.Done | Y44: A vérifier avec JCP
U45: ATOS (SDCL) | V45: LS_PSHC21925401-H-ATOS | X45: ok.Done | Y45: A vérifier avec JCP
R46: 218020C001 | S46: (1h00)
S47: TCC
S48: Envoyer les plans HCD & SVA à Philippe | V48: ok.Done
S49: Commenter le plan SVA & l'envoyer à ATOS | V49: ok.Done
R50: 214936C001 | S50: (0h30)
S51: WISON
T52: Mettre à jour le plan:
U53: Consumption | V53: LS_UCLC21493601 | X53: Rev TEN 6 | Y53: Rev Client: EX-DE-06 | AA53: ok.Done | AB53: A vérifier avec JCP
R54: 219124C001 | S54: (3h00)
S55: ARAMCO
T56: Editer les plans ci-dessous:
U57: CSA - B17 | V57: 24CSAC21912401 | X57: ok.Done
U58: CSA - B18 | V58: 24CSAC21912402 | X58: ok.Done
Q60: 0.29166667
A61: JEUDI | B61: =SUM(B41+1) -> 45736 | C61: 219124C001 RA172190 219254C001 RA212678 219370C001 RA192437 | G61: 0.36111111 | H61: 0.51041667 | I61: 0.5625 | J61: 0.75277778 | M61: =(F61-E61)+(L61-K61) -> 0 | N61: =(H61-G61) -> 0.14930556 | O61: =(J61-I61) -> 0.19027778 | P61: =SUM(M61:O90) -> 0.33958333 | R61: 219124C001 | S61: (0h30)
S62: ARAMCO
T63: Mettre sur ARAS les plans ci-dessous:
U64: CSA - B17 | V64: 24CSAC21912401 | X64: ok.Done
U65: CSA - B18 | V65: 24CSAC21912402 | X65: ok.Done
R66: RA172190 | S66: (1h30)
S67: HOEGH
T68: Meeting avec JCP | V68: ok.Done
T69: Ajouter les longueurs de chaque câble dans l'interco | W69: In progress… | X69: A VALIDER AVEC JCP
R70: 219254C001 | S70: (2h00)
S71: PADAH LNG
T72: Création des DBIS "Commissioning" & "Spare parts"pour le BE Meca
U73: Commissioning Elec. | V73: 24172C219265401A | X73: ok.Done
U74: Commissioning Hydro. | V74: 24172C219265401B | X74: ok.Done
U75: Spare parts elec. | V75: 24172C219265404A | X75: ok.Done
U76: Spare parts hydro. | V76: 24172C219265404B | X76: ok.Done
T77: Renvoyer les SDCL ATOS et ACE à Laurent Rozier | W77: ok.Done
R78: RA212678 | S78: (0h30)
S79: WENZHOU
T80: Envoyer l'email au Support Line Siemens avec la capture "License Recovery" | X80: ok.Done
R81: 219370C001 | S81: (0h30)
S82: GOLDEN PASS
S83: Répondre à Nietsh | U83: ok.Done
R84: RA192437 | S84: (0h30)
S85: PIPECHINA
S86: Meeting avec STE / ATOS / Loaurent Rozier | V86: ok.Done
R87: Obectif BECS | S87: (1h00)
S88: Meeting BE CS | U88: ok.Done
Q90: 0.29166667
A91: VENDREDI | B91: =SUM(B61+1) -> 45737 | C91: 219254C001 214936C001 REX RA172190 | G91: 0.36111111 | H91: 0.52083333 | I91: 0.55208333 | J91: 0.67708333 | M91: =(F91-E91)+(L91-K91) -> 0 | N91: =(H91-G91) -> 0.15972222 | O91: =(J91-I91) -> 0.125 | P91: =SUM(M91:O112) -> 0.28472222 | R91: 219254C001 | S91: (3h00)
S92: PADAH LNG
S93: Maj pour les plans ci-dessous:
T94: UCL | U94: LS_UCLC21925401 | V94: In progress… | W94: En attente retour de Thibaut
T95: CSA | U95: 24CSAC21925401 | V95: In progress…
T96: Interco | U96: 24EIDC21925401 | V96: In progress…
R97: 214936C001 | S97: (2h00)
S98: WISON
T99: Maj le doc ci-dessous:
T100: UCL | U100: LS_UCLC21493601 | V100: ok.Done | W100: Passez en IFF
T101: HMI | U101: LS_HMIC21493601 | V101: ok.Done | W101: Passez en IFF
T102: ESL | U102: 33ESLC21493601 | V102: ok.Done | W102: Passez en IFF
T103: FMEA | U103: LS_FMAC21493601 | V103: ok.Done | W103: Passez en IFF
R104: REX | S104: (2h00)
S105: CORAIL
T106: Meeting Corail / BE CS | V106: ok.Done
R107: RA172190
...

Sheet SEM13
A4: Nom: | B4: BELIN brice
A5: semaine 13 | B5: du | C5: =SUM('SEM12'!B114+1) -> 45740 | D5: au | E5: =SUM(B102) -> 45746
E6: Route | F6: aller | G6: Client ou usine | I6: Client ou usine | K6: Route retour | M6: TOTAL | Q6: potentiel jour
A7: Jour | B7: Date | C7: Nom client ou usine | E7: Heure départ | F7: Heure arrivée | G7: Heure arrivée | H7: Heure départ | I7: Heure arrivée | J7: Heure départ | K7: Heure départ | L7: Heure arrivée | M7: Heure route | N7: Heure client | O7: Heure usine | P7: Général
A9: LUNDI | B9: =SUM(C5) -> 45740 | C9: 219254C001 RA172190 214936C001 | G9: 0.35625 | H9: 0.52430556 | I9: 0.57291667 | J9: 0.72916667 | M9: =(F26-E26)+(L26-K26) -> 0 | N9: =(H9-G9) -> 0.16805556 | O9: =(J9-I9) -> 0.15625 | P9: =SUM(M9:O26) -> 0.32430556 | R9: 219254C001 | S9: (2h30)
S10: PADAH LNG
S11: Maj pour les plans ci-dessous:
T12: UCL | U12: LS_UCLC21925401 | V12: In progress… | W12: En attente retour de Karim | Y12: Valider avec JCP la qualité du N2 à utiliser
T13: CSA | U13: 24CSAC21925401 | V13: In progress…
T14: Interco | U14: 24EIDC21925401 | V14: In progress…
R15: RA172190 | S15: (4h00)
S16: HOEGH
T17: Meeting avec JCP | V17: ok.Done
T18: Ajouter les longueurs de chaque câble dans l'interco | W18: ok.Done | X18: A VALIDER AVEC JCP
T19: Mettre à jour l'interco + longueur BOM | W19: In progress…
R20: 214936C001 | S20: (1h00)
S21: WISON
S22: Envoyer la CRS pour le plan LS_UCL | V22: ok.Done
S23: Maj du plan ci-dessous:
T24: HMI | U24: LS_HMIC21493601 | V24: ok.Done | W24: (suite retour commentaires client)
Q26: 0.29166667
A27: MARDI | B27: =SUM(B9+1) -> 45741 | C27: 219254C001 RA172190 214936C001 Objectifs 2025 | G27: 0.32777778 | H27: 0.52083333 | I27: 0.55208333 | J27: 0.70833333 | M27: =(F48-E48)+(L48-K48) -> 0 | N27: =(H27-G27) -> 0.19305556 | O27: =(J27-I27) -> 0.15625 | P27: =SUM(M27:O48) -> 0.34930556 | R27: 219254C001 | S27: (4h30)
S28: PADAH LNG
S29: Maj pour les plans ci-dessous:
T30: UCL | U30: LS_UCLC21925401 | V30: ok.Done | W30: En attente retour de Karim | Y30: ECN: 1020924
T31: CSA | U31: 24CSAC21925401 | V31: In progress… | W31: ECN: 1020894
T32: Interco | U32: 24EIDC21925401 | V32: In progress… | W32: ECN: 102xxxx
S33: Lire les SDCLs ci-dessous:
T34: SDCL ATOS | U34: LS_PSHC21925401-H-Atos-rev3 | W34: ok.Done
T35: SDCL CORAIL | U35: LS_PSHC21925401-E-ASR-rev5 | W35: ok.Done
S36: Mag du DBI ci-dessous:
T37: PLC Cabinet | U37: 24134C21925402 | V37: ok.Done | W37: Ajouter le matériel Siemens dans la BOM
R39: RA172190 | S39: (1h30)
S40: HOEGH
T41: Meeting avec JCP | V41: ok.Done
T42: Ajouter les longueurs de chaque câble dans l'interco | W42: ok.Done | X42: A VALIDER AVEC JCP
T43: Mettre à jour l'interco + longueur BOM | W43: ok.Done
R44: Objectifs 2025 | S44: (1h00)
S45: Indiviuel & équipes
T46: Faire la proposition des objectifs à François PR. | W46: ok.Done
Q48: 0.29166667
A49: MERCREDI | B49: =SUM(B27+1) -> 45742 | C49: 219254C001 218020C001 219453C001 | G49: 0.32361111 | H49: 0.52083333 | I49: 0.55208333 | J49: 0.73263889 | M49: =(F61-E61)+(L61-K61) -> 0 | N49: =(H49-G49) -> 0.19722222 | O49: =(J49-I49) -> 0.18055556 | P49: =SUM(M49:O61) -> 0.37777778 | R49: 219254C001 | S49: (5h30)
S50: PADAH LNG
S51: Maj pour les plans ci-dessous:
T52: CSA | U52: 24CSAC21925401 | V52: ok.Done | W52: ECN: 1020894
T53: Interco | U53: 24EIDC21925401 | V53: In progress… | W53: ECN: 102xxxx
S54: Préparer le LS_PSEC21925401 en Rev1 pour achat chez CORAIL | W54: In progress…
R55: 219453C001 | S55: (1h00)
S56: COIGN
S57: Répondre à l'email
R58: 218020C001 | S58: (1h00)
S59: TCC
S60: Mettre à jour les specs E&H sur ARAS | V60: ok.Done
Q61: 0.29166667
A62: JEUDI | B62: =SUM(B49+1) -> 45743 | C62: 219254C001 Objectifs 2025 RA172190 RA192454 | G62: 0.36597222 | H62: 0.52083333 | I62: 0.5625 | J62: 0.72986111 | M62: =(F85-E85)+(L85-K85) -> 0 | N62: =(H62-G62) -> 0.15486111 | O62: =(J62-I62) -> 0.16736111 | P62: =SUM(M62:O85) -> 0.32222222 | R62: 219254C001 | S62: (4h30)
S63: PADAH LNG
S64: Maj pour les plans ci-dessous:
T65: CSA | U65: 24CSAC21925401 | V65: ok.Done | W65: ECN: 1020894 | X65: En attente de validation par JCP
T66: Interco | U66: 24EIDC21925401 | V66: In progress… | W66: ECN: 102xxxx
T67: E&H on Dock | U67: 24125C21925401 | V67: In progress… | W67: En attente de validation par JCP
T68: DBI Hydro | U68: 24028C21925401 | V68: ok.Done
S69: Préparer le LS_PSEC21925401 en Rev1 pour achat chez CORAIL | W69: ok.Done | X69: Mettre à jour le plan INTERCO
S70: Passer les Bjs en Released sur ARAS | V70: ok.Done
S71: Répondre à la SDCL d'ACE | V71: ok.Done
R72: Objectifs 2025 | S72: (1h00)
S73: Mettre les objectifs 20250sur People Connect | V73: ok.Done
R74: RA172190 | S74: (1h00)
S75: HOEGH
S76: Mettre les plans ci-dessou dans ARAS:
T77: ECD | U77: 2403017219001 | V77: ok.Done
T78: TBWD | U78: 2403117219003 | V78: ok.Done
T79: LCP | U79: 2413417219001 | V79: ok.Done
R80: RA192454 | S80: (1h00)
S81: TORTUE
S82: Mettre la plan ci-dessous dans ARAS:
T83: CLD | U83: 2403019245402 | V83: ok.Done
S84: Mettre la sauvegarde PLC sur notre serveur | V84: ok.Done
Q85: 0.29166667
A86: VENDREDI | B86: =SUM(B62+1) -> 45744 | C86: 219254C001 219453C001 RA192454 | G86: 0.3625 | H86: 0.52083333 | I86: 0.55208333 | J86: 0.68055556 | M86: =(F100-E100)+(L100-K100) -> 0 | N86: =(H86-G86) -> 0.15833333 | O86: =(J86-I86) -> 0.12847222 | P86: =SUM(M86:O100) -> 0.28680556 | R86: 219254C001 | S86: (6h30)
S87: PADAH LNG
S88: Maj pour les plans ci-dessous:
T89: CSA | U89: 24CSAC21925401 | V89: ok.Done | W89: ECN: 1020894
T90: Interco | U90: 24EIDC21925401 | V90: In progress… | W90: ECN: 102xxxx
T91: E&H on Dock | U91: 24125C21925401 | V91: ok.Done | W91: En attente de validation par JCP
S92: Envoyer la SDCL REV4 pour ACE | V92: ok.Done
R93: 219453C001 | S93: (0h30)
S94: COIGN
S95: Envoyer email à ALSYMEX | U95: ok.Done
R96: RA192454 | S96: (0h30)
S97: TORTUE
S98: Meeting avec JCP / François
S99: En attente de confirmation de Mathieu sur la suppression de la différence 150l/h
Q100: 0
A101: SAMEDI | B101: =SUM(B86+1) -> 45745 | M101: =(F101-E101)+(L101-K101)+(F102-E102)+(L102-K102) -> 0 | N101: =(H101-G101)+(J101-I101)+(H102-G102)+(J102-I102) -> 0 | O101: =(H101-G101)+(J101-I101) -> 0 | P101: =SUM(M101:O102) -> 0
A102: DIMANCHE | B102: =SUM(B101+1) -> 45746
J104: TOTAL TRAVAILLE | M104: =SUM(M9+M27+M49+M62+M86+M101+M102) -> 0 | N104: =SUM(N9+N27+N49+N62+N86+N101+N102) -> 0.87152778 | O104: =SUM(O9+O27+O49+O62+O86+O101+O102) -> 0.78888889 | P104: =SUM(P9+P27+P49+P62+P86+P101+P102) -> 1.6604167
J105: POTENTIEL SEMAINE | N105: =SUM(Q9:Q102) -> 1.1666667
J106: TOTAL SEMAINE HS | N106: =SUM(P104-N105) -> 0.49375
J107: TOTAL PRECEDENT HS | N107: ='SEM12'!N120 -> 2.1409722
J108: NOUVEAU TOTAL HS | N108: =N106+N107 -> 2.6347222

Sheet 1 TRIMESTRE
A1: BELIN Brice | B1: RECAPITULATIF 1ER TRIMESTRE 2020 | E1: 43928
A4: MOIS | B4: SEMAINE | C4: CLIENT / USINE | D4: NBRE HEURES
A6: JANVIER | B6: 1 | C6: usine | D6: ='SEM1'!N60 -> 0.077777778
B7: 2 | C7: usine | D7: ='SEM2'!N107 -> 0.23472222
B8: 3 | C8: usine | D8: ='SEM3'!N106 -> 0.12708333
B9: 4 | C9: usine | D9: ='SEM4'!N113 -> 0.13333333
A10: FEVRIER | B10: 5 | C10: usine | D10: ='SEM5'!N121 -> 0.19861111
B11: 6 | C11: usine | D11: ='SEM6'!N115 -> 0.20763889
B12: 7 | C12: usine | D12: ='SEM7'!N102 -> 0.17708333
B13: 8 | C13: usine | D13: ='SEM8'!N150 -> 0.15
A14: MARS | B14: 9 | C14: usine | D14: ='SEM9'!N104 -> 0.17986111
B15: 10 | C15: usine | D15: ='SEM10'!N94 -> 0.15486111
B16: 11 | C16: usine | D16: ='SEM11'!N121 -> 0.24722222
B17: 12 | C17: usine | D17: ='SEM12'!N118 -> 0.25277778
B18: 13 | C18: usine | D18: ='SEM13'!N106 -> 0.49375
C26: TOTAL | D26: =SUM(D6:D24) -> 2.6347222

Sheet SEM14 
A4: Nom: | B4: BELIN brice
A5: semaine 14 | B5: du | C5: =SUM('SEM13'!B102+1) -> 45747 | D5: au | E5: =SUM(B117) -> 45753
E6: Route | F6: aller | G6: Client ou usine | I6: Client ou usine | K6: Route retour | M6: TOTAL | Q6: potentiel jour
A7: Jour | B7: Date | C7: Nom client ou usine | E7: Heure départ | F7: Heure arrivée | G7: Heure arrivée | H7: Heure départ | I7: Heure arrivée | J7: Heure départ | K7: Heure départ | L7: Heure arrivée | M7: Heure route | N7: Heure client | O7: Heure usine | P7: Général
A9: LUNDI | B9: =SUM(C5) -> 45747 | C9: RA192454 219254C001 218972C001 218020C001 | G9: 0.36041667 | H9: 0.52083333 | I9: 0.56944444 | J9: 0.72916667 | M9: =(F26-E26)+(L26-K26) -> 0 | N9: =(H9-G9) -> 0.16041667 | O9: =(J9-I9) -> 0.15972222 | P9: =SUM(M9:O26) -> 0.32013889 | R9: RA192454 | S9: (1h30)
S10: TORTUE
S11: Pb de CPMS | T11: Investigation en cours… | V11: ok.Done
S12: Meeting avec le client | V12: In progress…
R13: 219254C001 | S13: (4h30)
S14: PADAH LNG
S15: Maj pour les plans ci-dessous:
T16: Interco | U16: 24EIDC21925401 | V16: In progress… | W16: ECN: 1021126
T17: E&H on Dock | U17: 24125C21925401 | V17: ok.Done | W17: ok - Mettre à jour
S18: Prépare la spec | T18: PSH | U18: LS_PSHC219254 | V18: In progress… | W18: (pour ACE)
R19: 218972C001 | S19: (1h00)
S20: ENERGIA COSTA AZUL
S21: Mettre le plan LCP sur ARAS | U21: 2413416207701 | V21: Rev6 | W21: ok.Done
S22: En attente des sources de la part d'ALSYMEX | V22: ok.Done
R23: 218020C001 | S23: (0h30)
S24: TCC
S25: Répondre à l'email de Mr Airoldi (ATOS) | V25: ok.Done
Q26: 0.29166667
A27: MARDI | B27: =SUM(B9+1) -> 45748 | C27: 219254C001 214936C001 219453C001 218972C001 | G27: 0.33055556 | H27: 0.52083333 | I27: 0.58333333 | J27: 0.72916667 | M27: =(F43-E43)+(L43-K43) -> 0 | N27: =(H27-G27) -> 0.19027778 | O27: =(J27-I27) -> 0.14583333 | P27: =SUM(M27:O43) -> 0.33611111 | R27: 219254C001 | S27: (5h30)
S28: PADAH LNG
S29: Lire et corrigé le LS_DDS pour le BE MECA | V29: ok.Done
S30: Prépare la spec | T30: PSH | U30: LS_PSHC219254 | V30: In progress… | W30: En attente retour SDCL ACE
S31: Maj pour les plans ci-dessous:
T32: Interco | U32: 24EIDC21925401 | V32: In progress… | W32: ECN: 1021126
R33: 214936C001 | S33: (0h30)
S34: WISON
S35: Faire email pour demander les derniers sourcs du doc "Hydraulic Package 3D" | X35: ok.Done | Y35: En attente retour Doc Ctrl
R36: 219453C001 | S36: (0h30)
S37: COIGN
S38: Meeting avec PM / Alsymex pour comment solutionner la demande du client | W38: ok.Done
R39: 218972C001 | S39: (0h30)
S40: COSTA AZUL
S41: Maj du DBI:
T42: radio | U42: 2489935C21897201P | V42: ok.Done
Q43: 0.29166667
A44: MERCREDI | B44: =SUM(B27+1) -> 45749 | C44: 219254C001 219453C001 219030C001 | G44: 0.30625 | H44: 0.5 | I44: 0.5625 | J44: 0.75555556 | M44: =(F60-E60)+(L60-K60) -> 0 | N44: =(H44-G44) -> 0.19375 | O44: =(J44-I44) -> 0.19305556 | P44: =SUM(M44:O60) -> 0.38680556 | R44: 219254C001 | S44: (4h00)
S45: PADAH LNG
S46: Prépare la spec | T46: PSH | U46: LS_PSHC219254 | V46: ok.Done
S47: Maj pour les plans ci-dessous:
T48: Interco | U48: 24EIDC21925401 | V48: ok.Done | W48: ECN: 1021126 | X48: Faire conf call avec JCP
R49: 219712C001 | S49: (2h00)
S50: TECHEAST
S51: préparation de la trame pour ikom vendredi | V51: ok.Done
R52: 219453C001 | S52: (0h30)
S53: COIGN
S54: Faire email à ALSYMEX pourles détaisl tech. Du mat; MADE IN CHINA | W54: ok.Done
R55: 219030C001 | S55: (1h00)
S56: TAL OIL
S57: Faire dmde de photos pour les borniers X1 & X2
S58: Conf call avec ALSYMEX
Q60: 0.29166667
A61: JEUDI | B61: =SUM(B44+1) -> 45750 | C61: 219254C001 214365C001 216696C001 OS172220 219124C001 | G61: 0.35902778 | H61: 0.52083333 | I61: 0.57291667 | J61: 0.73472222 | M61: =(F61-E61)+(L61-K61) -> 0 | N61: =(H61-G61) -> 0.16180556 | O61: =(J61-I61) -> 0.16180556 | P61: =SUM(M61:O86) -> 0.32361111 | R61: 219254C001 | S61: (2h00)
S62: PADAH LNG
S63: Maj pour les plans ci-dessous:
T64: Interco | U64: 24EIDC21925401 | V64: ok.Done | W64: ECN: 1020494 | X64: En attente retour PM pour les câbles de puissance & diam. PE
R65: 2166966C001 | S65: (1h00)
S66: QCLNG
S67: Mettre à jour le plan ci-dessous:
T68: Remote LCP | U68: 2413410149602 | V68: ok.Done | W68: ECN: 1021126
R69: 214936C001 | S69: (1h00)
S70: WISON
S71: Mettre à jour les plans ci-dessous:
T72: Hyd. Pack. 3D | U72: 33028C21493601_3D | V72: In progress… | X72: En attente retour ACE
R73: 214365C001 | S73: (2h30)
S74: TR
S75: Mettre à jour les plans ci-dessous:
T76: IHD | U76: 24IHDC21436501 | V76: In progress… | W76: En attente retour ATOS
T77: page de garde Client & TEN intégré | V77: ok.Done
R78: OS172220 | S78: (0h30)
S79: ENI CORAL
S80: Mettre le source excel du doc ci-dessous:
T81: Electric tags arm 02 | U81: 33899172220002 | V81: ok.Done | W81: ECN: 1021168
R82: 219124C001 | S82: (0h30)
S83: ARAMCO
S84: Faire le retour au sstr ACE pour ajouter le PO en fonction de la jetée | V84: ok.Done
Q86: 0.29166667
A87: VENDREDI | B87: =SUM(B61+1) -> 45751 | C87: 219124C001 214365C001 219712C001 218614C001 | G87: 0.36458333 | H87: 0.52083333 | I87: 0.54166667 | J87: 0.64583333 | M87: =(F115-E115)+(L115-K115) -> 0 | N87: =(H87-G87) -> 0.15625 | O87: =(J87-I87) -> 0.10416667 | P87: =SUM(M87:O115) -> 0.26041667 | R87: 219124C001 | S87: (1h00)
S88: ARAMCO
S89: Mettre les plans ci-dessous sur ARAS:
T90: SVA - B17 | U90: 24133C21912401 | V90: ECN: 1021179 | W90: ok.Done | X90: En attente validation DC
T91: HPU - B17 | U91: 24136C21912401 | V91: ECN: 1021179 | W91: ok.Done | X91: En attente validation DC
T92: SVA - B18 | U92: 24133C21912402 | V92: ECN: 1021179 | W92: ok.Done | X92: En attente validation DC
T93: HPU - B18 | U93: 24136C21912402 | V93: ECN: 1021179 | W93: ok.Done | X93: En attente validation DC
S94: Envoyer email à ACE pour le commentaire de la SDCL et les PSL-40 & 41 | W94: ok.Done
R95: 219712C001 | S95: (0h30)
S96: TECHEAST
S97: Meeting iKom | T97: ok.Done
R98: 218614C001 | S98: (0h30)
S99: ENERGOS ESKIMO
S100: Répondre à l'émail d'Alparslan | V100: In progress…
R101: 214365C001 | S101: (6h00)
S102: TR
S103: Maj des docs ci-dessous
T104: IHD | U104: 24IHDC21436501 | V104: In progress… | W104: En attente retour ATOS
T105: HPU | U105: 24136C21436501 | V105: In progress…
T106: ICL | U106: LS_ICLC21436501 | V106: ok.Done | W106: en AFC & REV6
...

Sheet SEM15
A4: Nom: | B4: BELIN brice
A5: semaine 15 | B5: du | C5: =SUM('SEM14 '!B117+1) -> 45754 | D5: au | E5: =SUM(B105) -> 45760
E6: Route | F6: aller | G6: Client ou usine | I6: Client ou usine | K6: Route retour | M6: TOTAL | Q6: potentiel jour
A7: Jour | B7: Date | C7: Nom client ou usine | E7: Heure départ | F7: Heure arrivée | G7: Heure arrivée | H7: Heure départ | I7: Heure arrivée | J7: Heure départ | K7: Heure départ | L7: Heure arrivée | M7: Heure route | N7: Heure client | O7: Heure usine | P7: Général
A9: LUNDI | B9: =SUM(C5) -> 45754 | C9: OS172220 ITS CS 219254C001 219030C001 CONDUCTIX 219124C001 | G9: 0.35833333 | H9: 0.5 | I9: 0.5625 | J9: 0.71875 | M9: =(F41-E41)+(L41-K41) -> 0 | N9: =(H9-G9) -> 0.14166667 | O9: =(J9-I9) -> 0.15625 | P9: =SUM(M9:O41) -> 0.29791667 | R9: OS172220 | S9: (0h30)
S10: ENI CORAL
S11: Mettre sur ARAS les sources des docs ci-dessous:
T12: Pipe tags | U12: 33899172220011 | W12: ok.Done | X12: Vérifiez avec le PDF dans ARAS
T13: Pipe tags | U13: 33899172220012 | W13: ok.Done | X13: Vérifiez avec le PDF dans ARAS
T14: Pipe tags | U14: 33899172220013 | W14: ok.Done | X14: Vérifiez avec le PDF dans ARAS
R15: ITS CS | S15: (0h30)
S16: Mettre les heures de la sem 14 | U16: ok.Done
R17: 219254C001 | S17: (0h30)
S18: PADAH LNG
S19: Mettre sur ARAS le plan ci-dessous:
T20: E&H on Dock | U20: 24125C21925401 | W20: ok.Done
R21: 219030C001 | S21: (1h30)
S22: TAL OIL
S23: Mettre sur ARAS les plans ci-dessous:
T24: LCP Berth 1 | U24: 2413403364301 | W24: ok.Done | X24: En atente de réception ALSYMEX
T25: ECD Berth 1 | U25: 2403003364301 | W25: ok.Done | X25: En atente de réception ALSYMEX
S26: Envoyer email à ALSYMEX | U26: ok.Done
R27: 214365C001 | S27: (1h30)
S28: TR
S29: Répondre email de ACTEMIUM | U29: ok.Done
R30: CONDUCTIX | S30: (2h00)
S31: Revoir les PNS à créer dans ARAS suite à la réunion avec CONDUCTIX | X31: ok.Done
S32: Maj de la feuille excel + soumettre à JCP | V32: ok.Done | W32: En attente de validation avec François / JCP
R33: 219124C001 | S33: (1h00)
S34: ARAMCO
S35: Maj des plans SVA & HPU
T36: SVA - B17 | U36: 24133C21912401 | W36: ECN: 1021179 | X36: ok.Done | Y36: rajouter NMR601 sur toutes les pages
T37: HPU - B17 | U37: 24136C21912401 | W37: ECN: 1021179 | X37: ok.Done | Y37: Déjà sur le plan….En attente de retour du Doc Ctrl
T38: SVA - B18 | U38: 24133C21912402 | W38: ECN: 1021179 | X38: ok.Done | Y38: ok. Renvoyer l'ECN à Delphine
T39: HPU - B18 | U39: 24136C21912402 | W39: ECN: 1021179 | X39: ok.Done
Q41: 0.29166667
A42: MARDI | B42: =SUM(B9+1) -> 45755 | C42: 214365C001 214936C001 219124C001 | G42: 0.32708333 | H42: 0.52083333 | I42: 0.55208333 | J42: 0.71041667 | M42: =(F42-E42)+(L42-K42) -> 0 | N42: =(H42-G42) -> 0.19375 | O42: =(J42-I42) -> 0.15833333 | P42: =SUM(M42:O60) -> 0.35208333 | R42: 214936C001 | S42: (2h00)
S43: WISON
S44: Mettre à jour le plan ci-dessous:
T45: Hydraulic 3D | U45: 33028C21493601_3D | X45: ok.Done | Y45: En attente de Mathieu pour envoi
R46: 214365C001 | S46: (1h00)
S47: TR
S48: Demander confirmation au Doc Ctrl de la version pour le plan 24IHD | X48: ok.Done
R49: 219204C001 | S49: (1h00)
S50: ARAMCO
S51: Lire les emails de François / ALSYMEX | V51: ok.Done
S52: Mettre a jour les plans ci-dessous:
T53: Archi CS - B17 | U53: 24CSAC219204011 | W53: ok.Done | X53: NMR602 | Y53: Confusion avec PADAH LNG??
T54: Archi CS - B18 | U54: 24CSAC219204012 | W54: ok.Done | X54: NMR601 | Y54: Confusion avec PADAH LNG??
R55: RA172190 | S55: (1h00)
S56: HOEGH
S57: Mettre à jour le plan ci-dessous:
T58: Architecture CS | U58: 2403017219004 | X58: ok.Done
Q60: 0.29166667
A61: MERCREDI | B61: =SUM(B42+1) -> 45756 | C61: 219254C001 219124C001 BE CS Siemens RA172190 214365C001 | G61: 0.31180556 | H61: 0.52083333 | I61: 0.54166667 | J61: 0.625 | M61: =(F61-E61)+(L61-K61) -> 0 | N61: =(H61-G61) -> 0.20902778 | O61: =(J61-I61) -> 0.083333333 | P61: =SUM(M61:O81) -> 0.29236111 | R61: 219254C001 | S61: (0h30)
S62: PADAH LNG
S63: Répondre à l'email de Jean Claude | V63: ok.Done
R64: 219204C001 | S64: (0h30)
S65: ARAMCO
S66: Mettre a jour les plans ci-dessous:
T67: Archi CS - B17 | U67: 24CSAC219204011 | W67: ok.Done | X67: NMR601 | Y67: ok. Confirmé par Doc Ctrl
T68: Archi CS - B18 | U68: 24CSAC219204012 | W68: ok.Done | X68: NMR601 | Y68: ok. Confirmé par Doc Ctrl
S69: En attente de confirmation du DOC CTRL
R70: BE CS | S70: (2h00)
S71: Meeting BE CS | U71: CANCELED - AUDIT
R72: Siemens | S72: (1h00)
S73: Conf call Siemens pour les questions de Maintenance à l'étranger et connaitre le scope
R74: RA172190 | S74: (0h30)
S75: HOEGH
S76: Conf call avec ACTEMIUM | U76: ok.Done
R77: 214365C001 | S77: (0h30)
S78: TR
S79: Relancer ATOS pour le plan 24IHDC21436501 | W79: ok.Done
Q81: 0.29166667
A82: JEUDI | B82: =SUM(B61+1) -> 45757 | C82: 218020C001 DR17802 | G82: 0.36458333 | H82: 0.51388889 | I82: 0.56944444 | J82: 0.73472222 | M82: =(F100-E100)+(L100-K100) -> 0 | N82: =(H82-G82) -> 0.14930556 | O82: =(J82-I82) -> 0.16527778 | P82: =SUM(M82:O100) -> 0.31458333 | R82: 218020C001 | S82: (0h30)
S83: TR
S84: Meeting avec JCP pour le infos dé^placement ATOS | W84: ok.Done
S85: Envoyer email à ATOS pour réservation hôtel | W85: ok.Done
S86: (1h00)
R87: 219xxxxx | S87: ENI CORAL
S88: Emmener Dave au Yard Test
S89: Présentation de l'équipe montage cour
R90: DR17802 | S90: (2h30)
S91: AECOM
S92: Proposal Services
S93: Lire la spec client sur l'autom.
R94: 214365C001 | S94: (2h00)
S95: TR
S96: En attente retour ATOS pour le plan 24IHDC21436501 | W96: ok.Done
S97: Ajouter pge garde client + sommaire | V97: ok.Done
Q100: 0.29166667
A101: VENDREDI | B101: =SUM(B82+1) -> 45758 | C101: JRTT | G101: 0 | H101: 0 | I101: 0 | J101: 0 | M101: =(F103-E103)+(L103-K103) -> 0 | N101: =(H101-G101) -> 0 | O101: =(J101-I101) -> 0 | P101: =SUM(M101:O103) -> 0
Q103: 0
A104: SAMEDI | B104: =SUM(B101+1) -> 45759 | M104: =(F104-E104)+(L104-K104) -> 0 | N104: =(H104-G104)+(J104-I104) -> 0 | O104: =(H105-G105)+(J105-I105) -> 0 | P104: =SUM(M104:O105) -> 0
A105: DIMANCHE | B105: =SUM(B104+1) -> 45760
J107: TOTAL TRAVAILLE | M107: =SUM(M9+M42+M61+M82+M101+M104+M105) -> 0 | N107: =SUM(N9+N42+N61+N82+N101+N104+N105) -> 0.69375 | O107: =SUM(O9+O42+O61+O82+O101+O104+O105) -> 0.56319444 | P107: =SUM(P9:P105) -> 1.2569444
J108: POTENTIEL SEMAINE | N108: =SUM(Q9:Q105) -> 1.1666667
J109: TOTAL SEMAINE HS | N109: =SUM(P107-N108) -> 0.090277778
J110: TOTAL PRECEDENT HS | N110: ='SEM14 '!N123 -> 0.16875
J111: NOUVEAU TOTAL HS | N111: =N109+N110 -> 0.25902778

Sheet SEM16
A4: Nom: | B4: BELIN brice
A5: semaine 16 | B5: du | C5: =SUM('SEM15'!B105+1) -> 45761 | D5: au | E5: =SUM(B126) -> 45767
E6: Route | F6: aller | G6: Client ou usine | I6: Client ou usine | K6: Route retour | M6: TOTAL | Q6: potentiel jour
A7: Jour | B7: Date | C7: Nom client ou usine | E7: Heure départ | F7: Heure arrivée | G7: Heure arrivée | H7: Heure départ | I7: Heure arrivée | J7: Heure départ | K7: Heure départ | L7: Heure arrivée | M7: Heure route | N7: Heure client | O7: Heure usine | P7: Général
A9: LUNDI | B9: =SUM(C5) -> 45761 | C9: 214365C001 RA212635 219030C001 219453C001 219047C001 RA172190 218614C001 | G9: 0.35486111 | H9: 0.52083333 | I9: 0.54166667 | J9: 0.64652778 | M9: =(F9-E9)+(L9-K9) -> 0 | N9: =(H9-G9) -> 0.16597222 | O9: =(J9-I9) -> 0.10486111 | P9: =SUM(M9:O38) -> 0.27083333 | R9: 214365C001 | S9: (0h30)
S10: TR
S11: Lire email de Delphine | V11: ok.Done
R12: RA212635 | S12: (0h30)
S13: CPC TAINCHUNG
S14: Répondre à ACTEMIUM | V14: ok.Done
R15: 219030C001 | S15: (0h30)
S16: TAL OIL
S17: Transférer l'email du client à ALSYMEX | V17: ok.Done
R18: 219453C001 | S18: (3h00)
S19: COIGN
S20: Envoyer les plans ci-dessous:
T21: CPMS+ paramétrages à ALSYMEX | W21: ok.Done
R22: 219047C001 | S22: (1h00)
S23: CHEVRON
S24: Mettre sur ARS le plan ci-dessous:
T25: PLC assembly | V25: 24134121713022 | X25: ok.Done
S26: Mettre à jour les DBIs ci-dessous:
V27: 248993512138P | X27: ok.Done
V28: 248993512139P | X28: ok.Done
R29: RA172190 | S29: (0h30)
S30: HOEGH
S31: Faire email à ACE pour les sources des plans ci-dessous:
T32: HPU | U32: 2413617219001 | W32: In progress… | X32: En attente retour ACE
T33: ERS Accu | U33: 2414117219001 | W33: In progress… | X33: En attente retour ACE
R34: 218614C001 | S34: (1h00)
S35: ENERGOS ESKIMO
S36: Investigation problèmes de valeurs entre STAHL display & CPMS+ display | Y36: In progress…
Q38: 0.29166667
A39: MARDI | B39: =SUM(B9+1) -> 45762 | C39: 218614C001 RA172190 RA212635 219712C001 219867C001 | G39: 0.33125 | H39: 0.52083333 | I39: 0.54166667 | J39: 0.7375 | M39: =(F59-E59)+(L59-K59) -> 0 | N39: =(H39-G39) -> 0.18958333 | O39: =(J39-I39) -> 0.19583333 | P39: =SUM(M39:O59) -> 0.38541667 | R39: 218614C001 | S39: (1h00)
S40: ENERGOS ESKIMO
S41: Investigation problèmes de valeurs entre STAHL display & CPMS+ display | Y41: In progress…
S42: Appelez Alsymex (Berger pour avis)
R43: RA172190 | S43: (0h30)
S44: HOEGH
S45: Faire email à ACE pour les sources des plans ci-dessous:
T46: HPU | U46: 2413617219001 | W46: ok.Done
T47: ERS Accu | U47: 2414117219001 | W47: ok.Done
R48: RA212635 | S48: (0h30)
S49: CPC TAICHUNG
S50: Conf call avec Ouadie (ACTEMIUM) sur site Taichung
R51: 219712C001 | S51: (2h00)
S52: TECHEAST
S53: Edition du plan ci-dessous:
T54: CSA | U54: 24CSAC21971201 | W54: ok.Done
S55: Meeting avec JCP
R56: 219867C001 | S56: (0h30)
S57: MARSA
S58: Meetng avec JCP | U58: ok.Done
Q59: 0.29166667
A60: MERCREDI | B60: =SUM(B39+1) -> 45763 | C60: 219712C001 219453C001 RA212678 218020C001 | G60: 0.31041667 | H60: 0.52083333 | I60: 0.5625 | J60: 0.71041667 | M60: =(F60-E60)+(L60-K60) -> 0 | N60: =(H60-G60) -> 0.21041667 | O60: =(J60-I60) -> 0.14791667 | P60: =SUM(M60:O77) -> 0.35833333 | R60: 219712C001 | S60: (5h00)
S61: TECHEAST
S62: Edition du plan ci-dessous:
T63: Specs Elec | W63: ok.Done
T64: Specs Hydrau | W64: ok.Done
T65: HCD | U65: 24HCDC21971201 | W65: In progress…
R66: 219453C001 | S66: (1h00)
S67: COIGN
S68: Envoyer la dernière version du prog CPMS+
S69: Réouverture de la sauvegarde TFMC_PMSPLUS_E_V1-7
R70: RA212678 | S70: (0h30)
S71: ITHK
S72: Renvoyer email au Support Line car code activation ne marche pas. | X72: ok.Done
R73: 218020C001 | S73: (0h30)
S74: TCC
S75: Evoyer le plan SVA à Philippe, | V75: ok.Done
S76: Demander le plan de bornier à ACTEMIUM | V76: ok.Done | W76: En attente du retour ACTEMIUM
Q77: 0.29166667
A78: JEUDI | B78: =SUM(B60+1) -> 45764 | C78: 219712C001 RA212635 RC182278 RA212678 219453C001 216696C001 | G78: 0.36736111 | H78: 0.52083333 | I78: 0.5625 | J78: 0.7375 | M78: =(F110-E110)+(L110-K110) -> 0 | N78: =(H78-G78) -> 0.15347222 | O78: =(J78-I78) -> 0.175 | P78: =SUM(M78:O110) -> 0.32847222 | R78: 219712C001 | S78: (2h50)
S79: TECHEAST
S80: Edition du plan ci-dessous:
T81: HCD | U81: 24HCDC21971201 | W81: ok.Done | X81: En attentre validation avec JCP
R82: RA212635 | S82: (0h30)
S83: CPC TAICHUNG
S84: Vérifiez la logique & la prog | V84: ok.Done
R85: RC182278 | S85: (2h00)
S86: BRUNEI
S87: Envoyer le programme PLC à ALSYMEX | W87: ok.Done
S88: Envoyer le fichier de paramétrage PMS+ à ALSYMEX | W88: ok.Done | X88: ATTENTION fichier datant de la RC08-1280
S89: Vérification des paramètres CPMS+ avec les dernières révisions des plans | Y89: ok.Done
R90: RA212678 | S90: (0h30)
S91: ITHK
S92: Renvoyer email au Support Line pour confirmation que le code a bien été pris en compte | Z92: ok.Done
R93: 219254C001 | S93: (1h00)
S94: PADAH LNG
S95: Mettre les plans ci-dessous sur ARAS | Y95: ECN
T96: IOL | U96: LS_IOLC21925401 | W96: Rev1 | X96: ok.Done | Y96: 1021480 | Z96: En cours de validation Doc Ctrl
T97: LCP | U97: 24134C21925401 | W97: Rev0 | X97: ok.Done | Y97: 1021480 | Z97: En cours de validation Doc Ctrl
T98: PLC Cab. | U98: 24134C21925402 | W98: Rev0 | X98: ok.Done | Y98: 1021480 | Z98: En cours de validation Doc Ctrl
R99: 219453C001 | S99: (0h30)
S100: COIGN
S101: Maj des DBIs ci-dessous:
T102: PMS+ NORTH | U102: 24899C21945301 | W102: ok.Done
T103: PMS+ EAST | U103: 24899C21945302 | W103: ok.Done
T104: Set PMS+ | U104: 24000C21945301 | W104: ok.Done
R105: 216696C001 | S105: (0h30)
...

Sheet SEM17
A4: Nom: | B4: BELIN brice
A5: semaine 17 | B5: du | C5: =SUM('SEM16'!B126+1) -> 45768 | D5: au | E5: =SUM(B59) -> 45774
E6: Route | F6: aller | G6: Client ou usine | I6: Client ou usine | K6: Route retour | M6: TOTAL | Q6: potentiel jour
A7: Jour | B7: Date | C7: Nom client ou usine | E7: Heure départ | F7: Heure arrivée | G7: Heure arrivée | H7: Heure départ | I7: Heure arrivée | J7: Heure départ | K7: Heure départ | L7: Heure arrivée | M7: Heure route | N7: Heure client | O7: Heure usine | P7: Général
A9: LUNDI | B9: =SUM(C5) -> 45768 | C9: FERIE | G9: 0 | H9: 0 | I9: 0 | J9: 0 | M9: =(F11-E11)+(L11-K11) -> 0 | N9: =(H9-G9) -> 0 | O9: =(J9-I9) -> 0 | P9: =SUM(M9:O11) -> 0
Q11: 0
A12: MARDI | B12: =SUM(B9+1) -> 45769 | C12: 218020C001 219712C001 | G12: 0.32916667 | H12: 0.52083333 | I12: 0.54166667 | J12: 0.73611111 | M12: =(F24-E24)+(L24-K24) -> 0 | N12: =(H12-G12) -> 0.19166667 | O12: =(J12-I12) -> 0.19444444 | P12: =SUM(M12:O24) -> 0.38611111 | R12: 218020C001
S13: TCC
S14: Editer les documents ci-dessous:
T15: FAT élec
T16: FAT Hydro
R17: 219712C001 | S17: (7h00)
S18: TECHEAST
S19: Editer le plan ci-dessous:
T20: EID | U20: 24EIDC21971201 | W20: Rev0 | X20: ok.Done | Y20: En attentre validation avec JCP
T21: HCD | U21: 24EHCD21971201 | W21: Rev0 | X21: ok.Done | Y21: maj suite validation JCP
T22: IOL | U22: LS_IOLC21971201 | W22: Rev0 | X22: ok.Done
Q24: 0.29166667
A25: MERCREDI | B25: =SUM(B12+1) -> 45770 | C25: 219712C001 | G25: 0.30069444 | H25: 0.52083333 | I25: 0.55208333 | J25: 0.72708333 | M25: =(F31-E31)+(L31-K31) -> 0 | N25: =(H25-G25) -> 0.22013889 | O25: =(J25-I25) -> 0.175 | P25: =SUM(M25:O31) -> 0.39513889 | R25: 219712C001 | S25: (7h00)
S26: TECHEAST
S27: Editer le plan ci-dessous:
T28: Motor Starter | U28: 24MSDC21971201 | W28: Rev0 | X28: ok.Done
S29: Préparer les DBIs pour LP en élec | V29: ok.Done
S30: Faire le LP | T30: ok.Done
Q31: 0.29166667
A32: JEUDI | B32: =SUM(B25+1) -> 45771 | C32: 219712C001 219453C001 | G32: 0.35625 | H32: 0.52083333 | I32: 0.5625 | J32: 0.73611111 | M32: =(F53-E53)+(L53-K53) -> 0 | N32: =(H32-G32) -> 0.16458333 | O32: =(J32-I32) -> 0.17361111 | P32: =SUM(M32:O53) -> 0.33819444 | R32: 219712C001 | S32: (1h00)
S33: TECHEAST
S34: Mettre les plans ci-dessous sur ARAS:
T35: HCD | U35: 24EHCD21971201 | W35: Rev0 | X35: ok.Done
T36: CSA | U36: 24CSAC21971201 | W36: Rev0 | X36: ok.Done
T37: EID | U37: 24EIDC21971201 | W37: Rev0 | X37: ok.Done
T38: IOL | U38: LS_IOLC21971201 | W38: Rev0 | X38: ok.Done
S39: Editer le plan ci-dessous:
T40: CND | U40: LS_CNDC21971201 | W40: Rev0 | X40: ok.Done
R42: 219453C001 | S42: (0h30)
S43: COIGN
S44: Envoyer email à Arnaud pour confirmation date du certificat e conformité | Y44: ok.Done
R45: 219867C001 | S45: (2h00)
S46: MARSA
S47: Préparer les DBIs sur ARAS | V47: ok.Done | W47: En attente validation Julien R
Q53: 0.29166667
A54: VENDREDI | B54: =SUM(B32+1) -> 45772 | C54: JRTT | G54: 0 | H54: 0 | I54: 0 | J54: 0 | M54: =(F57-E57)+(L57-K57) -> 0 | N54: =(H54-G54) -> 0 | O54: =(J54-I54) -> 0 | P54: =SUM(M54:O57) -> 0
Q57: 0
A58: SAMEDI | B58: =SUM(B54+1) -> 45773 | M58: =(F59-E59)+(H59-G59) -> 0 | N58: =(G59-F59)+(I59-H59) -> 0 | O58: =(H59-G59)+(J59-I59) -> 0 | P58: =(I59-H59)+(K59-J59) -> 0
A59: DIMANCHE | B59: =SUM(B58+1) -> 45774
J61: TOTAL TRAVAILLE | M61: =SUM(M9+M12+M25+M32+M54+M58+M59) -> 0 | N61: =SUM(N9+N12+N25+N32+N54+N58+N59) -> 0.57638889 | O61: =SUM(O9+O12+O25+O32+O54+O58+O59) -> 0.54305556 | P61: =SUM(P9+P12+P25+P32+P54+P58+P59) -> 1.1194444
J62: POTENTIEL SEMAINE | N62: =SUM(Q9:Q59) -> 0.875
J63: TOTAL SEMAINE HS | N63: =SUM(P61-N62) -> 0.24444444
J64: TOTAL PRECEDENT HS | N64: ='SEM16'!N132 -> 0.44027778
J65: NOUVEAU TOTAL HS | N65: =N63+N64 -> 0.68472222

Sheet SEM18
A4: Nom: | B4: BELIN brice
A5: semaine 18 | B5: du | C5: =SUM('SEM17'!B59+1) -> 45775 | D5: au | E5: =SUM(B25) -> 45781
E6: Route | F6: aller | G6: Client ou usine | I6: Client ou usine | K6: Route retour | M6: TOTAL | Q6: potentiel jour
A7: Jour | B7: Date | C7: Nom client ou usine | E7: Heure départ | F7: Heure arrivée | G7: Heure arrivée | H7: Heure départ | I7: Heure arrivée | J7: Heure départ | K7: Heure départ | L7: Heure arrivée | M7: Heure route | N7: Heure client | O7: Heure usine | P7: Général
A9: LUNDI | B9: =SUM(C5) -> 45775 | C9: CP | G9: 0 | H9: 0 | I9: 0 | J9: 0 | M9: =(F11-E11)+(L11-K11) -> 0 | N9: =(H9-G9) -> 0 | O9: =(J9-I9) -> 0 | P9: =SUM(M9:O11) -> 0
Q11: 0
A12: MARDI | B12: =SUM(B9+1) -> 45776 | C12: CP | G12: 0 | H12: 0 | I12: 0 | J12: 0 | M12: =(F14-E14)+(L14-K14) -> 0 | N12: =(H12-G12) -> 0 | O12: =(J12-I12) -> 0 | P12: =SUM(M12:O14) -> 0
Q14: 0
A15: MERCREDI | B15: =SUM(B12+1) -> 45777 | C15: CP | G15: 0 | H15: 0 | I15: 0 | J15: 0 | M15: =(F17-E17)+(L17-K17) -> 0 | N15: =(H15-G15) -> 0 | O15: =(J15-I15) -> 0 | P15: =SUM(M15:O17) -> 0
Q17: 0
A18: JEUDI | B18: =SUM(B15+1) -> 45778 | C18: FERIE | G18: 0 | H18: 0 | I18: 0 | J18: 0 | M18: =(F20-E20)+(L20-K20) -> 0 | N18: =(H18-G18) -> 0 | O18: =(J18-I18) -> 0 | P18: =SUM(M18:O20) -> 0
Q20: 0
A21: VENDREDI | B21: =SUM(B18+1) -> 45779 | C21: CP | G21: 0 | H21: 0 | I21: 0 | J21: 0 | M21: =(F23-E23)+(L23-K23) -> 0 | N21: =(H21-G21) -> 0 | O21: =(J21-I21) -> 0 | P21: =SUM(M21:O23) -> 0
Q23: 0
A24: SAMEDI | B24: =SUM(B21+1) -> 45780 | M24: =(F25-E25)+(H25-G25) -> 0 | N24: =(G25-F25)+(I25-H25) -> 0 | O24: =(H25-G25)+(J25-I25) -> 0 | P24: =(I25-H25)+(K25-J25) -> 0
A25: DIMANCHE | B25: =SUM(B24+1) -> 45781
J27: TOTAL TRAVAILLE | M27: =SUM(M9+M12+M15+M18+M21+M24+M25) -> 0 | N27: =SUM(N9+N12+N15+N18+N21+N24+N25) -> 0 | O27: =SUM(O9+O12+O15+O18+O21+O24+O25) -> 0 | P27: =SUM(P9+P12+P15+P18+P21+P24+P25) -> 0
J28: POTENTIEL SEMAINE | N28: =SUM(Q9:Q25) -> 0
J29: TOTAL SEMAINE HS | N29: =SUM(P27-N28) -> 0
J30: TOTAL PRECEDENT HS | N30: ='SEM17'!N65 -> 0.68472222
J31: NOUVEAU TOTAL HS | N31: =N29+N30 -> 0.68472222

Sheet SEM19
A4: Nom: | B4: BELIN brice
A5: semaine 19 | B5: du | C5: =SUM('SEM18'!B25+1) -> 45782 | D5: au | E5: =SUM(B97) -> 45788
E6: Route | F6: aller | G6: Client ou usine | I6: Client ou usine | K6: Route retour | M6: TOTAL | Q6: potentiel jour
A7: Jour | B7: Date | C7: Nom client ou usine | E7: Heure départ | F7: Heure arrivée | G7: Heure arrivée | H7: Heure départ | I7: Heure arrivée | J7: Heure départ | K7: Heure départ | L7: Heure arrivée | M7: Heure route | N7: Heure client | O7: Heure usine | P7: Général
A9: LUNDI | B9: =SUM(C5) -> 45782 | C9: 219254C001 218020C001 219712C001 | G9: 0.35416667 | H9: 0.52083333 | I9: 0.5625 | J9: 0.72986111 | M9: =(F36-E36)+(L36-K36) -> 0 | N9: =(H9-G9) -> 0.16666667 | O9: =(J9-I9) -> 0.16736111 | P9: =SUM(M9:O36) -> 0.33402778 | R9: 219254C001 | S9: (3h00)
S10: PADAH LNG
S11: Répondre email de Corail | U11: ok.Done
S12: Reprendre la BJ pied de bras - Hauteur 200 mm | W12: ok.Done | X12: A VALIDER PAR JCP
S13: Mettre la plan ci-dessous sur ARAS:
T14: ECD | U14: 24ECDC21925401 | W14: ok.Done | X14: ECN nr: | Y14: 1021678 | Z14: En attente validation par Doc Ctrl
R21: 218020C001 | S21: (3h00)
S22: TCC
S23: Maj des DBIs ci-dessous:
T24: Radio | U24: 2489935C2180201P | W24: ok.Done
T25: PC Maint. | U25: 24899C21802002 | W25: ok.Done
T26: Superv. | U26: 24899C21802001 | W26: ok.Done
T27: Spare part | U27: 24172C2180203A | W27: ok.Done
T28: PLC Cab. | U28: 24134C21802002 | W28: ok.Done
S29: Maj des DBIs dans ARAS | U29: ok.Done | V29: ECN nr: | W29: 1021752 | X29: En attente validation par Wael - OK
S30: Maj des paramètres CPMS+ | U30: ok.Done
R31: 219712C001 | S31: (0h30)
S32: TECHEAST
S33: Envoyer le doc IOL à Laurent Rozier | W33: ok.Done
S34: Edition du doc:
T35: Elec FAT P. | U35: LS_EFPC219871201 | W35: ok.Done | X35: A VALIDER PAR JCP
Q36: 0.29166667
A37: MARDI | B37: =SUM(B9+1) -> 45783 | C37: 219712C001 219867C001 219204C001 | G37: 0.32638889 | H37: 0.52083333 | I37: 0.55208333 | J37: 0.75208333 | M37: =(F51-E51)+(L51-K51) -> 0 | N37: =(H37-G37) -> 0.19444444 | O37: =(J37-I37) -> 0.2 | P37: =SUM(M37:O51) -> 0.39444444 | R37: 219712C001 | S37: (5h30)
S38: TECHEAST
S39: Edition du doc ci-dessous:
T40: IOL | U40: LS_IOLC21971201 | W40: ok.Done
S41: Maj du CND après commentaires JCP | V41: ok.Done | W41: ECN nr: | X41: 1021787 | Y41: En attente validation Doc CTRL
S42: Maj du plan EID | V42: ok.Done
R43: 219867C001 | S43: (1h00)
S44: MARSA LNG
S45: Edition du plan ci-dessous:
T46: PID | U46: 24PIDC21986701 | W46: In progress…
R47: 219204C001 | S47: (0h30)
S48: ARAMCO
S49: Mettre le plan ci-dessous sur ARAS:
T50: Remote Panel | U50: 2413918224701 | W50: ok.Done
Q51: 0.29166667
A52: MERCREDI | B52: =SUM(B37+1) -> 45784 | C52: 214936C001 219867C001 214365C001 219254C001 | G52: 0.32291667 | H52: 0.52083333 | I52: 0.5625 | J52: 0.75416667 | M52: =(F70-E70)+(L70-K70) -> 0 | N52: =(H52-G52) -> 0.19791667 | O52: =(J52-I52) -> 0.19166667 | P52: =SUM(M52:O70) -> 0.38958333 | R52: 214936C001 | S52: (0h30)
S53: WISON
S54: Lire emails de Mathier G. | U54: ok.Done
S55: Préparer une réponse | U55: ok.Done | V55: Fait par FPR
R56: 219867C001 | S56: (5h30)
S57: MARSA LNG
S58: Edition du plan ci-dessous:
T59: PID | U59: 24PIDC21986701 | W59: In progress…
T60: Consultatin | U60: LS_PSxC21986701 | W60: In progress… | X60: Vérifiez les plans à fournir et comparer à la VDL
R61: 214365C001 | S61: (0h30)
S62: TR
S63: Maj du plan document ci-dessous:
T64: HPU Noise | U64: LS_NDSC21436501 | W64: Rev 1 client | X64: Approved For Construction | Z64: In progress… | AA64: En attente retour d'ATOS
T65: Envoyer le document commenté à ATOS | W65: ok.Done | X65: En attente retour d'ATOS
R66: 219254C001 | S66: (0h30)
S67: PADAH LNG
S68: Répondre à l'email d'Ahmed Cherichi | V68: ok.Done
Q70: 0.29166667
A71: JEUDI | B71: =SUM(B52+1) -> 45785 | C71: FERIE | G71: 0 | H71: 0 | I71: 0 | J71: 0 | M71: =(F73-E73)+(L73-K73) -> 0 | N71: =(H71-G71) -> 0 | O71: =(J71-I71) -> 0 | P71: =SUM(M71:O73) -> 0
Q73: 0
A74: VENDREDI | B74: =SUM(B71+1) -> 45786 | C74: RA222759 218020C001 219867C001 | G74: 0.35902778 | H74: 0.52083333 | I74: 0.5625 | J74: 0.72916667 | M74: =(F95-E95)+(L95-K95) -> 0 | N74: =(H74-G74) -> 0.16180556 | O74: =(J74-I74) -> 0.16666667 | P74: =SUM(M74:O95) -> 0.32847222 | R74: RA22-2759 | S74: (0h30)
S75: MRY
S76: Envoyer la dernière version PLC à ACTEMIUM (Mr Magnan) | W76: ok.Done
R77: 218020C001 | S77: (1h30)
S78: TCC
S79: Imprimez les docs pour déplacements | V79: ok.Done
T80: FAT Elec. | U80: LS_EFPC21802001 | W80: ok.Done
T81: LS_ITP | U81: LS_ITPC21802001 | W81: ok.Done
T82: Interco | U82: 24EIDC21802001 | W82: ok.Done
T83: Hydrau. | U83: 24136C21802001 | W83: ok.Done
R84: 219867C001 | S84: (5h00)
S85: MARSA LNG
S86: Meeting JCP & Wael sur doc PID
S87: Edition du plan ci-dessous:
T88: PID | U88: 24PIDC21986701 | W88: In progress…
V89: LCP | X89: ok.Done
V90: HPU | X90: In progress…
T91: IOL | U91: LS_IOLC21986701 | W91: Not Started
S92: Edition des dossiers de consultations:
T93: Elec | U93: LS_PSEC21986701-E | W93: ok.Done
T94: Hydrau. | U94: LS_PSHC21986701-H | W94: ok.Done
Q95: 0.29166667
A96: SAMEDI | B96: =SUM(B74+1) -> 45787 | M96: =(F96-E96)+(L96-K96) -> 0 | N96: =(H96-G96)+(J96-I96) -> 0 | O96: =(H96-G96)+(J96-I96) -> 0 | P96: =SUM(M96:O97) -> 0
A97: DIMANCHE | B97: =SUM(B96+1) -> 45788
J99: TOTAL TRAVAILLE | M99: =SUM(M9+M37+M52+M71+M74+M96+M97) -> 0 | N99: =SUM(N9+N37+N52+N71+N74+N96+N97) -> 0.72083333 | O99: =SUM(O9+O37+O52+O71+O74+O96+O97) -> 0.72569444 | P99: =SUM(P9+P37+P52+P71+P74+P96+P97) -> 1.4465278
J100: POTENTIEL SEMAINE | N100: =SUM(Q9:Q97) -> 1.1666667
J101: TOTAL SEMAINE HS | N101: =SUM(P99-N100) -> 0.27986111
J102: TOTAL PRECEDENT HS | N102: ='SEM18'!N31 -> 0.68472222
J103: NOUVEAU TOTAL HS | N103: =N101+N102 -> 0.96458333

Sheet SEM20
A4: Nom: | B4: BELIN brice
A5: semaine 20 | B5: du | C5: =SUM('SEM19'!B97+1) -> 45789 | D5: au | E5: =SUM(B73) -> 45795
E6: Route | F6: aller | G6: Client ou usine | I6: Client ou usine | K6: Route retour | M6: TOTAL | Q6: potentiel jour
A7: Jour | B7: Date | C7: Nom client ou usine | E7: Heure départ | F7: Heure arrivée | G7: Heure arrivée | H7: Heure départ | I7: Heure arrivée | J7: Heure départ | K7: Heure départ | L7: Heure arrivée | M7: Heure route | N7: Heure client | O7: Heure usine | P7: Général
A9: LUNDI | B9: =SUM(C5) -> 45789 | C9: 218020C001 219712C001 | E9: 0.4375 | F9: 0.75 | G9: 0.35902778 | H9: 0.4375 | I9: 0.71875 | J9: 0.77083333 | K9: 0 | L9: 0 | M9: =(F9-E9)+(L9-K9) -> 0.3125 | N9: =(H9-G9) -> 0.078472222 | O9: =(J9-I9) -> 0.052083333 | P9: =SUM(M9:O21) -> 0.44305556 | R9: 219712C001 | S9: (2h00)
S10: TECHEAST
S11: Mettre la SDCL ACTEMIUM dans le projet | W11: ok.Done
R13: 218020C001 | S13: (7h00)
S14: TCC
S15: Route aller chez ACTEMIUM | U15: ok.Done
Q21: 0.29166667
A22: MARDI | B22: =SUM(B9+1) -> 45790 | C22: FAT ELEC 218020C001 | E22: 0.33333333 | F22: 0.33611111 | G22: 0.33611111 | H22: 0.52083333 | I22: 0.5625 | J22: 0.80208333 | K22: 0.75 | L22: 0.77083333 | M22: =(F22-E22)+(L22-K22) -> 0.023611111 | N22: =(H22-G22) -> 0.18472222 | O22: =(J22-I22) -> 0.23958333 | P22: =SUM(M22:O27) -> 0.44791667 | R22: 218020C001
S23: TCC
S24: FAT électrique chez ACTEMIUM | U24: ok.Done
Q27: 0.29166667
A28: MERCREDI | B28: =SUM(B22+1) -> 45791 | C28: FAT ELEC 218020C001 | E28: 0 | F28: 0 | G28: 0 | H28: 0 | I28: 0.5625 | J28: 0.72430556 | K28: 0.33333333 | L28: 0.60416667 | M28: =(F28-E28)+(L28-K28) -> 0.27083333 | N28: =(H28-G28) -> 0 | O28: =(J28-I28) -> 0.16180556 | P28: =SUM(M28:O36) -> 0.43263889 | R28: 218020C001
S29: TCC
S30: Retour de chez ACTEMIUM | U30: ok.Done
R31: 219712C001
S32: TECHEAST
S33: Répondre sur la SDCL Rev1 ACE | V33: ok.Done
S34: Répondre sur la SDCL Rev1 ATOS | V34: ok.Done
Q36: 0.29166667
A37: JEUDI | B37: =SUM(B28+1) -> 45792 | C37: 218020C001 219712C001 213996C001 | G37: 0.35902778 | H37: 0.52083333 | I37: 0.55208333 | J37: 0.70069444 | M37: =(F54-E54)+(L54-K54) -> 0 | N37: =(H37-G37) -> 0.16180556 | O37: =(J37-I37) -> 0.14861111 | P37: =SUM(M37:O54) -> 0.31041667 | R37: 219712C001 | S37: (1h00)
S38: TECHEAST
S39: Répondre sur la SDCL Rev 3 ACE | V39: ok.Done
S40: Régarder le retour d'ATOS sur la SDCL | V40: In progress…
R41: 218020C001 | S41: (3h00)
S42: Scanner le rapport de FAT | V42: ok.Done
S43: Le renvoyer à ACTEMIUM & Inspecteur TALABARDON | W43: ok.Done
S44: Copier les éléments ci-dessous sur le sharepoint 218020C001 TCC/ACTEMIUM/FAT:
T45: FAT Report | U45: LS_EFPC21802001 | W45: ok.Done
T46: ITP | U46: LS_ITPC2180200 | W46: ok.Done
T47: Etal. Multi. | W47: ok.Done
T48: Photos LCP & PLCC | W48: ok.Done
T49: Certificats IECEX, CCC, peinture | W49: ok.Done
S50: Faire la NDF | T50: In progress… | U50: En attente de validation Manager
R51: 213996C001 | S51: (1h00)
S52: PLAQUEMINES
S53: Conf call pour problème de radio sur site | V53: ok.Done
Q54: 0.29166667
A55: VENDREDI | B55: =SUM(B37+1) -> 45793 | C55: 218020C001 219712C001 219254C001 | G55: 0.35694444 | H55: 0.52083333 | I55: 0.55208333 | J55: 0.67361111 | M55: =(F71-E71)+(L71-K71) -> 0 | N55: =(H55-G55) -> 0.16388889 | O55: =(J55-I55) -> 0.12152778 | P55: =SUM(M55:O71) -> 0.28541667 | R55: 218020C001 | S55: (4h00)
S56: TCC
S57: Maj du plan ci-dessous:
T58: EID | U58: 24EIDC21802001 | W58: Maj du tag des bras | Y58: ok.Done
S59: Répondre à la SDCL d'ATOS | U59: ok.Done
R60: 219712C001 | S60: (2h30)
S61: TECHEAST
S62: Répondre à la SDCL d'ALSYMEX | V62: ok.Done
S63: Répondre à la SDCL d'ACTEMIUM | V63: ok.Done
S64: Edition du plan/doc ci-dessous:
T65: Tag list | U65: LS_taglistC21971201 | W65: In progress…
T66: EOM | U66: 24EOAC21971201 | W66: In progress…
R67: 219254C001 | S67: (0h30)
S68: PADAH LNG
S69: Répondre à l'email de David concernant le retour des BJs | W69: ok.Done
Q71: 0.29166667
A72: SAMEDI | B72: =SUM(B55+1) -> 45794 | M72: =(F72-E72)+(L72-K72) -> 0 | N72: =(H72-G72)+(J72-I72) -> 0 | O72: =(H72-G72)+(J72-I72) -> 0 | P72: =SUM(M72:O73) -> 0
A73: DIMANCHE | B73: =SUM(B72+1) -> 45795
J75: TOTAL TRAVAILLE | M75: =SUM(M9+M22+M28+M37+M55+M72+M73) -> 0.60694444 | N75: =SUM(N9+N22+N28+N37+N55+N72+N73) -> 0.58888889 | O75: =SUM(O9+O22+O28+O37+O55+O72+O73) -> 0.72361111 | P75: =SUM(P9+P22+P28+P37+P55+P72+P73) -> 1.9194444
J76: POTENTIEL SEMAINE | N76: =SUM(Q9:Q73) -> 1.4583333
J77: TOTAL SEMAINE HS | N77: =SUM(P75-N76) -> 0.46111111
J78: TOTAL PRECEDENT HS | N78: ='SEM19'!N103 -> 0.96458333
J79: NOUVEAU TOTAL HS | N79: =N77+N78 -> 1.4256944

Sheet SEM21
A4: Nom: | B4: BELIN brice
A5: semaine 21 | B5: du | C5: =SUM('SEM20'!B73+1) -> 45796 | D5: au | E5: =SUM(B108) -> 45802
E6: Route | F6: aller | G6: Client ou usine | I6: Client ou usine | K6: Route retour | M6: TOTAL | Q6: potentiel jour
A7: Jour | B7: Date | C7: Nom client ou usine | E7: Heure départ | F7: Heure arrivée | G7: Heure arrivée | H7: Heure départ | I7: Heure arrivée | J7: Heure départ | K7: Heure départ | L7: Heure arrivée | M7: Heure route | N7: Heure client | O7: Heure usine | P7: Général
A9: LUNDI | B9: =SUM(C5) -> 45796 | C9: 213996C001 Meeting RA192454 IQ 219254C001 219867C001 219712C001 | G9: 0.35555556 | H9: 0.5 | I9: 0.56944444 | J9: 0.72847222 | M9: =(F9-E9)+(L9-K9) -> 0 | N9: =(H9-G9) -> 0.14444444 | O9: =(J9-I9) -> 0.15902778 | P9: =SUM(M9:O35) -> 0.30347222 | R9: 213996C001 | S9: (1h00)
S10: Plaquemines
S11: Problème de mvt d'un bras sur la jetée 1 sans utiliser la radio | X11: ok.Done
R12: Meeting | S12: (0h30)
S13: Meeting sur les projets avec JCP / Wael | W13: ok.Done
R14: RA192454 | S14: (0h30)
S15: BP TORTUE
S16: Aide au Support Line TEN | V16: ok.Done
R17: IQ | S17: (0h30)
S18: Meeting avec Doc Control | V18: ok.Done
R19: 219867C001 | S19: (0h30)
S20: MARSA
S21: Remplir la VDL avec les informations manquantes | W21: In progress… | X21: A REMPLIR AVEC JCP
R22: 219254C001 | S22: (1h00)
S23: PADAH LNG
T24: Meeting avec JCP | V24: ok.Done
T25: Meeting avec BE Meca | V25: ok.Done
R26: 219712C001 | S26: (3h00)
S27: TECHEAST
T28: Répondre à la SDCL d'ACTEMIUM | W28: ok.Done
T29: Editer le doc LS_PSEC21971201 Rev1 pour ALSYMEX | X29: ok.Done
T30: Maj du DBI ci-dessous:
U31: LCP | V31: 24134C21971201 | X31: ok.Done | Y31: ECN nr: | Z31: 1022029
T32: Editer email Class1 | V32: ok.Done
T33: Finir le plan ci-dessous:
U34: EOA | V34: 24EOAC21971201 | X34: In progress… | Y34: Finit le tableau de nomenclature
Q35: 0.29166667
A36: MARDI | B36: =SUM(B9+1) -> 45797 | C36: 219712C001 219254C001 RA172190 Projets 214365C001 | G36: 0.32777778 | H36: 0.52083333 | I36: 0.55208333 | J36: 0.72916667 | M36: =(F36-E36)+(L36-K36) -> 0 | N36: =(H36-G36) -> 0.19305556 | O36: =(J36-I36) -> 0.17708333 | P36: =SUM(M36:O60) -> 0.37013889 | R36: 219712C001 | S36: (3h30)
S37: TECHEAST
T38: Finir le plan ci-dessous:
U39: EOA | V39: 24EOAC21971201 | X39: In progress…
T40: Création du kit H&E MLA-1 & 2 | V40: 248990821971221 | X40: ok.Done | Y40: Status | Z40: PRELIMINARY
T41: Création de la spec LS_TAGLIST | V41: LS_TAGLISTC21971201 | X41: ok.Done | Y41: Status | Z41: RELEASED
T42: Création de la BJ Embase (7P) | V42: 24JBDC21634001 | X42: ok.Done | Y42: ECN nr: | Z42: 1022046 | AA42: EN ATTENTE VALIDATION WAEL
U43: création de la spec | W43: LS_JBSC21971201 | Y43: ok.Done
T44: Création des spare parts | X44: ok.Done
R45: 219254C001 | S45: (2h00)
S46: PADAH LNG
T47: Clarifier le CND pour ACTEMIUM | X47: In progress…
T48: Appeler Christophe POLLIER
T49: Vérifiez la liste de Spare part pour les valider dans ARAS | X49: ok.Done
R50: RA172190 | S50: (1h00)
S51: HOEGH
S52: Préparer la CRS sur le retour des docs envoyés par le client | X52: ok.Done
R53: Points doc projets | S53: (0h30)
S54: Meeting avec François / Wael / moi | V54: ok.Done
R56: 214365C001 | S56: (1h00)
S57: TR
S58: Faire la CRS sur le plan HPU Noise Data Sheet | V58: LS_NDSC21436501 | X58: ok.Done | Y58: A ENVOYER AU DOC CONTROL
S59: Voir le retour SDE | V59: LS_SDEC21436501 | X59: In progress… | Y59: EN ATTENTE DU RETOUR D'ACTEMIUM
Q60: 0.29166667
A61: MERCREDI | B61: =SUM(B36+1) -> 45798 | C61: 219867C001 RA172190 BE CS 219204C001 219030C001 MID-Review | G61: 0.30902778 | H61: 0.52083333 | I61: 0.56597222 | J61: 0.72916667 | M61: =(F61-E61)+(L61-K61) -> 0 | N61: =(H61-G61) -> 0.21180556 | O61: =(J61-I61) -> 0.16319444 | P61: =SUM(M61:O83) -> 0.375 | R61: 219867C001 | S61: (3h00)
S62: MARSA
T63: Edition du plan:
U64: PID | V64: 24PIDC21986701 | X64: In progress…
R65: RA172190 | S65: (1h00)
S66: HOEGH
S67: Meeting avec françois / Mathieu pour les CRS LCP et TBWD | X67: ok.Done
S68: Envoyer les CRS à Mathieu avec les commentaires du client | X68: ok.Done
R69: BE CS | S69: (1h00)
S70: Meeting avec françois / Camille pour des pbs de rétraction CPMS | X70: ok.Done
S71: Envoyer les progs PLC MRY & TAICHUNG à Camille | X71: ok.Done
R72: 219204C001 | S72: (1H00)
S73: ARAMCO
T74: Maj du DBI | U74: 24899351822472P | W74: ok.Done | X74: EN ATTENTE DE VALIDATION PAR WAEL
T75: Donnez feu vert pour expedition | W75: ok.Done
R76: 219030C001 | S76: (1h00)
S77: TAL OIL
T78: Maj des DBIs
U79: 2489935C21903001 / 03 / 05 / 07 | W79: ok.Done | X79: EN ATTENTE DE VALIDATION PAR WAEL
U80: 24000C21903001 / 02 / 03 / 074 | W80: ok.Done
T81: Donnez feu vert pour expedition | W81: ok.Done
Q83: 0.29166667
A84: JEUDI | B84: =SUM(B61+1) -> 45799 | C84: 219867C001 | G84: 0.36736111 | H84: 0.52083333 | I84: 0.5625 | J84: 0.69444444 | M84: =(F84-E84)+(L84-K84) -> 0 | N84: =(H84-G84) -> 0.15347222 | O84: =(J84-I84) -> 0.13194444 | P84: =SUM(M84:O92) -> 0.28541667 | R84: 219867C001 | S84: (6h30)
S85: MARSA
T86: Edition du plan:
U87: PID | V87: 24PIDC21986701 | X87: In progress…
S88: Meeting Formalisme Rules | U88: ok.Done
R89: 219712C001 | S89: (0h30)
S90: TECHEAST
T91: Réponde à la SDCL d'ATOS | V91: ok.Done
Q92: 0.29166667
A93: VENDREDI | B93: =SUM(B84+1) -> 45800 | C93: 219867C001 219254C001 219124C001 Maquette PRELUDE | G93: 0.35763889 | H93: 0.52083333 | I93: 0.5625 | J93: 0.68333333 | M93: =(F93-E93)+(L93-K93) -> 0 | N93: =(H93-G93) -> 0.16319444 | O93: =(J93-I93) -> 0.12083333 | P93: =SUM(M93:O106) -> 0.28402778 | R93: 219867C001 | S93: (2h00)
S94: MARSA
T95: Edition du plan:
U96: PID | V96: 24PIDC21986701 | X96: In progress…
R97: 219254C001 | S97: (1h30)
S98: PADAH LNG
S99: Meeting avec le client
R100: 219124C001 | S100: (0h30)
S101: ARAMCO
S102: Meeting avec Robin surE&H on Dock | V102: ok.Done
R103: Maquette PRELUDE | S103: (2h30)
S104: Aide sur lamaquette pour problème sur la Supervision CPMS+
S105: Recherche du PC + sauvearde
Q106: 0.29166667
...

Sheet SEM22
A4: Nom: | B4: BELIN brice
A5: semaine 22 | B5: du | C5: =SUM('SEM21'!B108+1) -> 45803 | D5: au | E5: =SUM(B44) -> 45809
E6: Route | F6: aller | G6: Client ou usine | I6: Client ou usine | K6: Route retour | M6: TOTAL | Q6: potentiel jour
A7: Jour | B7: Date | C7: Nom client ou usine | E7: Heure départ | F7: Heure arrivée | G7: Heure arrivée | H7: Heure départ | I7: Heure arrivée | J7: Heure départ | K7: Heure départ | L7: Heure arrivée | M7: Heure route | N7: Heure client | O7: Heure usine | P7: Général
A9: LUNDI | B9: =SUM(C5) -> 45803 | C9: 219867C001 Mid Year Rev. 219254C001 220165c001 | G9: 0.35833333 | H9: 0.52083333 | I9: 0.55208333 | J9: 0.73333333 | M9: =(F25-E25)+(L25-K25) -> 0 | N9: =(H9-G9) -> 0.1625 | O9: =(J9-I9) -> 0.18125 | P9: =SUM(M9:O25) -> 0.34375 | R9: 219867C001 | S9: (5h30)
S10: MARSA
T11: Edition du plan:
U12: PID | V12: 24PIDC21986701 | X12: In progress…
R13: Mid Year Review | S13: (1h00)
S14: Meeting avec françois | U14: ok.Done
R15: 219254C001 | S15: (1h00)
S16: PADAH LNG
T17: Mettre les plans ACE sur ARAS
U18: HPU | V18: 24136C21925401 | X18: ok.Done | Y18: ECN nr: | Z18: 1022173 | AA18: EN ATTENTE VALIDATION DOC CTRL
U19: SVA | V19: 24133C21925401 | X19: ok.Done | Y19: ECN nr: | Z19: 1022173
U20: ERS ACCU | V20: 24141C21925401 | X20: ok.Done | Y20: ECN nr: | Z20: 1022173
R21: 220165C001 | S21: (0h30)
S22: TEN AUSTRALIA - CHEVRON
T23: Création du PN Top Lvl | V23: ok.Done
T24: Edition de la trame excel | V24: ok.Done
Q25: 0.29166667
A26: MARDI | B26: =SUM(B9+1) -> 45804 | C26: 219867C001 | G26: 0.33611111 | H26: 0.5 | I26: 0.5625 | J26: 0.75069444 | M26: =(F26-E26)+(L26-K26) -> 0 | N26: =(H26-G26) -> 0.16388889 | O26: =(J26-I26) -> 0.18819444 | P26: =SUM(M26:O31) -> 0.35208333 | R26: 219867C001 | S26: (7h00)
S27: MARSA
T28: Edition du plan:
U29: PID | V29: 24PIDC21986701 | X29: In progress…
Q31: 0.29166667
A32: MERCREDI | B32: =SUM(B26+1) -> 45805 | C32: 219867C001 | G32: 0.32430556 | H32: 0.52083333 | I32: 0.5625 | J32: 0.72916667 | M32: =(F32-E32)+(L32-K32) -> 0 | N32: =(H32-G32) -> 0.19652778 | O32: =(J32-I32) -> 0.16666667 | P32: =SUM(M32:O36) -> 0.36319444 | R32: 219867C001 | S32: (7h00)
S33: MARSA
T34: Edition du plan:
U35: PID | V35: 24PIDC21986701 | X35: In progress…
Q36: 0.29166667
A37: JEUDI | B37: =SUM(B32+1) -> 45806 | C37: FERIE | G37: 0 | H37: 0 | I37: 0 | J37: 0 | M37: =(F37-E37)+(L37-K37) -> 0 | N37: =(H37-G37) -> 0 | O37: =(J37-I37) -> 0 | P37: =SUM(M37:O39) -> 0
AC38: (2h00)
Q39: 0 | AC39: (1h30)
A40: VENDREDI | B40: =SUM(B37+1) -> 45807 | C40: RTT | G40: 0 | H40: 0 | I40: 0 | J40: 0 | M40: =(F40-E40)+(L40-K40) -> 0 | N40: =(H40-G40) -> 0 | O40: =(J40-I40) -> 0 | P40: =SUM(M40:O42) -> 0
Q42: 0
A43: SAMEDI | B43: =SUM(B40+1) -> 45808 | E43: 0 | F43: 0 | G43: 0 | H43: 0 | I43: 0 | J43: 0 | K43: 0 | L43: 0 | M43: =(F43-E43)+(L43-K43) -> 0 | N43: =(H43-G43) -> 0 | O43: =(J43-I43) -> 0 | P43: =SUM(M43:O44) -> 0
A44: DIMANCHE | B44: =SUM(B43+1) -> 45809 | E44: 0 | F44: 0 | G44: 0 | H44: 0 | I44: 0 | J44: 0 | K44: 0 | L44: 0 | M44: 0 | N44: =(H44-G44) -> 0 | O44: =(J44-I44) -> 0 | P44: =SUM(M44:O45) -> 0
J46: TOTAL TRAVAILLE | M46: =SUM(M9+M26+M32+M37+M40+M43+M44) -> 0 | N46: =SUM(N9+N26+N32+N37+N40+N43+N44) -> 0.52291667 | O46: =SUM(O9+O26+O32+O37+O40+O43+O44) -> 0.53611111 | P46: =SUM(P9+P26+P32+P37+P40+P43+P44) -> 1.0590278
J47: POTENTIEL SEMAINE | N47: =SUM(Q9:Q44) -> 0.875
J48: TOTAL SEMAINE HS | N48: =SUM(P46-N47) -> 0.18402778
J49: TOTAL PRECEDENT HS | N49: ='SEM21'!N114 -> 1.5854167
J50: NOUVEAU TOTAL HS | N50: =N48+N49 -> 1.7694444

Sheet SEM23
A4: Nom: | B4: BELIN brice
A5: semaine 23 | B5: du | C5: =SUM('SEM22'!B44+1) -> 45810 | D5: au | E5: =SUM(B51) -> 45816
E6: Route | F6: aller | G6: Client ou usine | I6: Client ou usine | K6: Route retour | M6: TOTAL | Q6: potentiel jour
A7: Jour | B7: Date | C7: Nom client ou usine | E7: Heure départ | F7: Heure arrivée | G7: Heure arrivée | H7: Heure départ | I7: Heure arrivée | J7: Heure départ | K7: Heure départ | L7: Heure arrivée | M7: Heure route | N7: Heure client | O7: Heure usine | P7: Général
A9: LUNDI | B9: =SUM(C5) -> 45810 | C9: 219867C001 218020C001 | G9: 0.32847222 | H9: 0.52083333 | I9: 0.54166667 | J9: 0.73958333 | M9: =(F19-E19)+(L19-K19) -> 0 | N9: =(H9-G9) -> 0.19236111 | O9: =(J9-I9) -> 0.19791667 | P9: =SUM(M9:O19) -> 0.39027778 | R9: 219867C001 | S9: (6h00)
S10: MARSA
T11: Edition du plan:
U12: PID | V12: 24PIDC21986701 | X12: ok.Done
U13: IOL | V13: LS_IOLC21986701 | X13: In progress…
R14: 218020C001 | S14: (2h00)
S15: TCC
T16: Préremplir la FAT hydrauliq
U17: date | V17: ok.Done
U18: rev des docs | V18: ok.Done
Q19: 0.29166667 | U19: coche, etc…. | V19: ok.Done
A20: MARDI | B20: =SUM(B9+1) -> 45811 | C20: 219867C001 218020C001 | G20: 0.32291667 | H20: 0.52430556 | I20: 0.55208333 | J20: 0.7375 | M20: =(F29-E29)+(L29-K29) -> 0 | N20: =(H20-G20) -> 0.20138889 | O20: =(J20-I20) -> 0.18541667 | P20: =SUM(M20:O29) -> 0.38680556 | R20: 219867C001 | S20: (6h00)
S21: MARSA
T22: Edition du plan:
U23: IOL | V23: LS_IOLC21986701 | X23: In progress…
V24: Préparation de la page de garde MARSA
U25: UCL | V25: LS_UCLC21986701 | X25: ok.Done | Y25: EN ATTENTE VALIDATION JCP
R26: 218020C001 | S26: (1h00)
S27: TCC
T28: Préremplir la FAT hydrauliq | V28: ok.Done
Q29: 0.29166667
A30: MERCREDI | B30: =SUM(B20+1) -> 45812 | C30: FAT HYDRO 218020C001 219254C001 219867C01 | G30: 0.33333333 | H30: 0.51041667 | I30: 0 | J30: 0 | K30: 0.54166667 | L30: 0.79166667 | M30: =(F30-E30)+(L30-K30) -> 0.25 | N30: =(H30-G30) -> 0.17708333 | O30: =(J30-I30) -> 0 | P30: =SUM(M30:O40) -> 0.42708333 | R30: 218020C001 | S30: (1h00)
S31: TCC
S32: FAT hydraulique chez ATOS | U32: in progress…
T33: Mettre les plans returné par ACTEMUM sur ARAS | W33: in progress…
R34: 219254C001 | S34: (1h00)
S35: PADAH LNG
S36: Renvoyer l'ECN 1021480 à Christelle avec les plans ACTEMIUM à jour (ajout du cartouche client) | Z36: ok.Done
R37: 219867C001 | S37: (1h00)
S38: MARSA LNG
T39: Ajouter pge garde MARSA dan doc UCL | W39: ok.Done
Q40: 0.29166667
A41: JEUDI | B41: =SUM(B30+1) -> 45813 | C41: FAT HYDRO 218020C001 | E41: 0.32986111 | F41: 0.33333333 | G41: 0.33333333 | H41: 0.52083333 | I41: 0.5625 | J41: 0.75 | K41: 0.75 | L41: 0.75347222 | M41: =(F41-E41)+(L41-K41) -> 0.0069444444 | N41: =(H41-G41) -> 0.1875 | O41: =(J41-I41) -> 0.1875 | P41: =SUM(M41:O44) -> 0.38194444 | R41: 218020C001
S42: TCC
S43: FAT hydraulique chez ATOS | U43: ok.Done
Q44: 0.29166667
A45: VENDREDI | B45: =SUM(B41+1) -> 45814 | C45: FAT HYDRO 218020C001 | E45: 0.27083333 | F45: 0.58333333 | G45: 0 | H45: 0 | I45: 0.58333333 | J45: 0.66666667 | M45: =(F45-E45)+(L45-K3) -> 0.3125 | N45: =(H45-G45) -> 0 | O45: =(J45-I45) -> 0.083333333 | P45: =SUM(M45:O49) -> 0.39583333 | R45: 218020C001
S46: TCC
S47: FAT hydraulique chez ATOS | U47: ok.Done
Q49: 0.29166667
A50: SAMEDI | B50: =SUM(B45+1) -> 45815 | M50: 7 | N50: =(H50-G50)+(J50-I50) -> 0 | O50: =(H50-G50)+(J50-I50) -> 0 | P50: =SUM(M50:O51) -> 7
A51: DIMANCHE | B51: =SUM(B50+1) -> 45816
J53: TOTAL TRAVAILLE | M53: =SUM(M9+M20+M30+M41+M45+M50+M51) -> 7.5694444 | N53: =SUM(N9+N20+N30+N41+N45+N50+N51) -> 0.75833333 | O53: =SUM(O9+O20+O30+O41+O45+O50+O51) -> 0.65416667 | P53: =SUM(P9+P20+P30+P41+P45+P50+P51) -> 8.9819444
J54: POTENTIEL SEMAINE | N54: =SUM(Q9:Q51) -> 1.4583333
J55: TOTAL SEMAINE HS | N55: =SUM(P53-N54) -> 7.5236111
J56: TOTAL PRECEDENT HS | N56: ='SEM22'!N50 -> 1.7694444
J57: NOUVEAU TOTAL HS | N57: =N55+N56 -> 9.2930556

Sheet SEM24
A4: Nom: | B4: BELIN brice
A5: semaine 24 | B5: du | C5: =SUM('SEM23'!B51+1) -> 45817 | D5: au | E5: =SUM(B100) -> 45823
E6: Route | F6: aller | G6: Client ou usine | I6: Client ou usine | K6: Route retour | M6: TOTAL | Q6: potentiel jour
A7: Jour | B7: Date | C7: Nom client ou usine | E7: Heure départ | F7: Heure arrivée | G7: Heure arrivée | H7: Heure départ | I7: Heure arrivée | J7: Heure départ | K7: Heure départ | L7: Heure arrivée | M7: Heure route | N7: Heure client | O7: Heure usine | P7: Général
A9: LUNDI | B9: =SUM(C5) -> 45817 | C9: FERIE | G9: 0 | H9: 0 | I9: 0 | J9: 0 | M9: =(F9-E9)+(L9-K9) -> 0 | N9: =(H9-G9) -> 0 | O9: =(J9-I9) -> 0 | P9: =SUM(M9:O12) -> 0
Q12: 0
A13: MARDI | B13: =SUM(B9+1) -> 45818 | C13: 219254C001 220224C001 218020C001 RA172190 217147C001 219124C001 214365C001 | G13: 0.32430556 | H13: 0.52083333 | I13: 0.55208333 | J13: 0.71666667 | M13: =(F13-E13)+(L13-K13) -> 0 | N13: =(H13-G13) -> 0.19652778 | O13: =(J13-I13) -> 0.16458333 | P13: =SUM(M13:O40) -> 0.36111111 | R13: 219254C001 | S13: (1h00)
S14: PADAH
S15: Conf call avec Christophe P (Actémium) | V15: ok.Done
R16: 220224C001 | S16: (1h30)
S17: ADNOC
S18: Préparation du dossier | U18: ok.Done
S19: KoM | T19: ok.Done
R20: 218020C001 | S20: (0h30)
S21: TCC
S22: Envoyer le rapport de FAT hydro au PM | V22: in progress…
R23: RA172190 | S23: (0h30)
S24: HOEGH
S25: Mettre le plan TBWD sur ARAS | V25: ok.Done | W25: EN ATTENTE VALIDATION ECN PAR DOC CTRL
R26: 217147C001 | S26: (0h30)
S27: COIGN
S28: Conf call avec ALSYMEX | U28: ok.Done
S29: Répondre à email d'Orla | U29: ok.Done
R30: 219124C001 | S30: (0h30)
S31: ARAMCO
S32: Conf call avec Wael sur hydraulique on dock | W32: ok.Done
R33: 214365C001 | S33: (1h00)
S34: TR
S35: Envoyer ECN à ACTEMIUM: | V35: ok.Done | W35: ECN nr: | X35: 1022439
S36: Chercher les modifications effectuées en Yard Test | W36: in progress… | X36: EN ATTENTE RETOUR JCP
R37: 218707C001 | S37: (1h30)
S38: ADRIATIC
S39: Maj des paramètres PMS+ | U39: in progress…
Q40: 0.29166667
A41: MERCREDI | B41: =SUM(B13+1) -> 45819 | C41: 218707C001 214365C001 RA172190 219254C001 | G41: 0.27847222 | H41: 0.5 | I41: 0.5 | J41: 0.60416667 | M41: =(F41-E41)+(L41-K41) -> 0 | N41: =(H41-G41) -> 0.22152778 | O41: =(J41-I41) -> 0.10416667 | P41: =SUM(M41:O59) -> 0.32569444 | R41: 218707C001 | S41: (2h00)
S42: ADRIATIC
S43: Maj des paramètres PMS+ | U43: in progress…
S44: Test d'ouverture de l'archive PMS+ sur WinCC v7,5 | W44: NE MARCHE PAS. VERSION V6.0. TROP D'ECART DE VERSION
R45: 214365C001 | S45: (2h00)
S46: TR
S47: Chercher les modifications effectuées en Yard Test | W47: in progress… | X47: EN ATTENTE RETOUR JCP | AA47: ok.Done
T48: Voir programme PLC P380_QATARGAS_V18_after_yardtest_20241022_003.zap18 | Z48: ok.Done
S49: Envoyer ce programme à ACTEMIUM | V49: ok.Done
R50: RA172190 | S50: (2h00)
S51: HOEGH
S52: Meeting avec JCP pour ce qu'il y a à modifier | W52: ok.Done
S53: Envoi du doc 2412517219001 à Mathieu G. | W53: ok.Done | X53: EN ATTENTE VALIDATION MG
S54: Maj du DBI Electric On Dock (ajustement des longiueurs de câbles) | X54: in progress…
R56: 219254C001 | S56: (1h00)
S57: PADAH LNG
S58: Maj du CND avec les 5s dans la partie Lock/Unlock Arm | X58: ok.Done
Q59: 0.29166667
A60: JEUDI | B60: =SUM(B41+1) -> 45820 | C60: TEC T2 218020C001 220224C001 219712C001 RA172190 | G60: 0.36944444 | H60: 0.52083333 | I60: 0.5625 | J60: 0.76111111 | M60: =(F60-E60)+(L60-K60) -> 0 | N60: =(H60-G60) -> 0.15138889 | O60: =(J60-I60) -> 0.19861111 | P60: =SUM(M60:O72) -> 0.35 | R60: TEC T2 | S60: (2h00)
S61: Meeting BE CS & BE MECA | V61: ok.Done
R62: 218020C001 | S62: (1h00)
S63: TCC
S64: NDF pour FAT hydro | U64: in progress…
R65: 220224C001 | S65: (0h30)
S66: ADNOC
S67: Créer le PN TOP LVL | U67: ok.Done | V67: EN ATTENTE PN TOP LEVEL BE MECA
R68: RA172190 | S68: (3h30)
S69: HOGH
S70: Maj du doc H&E on Dock | U70: 2412517219001 | W70: ok.Done | X70: EN ATTENTE D VALIDATIION DE MG | AA70: ok.Done
Q72: 0.29166667
A73: VENDREDI | B73: =SUM(B60+1) -> 45821 | C73: 220224C001 RA172190 219124C001 219867C001 214365C001 | G73: 0.36111111 | H73: 0.52083333 | I73: 0.55208333 | J73: 0.67708333 | M73: =(F73-E73)+(L73-K73) -> 0 | N73: =(H73-G73) -> 0.15972222 | O73: =(J73-I73) -> 0.125 | P73: =SUM(M73:O98) -> 0.28472222 | R73: 220224C001 | S73: (0h30)
S74: ADNOC
S75: Création des PNs ci-dessous:
T76: Hydro on dock | V76: 24028C22022401 | X76: in progress…
T77: Elec on Dock | V77: 24029C22022401 | X77: in progress…
S78: Préparer la trame excel | U78: in progress…
R79: RA172190 | S79: (5h00)
S80: HOEGH
S81: Mettre les plans ci-dessous à jour & dans ARAS
T82: H&E on Dock | U82: 2412517219001 | W82: ok.Done | X82: ECN | Y82: 1022504
T83: PID | U83: 2403017219003 | W83: in progress… | X83: EN ATTENTE DOC CTRL
T84: interco | U84: 2403117219001 | W84: ok.Done | X84: ECN | Y84: 1022512
T85: Architecture CS | U85: 2403017219004 | W85: ok.Done | X85: ECN | Y85: 1022512
T86: TBWD | U86: 2403117219003 | W86: ok.Done | X86: ECN | Y86: 1022516
T87: LCP | U87: 2413417219001 | W87: ok.Done | X87: Renvoyer la CRS
R88: 219124C001 | S88: (1h00)
S89: ARAMCO
S90: Faire l'ECN CL1 avec Wael/Selmi | V90: ok.Done
R91: 219867C001 | S91: (1h00)
S92: MARSA
S93: Meeting Halmi / JCP | U93: ok.Done
R94: 214365C001 | S94: (0h30)
S95: TR
S96: Signer la feuille de la doc + prog PLC after FAT ACTEMIUM | W96: ok.Done
Q98: 0.29166667
A99: SAMEDI | B99: =SUM(B73+1) -> 45822 | M99: =(F99-E99)+(L99-K99) -> 0 | N99: =(H99-G99)+(J99-I99) -> 0 | O99: =(H99-G99)+(J99-I99) -> 0 | P99: =SUM(M99:O100) -> 0
A100: DIMANCHE | B100: =SUM(B99+1) -> 45823
J102: TOTAL TRAVAILLE | M102: =SUM(M9+M13+M41+M60+M73+M99+M100) -> 0 | N102: =SUM(N9+N13+N41+N60+N73+N99+N100) -> 0.72916667 | O102: =SUM(O9+O13+O41+O60+O73+O99+O100) -> 0.59236111 | P102: =SUM(P9+P13+P41+P60+P73+P99+P100) -> 1.3215278
J103: POTENTIEL SEMAINE | N103: =SUM(Q9:Q100) -> 1.1666667
J104: TOTAL SEMAINE HS | N104: =SUM(P102-N103) -> 0.15486111
J105: TOTAL PRECEDENT HS | N105: ='SEM23'!N57 -> 9.2930556
J106: NOUVEAU TOTAL HS | N106: =N104+N105 -> 9.4479167

Sheet SEM25
A4: Nom: | B4: BELIN brice
A5: semaine 25 | B5: du | C5: =SUM('SEM24'!B100+1) -> 45824 | D5: au | E5: =SUM(B128) -> 45830
E6: Route | F6: aller | G6: Client ou usine | I6: Client ou usine | K6: Route retour | M6: TOTAL | Q6: potentiel jour
A7: Jour | B7: Date | C7: Nom client ou usine | E7: Heure départ | F7: Heure arrivée | G7: Heure arrivée | H7: Heure départ | I7: Heure arrivée | J7: Heure départ | K7: Heure départ | L7: Heure arrivée | M7: Heure route | N7: Heure client | O7: Heure usine | P7: Général
A9: LUNDI | B9: =SUM(C5) -> 45824 | C9: 218020C001 220224C001 219254C001 219124C001 219712C001 | G9: 0.35625 | H9: 0.52083333 | I9: 0.56944444 | J9: 0.73888889 | M9: =(F39-E39)+(L39-K39) -> 0 | N9: =(H9-G9) -> 0.16458333 | O9: =(J9-I9) -> 0.16944444 | P9: =SUM(M9:O39) -> 0.33402778 | R9: 218020C001 | S9: (1h00)
S10: TCC
S11: Finir note de frais | U11: ok.Done
R12: 220224C001 | S12: (1h00)
S13: ADNOC
S14: Création des PNs ci-dessous:
T15: Hydro on dock | V15: 24028C22022401 | X15: in progress…
T16: Elec on Dock | V16: 24029C22022401 | X16: in progress…
S17: Préparer la trame excel | U17: in progress…
R18: 219254C001
S19: PADAH
S20: Maj des documents ci-dessous:
R21: 219124C001 | S21: (3h00)
S22: ARAMCO
S23: Metre les plans ci-dessous sur ARAS:
T24: LCP B17 & B18 | V24: 24134C219124011 | X24: in progress… | Y24: ECN nr: | Z24: 1022546 | AA24: EN ATTENTE REPONSE DOC CTRL
V25: 24134C219124012 | X25: in progress…
T26: ECD B17 & B18 | V26: 24ECDC21912401 | X26: ok.Done | Y26: ECN nr: | Z26: 1022529 | AA26: EN ATTENTE VALIDATION DOC CTRL
V27: 24ECDC21912402 | X27: ok.Done
T28: CLD B17 & B18 | V28: 24CLDC21912401 | X28: ok.Done | Y28: ECN nr: | Z28: 1022528 | AA28: EN ATTENTE VALIDATION DOC CTRL
V29: 24CLDC21912402 | X29: ok.Done
T30: SDE B17 & B18 | V30: LS_SDEC21912401 | X30: ok.Done | Y30: ECN nr: | Z30: 1022532 | AA30: EN ATTENTE VALIDATION DOC CTRL
V31: LS_SDEC21912402 | X31: ok.Done
T32: IOL B17 & B18 | V32: LS_IOLC21912401 | X32: ok.Done | Y32: ECN nr: | Z32: 1022533 | AA32: EN ATTENTE RETOUR DU CLIENT AVANT DIFFUSION
V33: LS_IOLC21912402 | X33: ok.Done
T34: FAT Hydro | V34: LS_HFPC21912401 | X34: ok.Done | Y34: ECN nr: | Z34: 1022544 | AA34: EN ATTENTE VALIDATION DOC CTRL
T35: FAT Elec | V35: LS_EFPC21912401 | X35: ok.Done | Y35: ECN nr: | Z35: 1022544 | AA35: EN ATTENTE VALIDATION DOC CTRL
R36: 219712C001 | S36: (0h30)
S37: TECHEAST
S38: Répondre à David Lefort concernant la validation de la BJ Base Riser | X38: ok.Done
Q39: 0.29166667
A40: MARDI | B40: =SUM(B9+1) -> 45825 | C40: 219124C001 RA172190 214365C001 HIMA - YT Pt congé JCP | G40: 0.33472222 | H40: 0.5 | I40: 0.55208333 | J40: 0.6875 | M40: =(F58-E58)+(L58-K58) -> 0 | N40: =(H40-G40) -> 0.16527778 | O40: =(J40-I40) -> 0.13541667 | P40: =SUM(M40:O58) -> 0.30069444 | R40: 219124C001 | S40: (1h00)
S41: ARAMCO
S42: Faire la comparaison du matériels E&H de la jetée 15/16 pour la 17/18 | X42: ok.Done
R43: RA172190 | S43: (1h30)
S44: HOEGH
S45: Maj du plan ci-dessous:
T46: PID | U46: 2403017219003 | W46: Stand-by | X46: EN ATTENTE DU RETOUR DU DOC CONTROL
S47: Faire email pour demander le bon PDF du PID avec retour du client | X47: ok.Done
R48: 214365C001 | S48: (0h30)
S49: TR
S50: Répondre à l'émail de Volkan | V50: ok.Done
S51: Conf call avec JCP / Volkan | V51: in progress…
R52: HIMA - YT | S52: (2h00)
S53: Changer la valeur de forçage du câble à 5T dans PLC HIMAX | X53: ok.Done
S54: Allez au YT avec JCP / Ali
R55: Point congé JCP | S55: (1h00)
S56: Meeting pour suivre les projets de JCP pdt ces vacances | W56: ok.Done
Q58: 0.29166667
A59: MERCREDI | B59: =SUM(B40+1) -> 45826 | C59: ITS RC21-2649 220198C001 219123C001 CS Meeting 219867C001 219712C001 | G59: 0.3 | H59: 0.52083333 | I59: 0.5625 | J59: 0.72430556 | M59: =(F85-E85)+(L85-K85) -> 0 | N59: =(H59-G59) -> 0.22083333 | O59: =(J59-I59) -> 0.16180556 | P59: =SUM(M59:O85) -> 0.38263889 | R59: ITS | S59: (1h00)
S60: Remplir la feuille excel | U60: ok.Done
R61: RC21-2649
S62: ENAGAS
S63: Problème sur site HUELVA???
S64: Chercher IP & masque réseau du PLC:
T65: IP
T66: Masque
R67: 219123C001 | S67: (1h00)
R68: 220198C001 | S68: PRELUDE_TEN AUSTRALIE
S69: Meeting sur les dates de remise de documents avec SR | W69: ok.Done
S70: Prévoir une FAT chez le sstr ALSYMEX? Comment le tester?
S71: Meeting avec François / Alsymex / JCP | V71: in progress…
R72: CS Meeting | S72: (1h30)
S73: Meeting BE CS France & Inde
R74: 219867C001 | S74: (3h30)
S75: MARSA
S76: Meeting avec JCP pour:
T77: passer en revue le document bidding de départ
T78: Documents pour le LP
R79: 219712C001 | S79: (1h00)
S80: TECHEAST
S81: Clarification spare part ATOS:
T82: Commissioning spare part | V82: ok.Done | W82: ECN nr: | X82: 1022613
T83: 2 years spare part | V83: in progress… | W83: ECN nr: | X83: 1022615 | Y83: EN ATTENTE RETOUR MARIA
Q85: 0.29166667
A86: JEUDI | B86: =SUM(B59+1) -> 45827 | C86: 219254C001 RC212649 BE CS RA172190 | G86: 0.35416667 | H86: 0.52777778 | I86: 0.5625 | J86: 0.73958333 | M86: =(F113-E113)+(L113-K113) -> 0 | N86: =(H86-G86) -> 0.17361111 | O86: =(J86-I86) -> 0.17708333 | P86: =SUM(M86:O113) -> 0.35069444 | R86: 219254C001 | S86: (2h00)
S87: PADAH LNG
S88: Envoyer ECN pour ACE pour maj des plans ci-dessous: | W88: ok.Done
T89: SVA | U89: 24133C21925401 | W89: ECN nr: | X89: 1022617
T90: HPU | U90: 24136C21925401
T91: ERS | U91: 24141C21925401
S92: Envoyer la maj des plans ci-dessous:
T93: PID | U93: 24PIDC21925401 | W93: Rev0 | X93: in progress… | Y93: A mettre a jour par BB
T94: EID | U94: 24EIDC21925401 | W94: Rev1 | X94: ok.Done | Y94: A mettre a jour par BB
T95: HCD | U95: 24HCDC21925401 | W95: Rev0 | X95: in progress… | Y95: A mettre a jour par BB
S96: RENVOYER LES PLANS APRES MAJ SUITE COMMENTAIRES CLIENT
S97: Générer les pdfs des documents ci-dessous:
T98: FAT ELEC | U98: LS_EFPC21925401
T99: FAT HYDRO | U99: LS_HFPC21925401
R100: RC21-2649 | S100: (1h00)
S101: ENAGAS
S102: Chercher IP & masque réseau du PLC:
T103: IP | U103: 192.168.0.1 | W103: ok.Done
T104: Masque | U104: 255.255.255.0 | W104: ok.Done
S105: PLC type: | T105: 1510SP-1PN
S106: Software: | T106: TIA PORTAL v17
...

Sheet SEM26
A4: Nom: | B4: BELIN brice
A5: semaine 26 | B5: du | C5: =SUM('SEM25'!B128+1) -> 45831 | D5: au | E5: =SUM(B120) -> 45837
E6: Route | F6: aller | G6: Client ou usine | I6: Client ou usine | K6: Route retour | M6: TOTAL | Q6: potentiel jour
A7: Jour | B7: Date | C7: Nom client ou usine | E7: Heure départ | F7: Heure arrivée | G7: Heure arrivée | H7: Heure départ | I7: Heure arrivée | J7: Heure départ | K7: Heure départ | L7: Heure arrivée | M7: Heure route | N7: Heure client | O7: Heure usine | P7: Général
A9: LUNDI | B9: =SUM(C5) -> 45831 | C9: 219254C001 Meeting BE CS Management 219867C01 218020C001 RC182278 | G9: 0.35972222 | H9: 0.52083333 | I9: 0.5625 | J9: 0.74861111 | M9: =(F35-E35)+(L35-K35) -> 0 | N9: =(H9-G9) -> 0.16111111 | O9: =(J9-I9) -> 0.18611111 | P9: =SUM(M9:O35) -> 0.34722222 | R9: 219254C001 | S9: (0h30)
S10: PADAH
S11: Maj des documents ci-dessous suite commentaires client
T12: HCD | U12: 24HCDC21925401 | W12: in progress… | X12: ECN nr: | Y12: 1022708
T13: PID | U13: 24PIDC21925401 | W13: in progress…
T14: Interco | U14: 24EIDC21925401 | W14: in progress…
R15: Meeting | S15: (0h45)
S16: BE CS | T16: ok.Done
R17: Management | S17: (0h30)
S18: Maj du fichier excel Dream Team | V18: ok.Done
R19: 219867C001 | S19: (0h30)
S20: MARSA
S21: Meeting avec Halmi
R22: 218020C001 | S22: (1h00)
S23: TCC
S24: Conf call avec Adnane pour pb de côte plan SVA | W24: ok.Done
S25: Email à ATOS pour maj du plan ci-dessous:
T26: SVA | U26: 24133C21802001 | W26: ok.Done | X26: ECN nr: | Y26: 1022694 | Z26: EN ATTENTE RETOUR ATOS
R27: RC18-2278
S28: BRUNEI
S29: Mettre les plans ci-dessous dans ARAS:
T30: IOL | U30: 24IOL18227801 | W30: in progress… | X30: ECN nr: | Y30: 1022697 | Z30: EN ATTENTE CRS ALSYMEX
T31: SDE | U31: 24SDE18227801 | W31: in progress… | Z31: EN ATTENTE CRS ALSYMEX
T32: ECD | U32: 2403018227801 | W32: in progress… | Z32: EN ATTENTE CRS ALSYMEX
T33: CLD | U33: 2403018227802 | W33: in progress… | Z33: EN ATTENTE CRS ALSYMEX
Q35: 0.29166667
A36: MARDI | B36: =SUM(B9+1) -> 45832 | C36: RC182278 219867C001 214365C001 220267C001 | G36: 0.32708333 | H36: 0.48611111 | I36: 0.52083333 | J36: 0.6875 | K36: 0.75347222 | L36: 0.76388889 | M36: =(F36-E36)+(L36-K36) -> 0.010416667 | N36: =(H36-G36) -> 0.15902778 | O36: =(J36-I36) -> 0.16666667 | P36: =SUM(M36:O55) -> 0.33611111 | R36: RC18-2278 | S36: (1h00)
S37: BRUNEI
S38: Mettre les plans ci-dessous dans ARAS:
T39: IOL | U39: 24IOL18227801 | W39: ok.Done | X39: ECN nr: | Y39: 1022697 | Z39: EN ATTENTE CRS ALSYMEX
T40: SDE | U40: 24SDE18227801 | W40: ok.Done | Z40: EN ATTENTE CRS ALSYMEX
T41: ECD | U41: 2403018227801 | W41: ok.Done | Z41: EN ATTENTE CRS ALSYMEX
T42: CLD | U42: 2403018227802 | W42: ok.Done | Z42: EN ATTENTE CRS ALSYMEX
T43: LCP | U43: 2413418227802 | W43: ok.Done | Z43: EN ATTENTE CRS ALSYMEX
S44: Vérifiez les plans maj par ALSYMEX avec les CRS | W44: ok.Done
R45: 219867C001 | S45: (3h30)
S46: MARSA
S47: Faire une BJ dans ARAS avec Halmi | V47: ok.Done
R48: 214365C001 | S48: (0h30)
S49: TR
S50: Envoyer un email à ACTEMIUM pour confirmer l'expéditin | W50: ok.Done
S51: Envoyer un email à Volkan pour connaitre le moment de l'installation, avant ou après commissioning | Z51: ok.Done | AA51: EN ATTENTE RETOUR VOLKAN
R52: 220267C001 | S52: (2h30)
S53: RUWAIS
S54: Faire le calcul SIL avec 1 seul inclino | V54: ok.Done
Q55: 0.29166667
A56: MERCREDI | B56: =SUM(B36+1) -> 45833 | C56: 219254C001 220198C001 219867C001 | G56: 0.30208333 | H56: 0.52083333 | I56: 0.5625 | J56: 0.73958333 | M56: =(F56-E56)+(L56-K56) -> 0 | N56: =(H56-G56) -> 0.21875 | O56: =(J56-I56) -> 0.17708333 | P56: =SUM(M56:O72) -> 0.39583333 | R56: 219254C001 | S56: (4h00)
S57: PADAH LNG
S58: Faire draft du doc IOL avec tag client pour validation | W58: ok.Done | X58: EN ATTENTE CONF CALL AVEC SEBASTIEN
S59: Validation du plan ci-dessous:
T60: CSA | U60: 24CSAC21925401 | W60: in progress… | X60: MAJ PAR EZEDDINE
S61: Meeting avec Sébastien R | U61: ok.Done
S62: Meeting avec Ezeddine sur IOL & CSA | V62: ok.Done
R63: 220198C001 | S63: (1h00)
S64: ADNOC
S65: Créations du PN du Module Electronic ATOS | W65: ok.Done
S66: Faire le lancement LF | U66: in progress…
R67: 219867C001 | S67: (1h00)
S68: MARSA
S69: Validation plan ci-dessous:
T70: CSA | U70: 24CSAC21986701 | W70: ok.Done | X70: MAJ PAR HALMI
W71: ok.Done | X71: PLAN COMMENTE SUR TEAMS
Q72: 0.29166667
A73: JEUDI | B73: =SUM(B56+1) -> 45834 | C73: 220198C001 219254C001 219867C001 | G73: 0.35347222 | H73: 0.52083333 | I73: 0.56944444 | J73: 0.74305556 | M73: =(F89-E89)+(L89-K89) -> 0 | N73: =(H73-G73) -> 0.16736111 | O73: =(J73-I73) -> 0.17361111 | P73: =SUM(M73:O89) -> 0.34097222 | R73: 220198C001 | S73: (0h30)
S74: ADNOC
S75: Maj du PN du Module Electronic ATOS | W75: ok.Done
R76: 219254C001 | S76: (2h00)
S77: PADAH LNG
S78: Maj duplan ci-dessous:
T79: CSA | U79: 24CSAC21925401 | W79: ok.Done | X79: ECN nr: | Y79: 1022776 | Z79: EN ATTENTE RETOUR DOC CTRL
T80: IOL | U80: LS_IOLC21925401 | W80: ok.Done | X80: ECN nr: | Y80: 1022781 | Z80: EN ATTENTE VALIDATION CRS PAR PM
T81: INTERCO | U81: 24EIDC21925401 | W81: in progress…
R82: 219867C001 | S82: (2h00)
S83: MARSA
S84: Meeting avec Halmi sur le plan CSA | V84: ok.Done | W84: ECN nr: | X84: 1022783 | Y84: EN ATTENTE RETOUR DOC CTRL
S85: Meeting avec Halmi pour CND | V85: in progress…
Q89: 0.29166667
A90: VENDREDI | B90: =SUM(B73+1) -> 45835 | C90: 220198C001 219254C001 219867C001 219123C001 218020C001 | G90: 0.36041667 | H90: 0.51388889 | I90: 0.55208333 | J90: 0.67638889 | M90: =(F118-E118)+(L118-K118) -> 0 | N90: =(H90-G90) -> 0.15347222 | O90: =(J90-I90) -> 0.12430556 | P90: =SUM(M90:O118) -> 0.27777778 | R90: 220198C001 | S90: (1h00)
S91: ADNOC
S92: Maj du PN Analog driver plate | V92: ok.Done
S93: Maj du PN TOP LVL | V93: ok.Done
S94: Faire le lancement LF | U94: ok.Done
R95: 219867C001 | S95: (0h30)
S96: MARSA
S97: Refaire pge de garde MARSA | V97: ok.Done
S98: Relire le CND avec Halmi | V98: in progress…
R99: 219254C001 | S99: (3h00)
S100: PADAH LNG
S101: Relire la CRS/PID avec Ezeddine | V101: ok.Done
S102: Maj du plan ci-dessous:
T103: EID | U103: 24EIDC21925401 | W103: in progress… | X103: ECN nr: | Y103: 1022808
R104: 219123c001 | S104: (1h00)
S105: SHEEL PRELUDE - CTWT
S106: Ajouter commentaires sur plan - renvoyer à ACE | V106: ok.Done | W106: EN ATTENTE RETOUR DOC ACE
S107: Mettre le plan sous ARAS | V107: ok.Done | W107: ECN nr: | X107: 1022802 | Y107: EN ATTENTE RETOUR DOC CTRL
R108: RC182278 | S108: (1h00)
...

Sheet 2 TRIMESTRE
A1: BELIN Brice | B1: RECAPITULATIF 2EME TRIMESTRIEL 2020 | E1: 44013
A4: MOIS | B4: SEMAINE | C4: CLIENT / USINE | D4: NBRE HEURES
A6: AVRIL | B6: 14 | C6: COVID-19 Home office | D6: ='SEM14 '!N121 -> 0.16875
B7: 15 | C7: COVID-19 Home office | D7: ='SEM15'!N109 -> 0.090277778
B8: 16 | C8: COVID-19 Home office | D8: ='SEM16'!N130 -> 0.18125
B9: 17 | C9: COVID-19 Home office | D9: ='SEM17'!N63 -> 0.24444444
A10: MAI | B10: 18 | C10: Congés | D10: ='SEM18'!N29 -> 0
B11: 19 | C11: COVID-19 Home office | D11: ='SEM19'!N101 -> 0.27986111
B12: 20 | C12: COVID-19 Home office | D12: ='SEM20'!N77 -> 0.46111111
B13: 21 | C13: COVID-19 Home office | D13: ='SEM21'!N112 -> 0.15972222
A14: JUIN | B14: 22 | C14: COVID-19 Home office | D14: ='SEM22'!N48 -> 0.18402778
B15: 23 | C15: COVID-19 Home office | D15: ='SEM23'!N55 -> 7.5236111
B16: 24 | C16: COVID-19 Home office | D16: ='SEM24'!N104 -> 0.15486111
B17: 25 | C17: COVID-19 Home office | D17: ='SEM25'!N132 -> 0.20555556
B18: 26 | C18: COVID-19 Home office | D18: ='SEM26'!N124 -> 0.23958333
C26: TOTALS HS | D26: =SUM(D6:D24) -> 9.8930556

Sheet SEM27
A4: Nom: | B4: BELIN brice
A5: semaine 27 | B5: du | C5: =SUM('SEM26'!B120+1) -> 45838 | D5: au | E5: =SUM(B156) -> 45844
E6: Route | F6: aller | G6: Client ou usine | I6: Client ou usine | K6: Route retour | M6: TOTAL | Q6: potentiel jour
A7: Jour | B7: Date | C7: Nom client ou usine | E7: Heure départ | F7: Heure arrivée | G7: Heure arrivée | H7: Heure départ | I7: Heure arrivée | J7: Heure départ | K7: Heure départ | L7: Heure arrivée | M7: Heure route | N7: Heure client | O7: Heure usine | P7: Général
A9: LUNDI | B9: =SUM(C5) -> 45838 | C9: 219867C001 219254C001 RedCo 218020C001 | G9: 0.35486111 | H9: 0.5 | I9: 0.5625 | J9: 0.73541667 | M9: =(F26-E26)+(L26-K26) -> 0 | N9: =(H9-G9) -> 0.14513889 | O9: =(J9-I9) -> 0.17291667 | P9: =SUM(M9:O26) -> 0.31805556 | R9: 219867C001 | S9: (3h00)
S10: MARSA
S11: Relire le CND avec Halmi | V11: ok.Done
S12: Relire le plan:
T13: ICL | U13: LS_ICLC21986701 | W13: in progress…
S14: Editer la page de garde de ce document | W14: in progress…
R15: 219254C001 | S15: (1h30)
S16: PADAH
S17: Maj du plan ci-dessous:
T18: EID | U18: 24EIDC21925401 | W18: in progress… | X18: ECN nr: | Y18: 1022808
S19: Suivre Ezeddine sur HCD + CRS | V19: ok.Done
R20: RedCo | S20: (0h30)
S21: Meeting avec Adrien / François / C.Faivre. Laurent R. | W21: ok.Done
R22: 218020C001
S23: TCC
S24: Maj du plan SVA sur ARAS
T25: SVA | U25: 24133C21802001 | W25: in progress…
Q26: 0.29166667 | S26: Envoyer un email à ATOS pour passer le plan en Rev1 suite dimension SVA | Y26: EN ATTENTE RETOUR ATOS
A27: MARDI | B27: =SUM(B9+1) -> 45839 | C27: 219867C001 219254C001 218020C001 RA172190 | G27: 0.33472222 | H27: 0.52083333 | I27: 0.55208333 | J27: 0.6875 | M27: =(F66-E66)+(L66-K66) -> 0 | N27: =(H27-G27) -> 0.18611111 | O27: =(J27-I27) -> 0.13541667 | P27: =SUM(M27:O66) -> 0.32152778 | R27: 219867C001 | S27: (1h30)
S28: MARSA
S29: Relire le plan:
T30: ICL | U30: LS_ICLC21986701 | W30: ok.Done
S31: Editer la page de garde de ce document | W31: ok.Done
R32: 219254C001
S33: PADAH
S34: Maj du plan ci-dessous:
T35: EID | U35: 24EIDC21925401 | W35: in progress… | X35: ECN nr: | Y35: 1022808
S36: Continuer la CRS
R37: 218020C001 | S37: (0h30)
S38: TCC
S39: Maj du plan SVA sur ARAS
T40: SVA | U40: 24133C21802001 | W40: ok.Done | X40: EN ATTENTE RETOUR DOC CTRL
R41: RA172190 | S41: (0h30)
S42: HOEGH
S43: Mah du plan ci-dessous:
T44: CSA | U44: 2403017219004 | W44: ok.Done | X44: ECN nr: | Y44: 1022843 | Z44: A PASSER EN FINAL
Z45: EN ATTENTE RETOUR DOC CTRL
R46: 214936C001 | S46: (2h30)
S47: WISON
S48: Création des spare parts | W48: ok.Done | X48: ECN nr: | Y48: 1022847
S49: LINE CHECK VALVE 1" | U49: 248980400018
S50: CHECK VALVE F/F 1/2"NPT | U50: 2489804353191
S51: PRESSURE TRANSMITTER 0-400barG | V51: 248991121934
S52: DIFFERENTIAL PRESSURE TRANSMITTER | W52: 248991121935
S53: TEMPERATURE TRANSMITTER | V53: 248991121936
S54: 'DIFFERENTIAL PRESSURE TRANSMITTER | W54: 248991121937
S55: RADAR TRANSMITTER GUIDE WAVE | V55: 248991121938
S56: COUPLING | U56: 248981700311
S57: STRAINER FILTER | U57: 2489818235403
S58: VALVE DN20-3/4" | U58: 2489802649103
S59: QUICK-CONNECT COUPLING | V59: 248981400067
S60: PROPORTIONAL CONTROL VALVE | V60: 248980531240
S61: FLOW CONTROL VALVE | U61: 248982500227
S62: PRESSURE RELIEF VALVE | U62: 248981000281
S63: SHUTTLE VALVE | U63: 2489802649104
S64: ISOLATING VALVE SAE6000-1"1/4 | V64: 248980203125
S65: PILOTED DIRECTIONAL VALVE | V65: 248980531241
Q66: 0.29166667
A67: MERCREDI | B67: =SUM(B27+1) -> 45840 | C67: 219254C001 219867C001 214936C001 216696C001 220198C001 219712C001 214365C001 220224C001 | G67: 0.35416667 | H67: 0.52152778 | I67: 0.55208333 | J67: 0.6875 | M67: =(F105-E105)+(L105-K105) -> 0 | N67: =(H67-G67) -> 0.16736111 | O67: =(J67-I67) -> 0.13541667 | P67: =SUM(M67:O105) -> 0.30277778 | R67: 219254C001 | S67: (2h30)
S68: PADAH
S69: Maj du plan ci-dessous:
T70: EID | U70: 24EIDC21925401 | W70: in progress… | X70: ECN nr: | Y70: 1022808
S71: Continuer la CRS
R72: 219867C001 | S72: (1h30)
S73: MARSA
S74: Faire la LP électrique | U74: in progress…
S75: Mettre sur ARAS les plans ci-dessous:
T76: ICL | U76: LS_ICLC21986701 | W76: ok.Done | X76: ECN nr: | Y76: 1022891 | Z76: EN ATTENTE RETOUR DOC CTRL
T77: CND | U77: LS_CNDC21986701 | W77: ok.Done | X77: ECN nr: | Y77: 1022893 | Z77: EN ATTENTE RETOUR DOC CTRL
S78: Meeting avec Halmi sur trame FAT Elec/Hydro | W78: ok.Done
R79: 214936C001 | S79: (1h00)
S80: WISON
S81: Maj des PNs spare parts | W81: ok.Done | X81: ECN nr: | Y81: 1022847
X82: ECN nr: | Y82: 1022864
X83: ECN nr: | Y83: 1022868
R84: 216696C001 | S84: (0h30)
S85: QCLNG
S86: Mettte le plan ci-dessous sous ARAS:
T87: LCP | U87: 2413410149601 | W87: Rev 10 | X87: ok.Done | Y87: ECN nr: | Z87: 1022869 | AA87: EN ATTENTE RETOUR DOC CTRL
R88: 220198C001 | S88: (0h30)
S89: SHELL PRELUDE
S90: Maj du DBI ci-dessous:
T91: DBI | U91: 24899C22019801 | W91: ok.Done | X91: ECN nr: | Y91: 1022880
R92: 219712C001 | S92: (1h30)
S93: TECHEAST
S94: Conf call avec Ezeddine pour valider les docs ci-dessus:
T95: FAT Elec | U95: LS_EFPC21971201 | W95: ok.Done | X95: EN ATTENTE RETOUR EZEDDINE
T96: FAT Hydro | U96: LS_HFPC21971201 | W96: ok.Done | X96: EN ATTENTE RETOUR EZEDDINE
R97: 214365C001 | S97: (0h30)
S98: TR
S99: Maj du plan ci-dessous:
T100: EID | U100: 24EIDC21436501 | W100: ok.Done | X100: ECN nr: | Y100: 1022897 | Z100: EN ATTENTE RETOUR DOC CTRL
R101: 220224C001 | S101: (0h30)
S102: ADNOC
S103: Validation des parts | U103: in progress…
Q105: 0.29166667
...

Sheet SEM28
A4: Nom: | B4: BELIN brice
A5: semaine 28 | B5: du | C5: =SUM('SEM27'!B156+1) -> 45845 | D5: au | E5: =SUM(B83) -> 45851
E6: Route | F6: aller | G6: Client ou usine | I6: Client ou usine | K6: Route retour | M6: TOTAL | Q6: potentiel jour
A7: Jour | B7: Date | C7: Nom client ou usine | E7: Heure départ | F7: Heure arrivée | G7: Heure arrivée | H7: Heure départ | I7: Heure arrivée | J7: Heure départ | K7: Heure départ | L7: Heure arrivée | M7: Heure route | N7: Heure client | O7: Heure usine | P7: Général
A9: LUNDI | B9: =SUM(C5) -> 45845 | C9: 219867C001 219254C001 220435C001 219123C001 | G9: 0.3375 | H9: 0.51388889 | I9: 0.56944444 | J9: 0.75347222 | M9: =(F34-E34)+(L34-K34) -> 0 | N9: =(H9-G9) -> 0.17638889 | O9: =(J9-I9) -> 0.18402778 | P9: =SUM(M9:O34) -> 0.36041667 | R9: 219867C001 | S9: (3h00)
S10: MARSA
S11: Faire email à David L pour optimstion des tailes des BJs | W11: ok.Done
S12: Rechercher dans specs client l'imposition de prendre 2 bjs pour les signauxIS et NIS | Z12: ok.Done
T13: Dans la SIC donc specs client => pas de dérogation possible
S14: Rechercher les specs élec & hydrau dans specs client | W14: ok.Done
S15: Envoyer les specs aux SSTR
T16: Elec: | U16: ALSYMEX | V16: ok.Done
U17: ACTEMIUM | V17: ok.Done
T18: Hydro: | U18: ACE | V18: ok.Done
U19: ATOS | V19: ok.Done
R20: BE CS | S20: (1h00)
S21: Donner ravail à Ezeddine | U21: in progress…
S22: Editer le plan 24125C21925401 | V22: in progress…
R23: 219254C001 | S23: (1h00)
S24: PADAH LNG
S25: Meeting with customer | U25: ok.Done
R26: 220435C001 | S26: (1h30)
S27: MOTOR OIL
S28: Meeting iKOM | U28: ok.Done
S29: Edition de la feuille excel
R30: 219123C001 | S30: (0h30)
S31: SHELL PRELUDE
S32: Envoyer email à Mr GUILLET (ACE) pour connaitre la codifcation du plan schéma hydraulique | Y32: ok.Done | Z32: EN ATTENTE RETOUR ACE
Q34: 0.29166667
A35: MARDI | B35: =SUM(B9+1) -> 45846 | C35: 220198C001 219867C001 220224C001 219254C001 | G35: 0.33819444 | H35: 0.52083333 | I35: 0.55208333 | J35: 0.72916667 | M35: =(F52-E52)+(L52-K52) -> 0 | N35: =(H35-G35) -> 0.18263889 | O35: =(J35-I35) -> 0.17708333 | P35: =SUM(M35:O52) -> 0.35972222 | R35: 220198C001
S36: ARAMCO
S37: Faire schéma électrique drafté avec nouvelle carte propotionnelle ATOS | X37: in progress…
S38: Envoyer le schéma pour validation à Sébastien (ATOS - Commercial) | X38: in progress…
R39: 219867C001 | S39: (0h30)
S40: MARSA
S41: Envoyer email à Mr VION (ACE) pour les qtés HPU, SVA, ERS | W41: NOK | X41: EN ATTENTE VALIDATION DU CALCUL
R42: 220224C001 | S42: (0h30)
S43: ADNOC
S44: DR1-Meeting | U44: ok.Done | W44: DR = Design Review
R45: 216609C001 | S45: (1h00)
S46: CORAL NORTH
S47: Préparer le fichier excel avec les modifications | W47: ok.Done
R48: 219254C001 | S48: (0h30)
S49: PADAH LNG
S50: Conf call avec Ezeddine | U50: ok.Done
Q52: 0.29166667
A53: MERCREDI | B53: =SUM(B35+1) -> 45847 | C53: 216609C001 219867C001 | G53: 0.32708333 | H53: 0.5 | I53: 0.56944444 | J53: 0.72569444 | M53: =(F62-E62)+(L62-K62) -> 0 | N53: =(H53-G53) -> 0.17291667 | O53: =(J53-I53) -> 0.15625 | P53: =SUM(M53:O62) -> 0.32916667 | R53: 216609C001
S54: COARL NORTH
S55: YARD TEST
T56: Charger le nouveau fichier de correctin CPMS | W56: in progress…
R57: 219867C001
S58: MARSA
S59: Codifier les 2 cpateurs ci-dessous:
T60: M18, SIL2, NAMUR, 10m de câble | W60: 248991100xxx
T61: M30, SIL2, NAMUR, 10m de câble | W61: 248991100xxx
Q62: 0.16666667
A63: JEUDI | B63: =SUM(B53+1) -> 45848 | C63: 216609C001 | G63: 0.35069444 | H63: 0.52083333 | I63: 0.56944444 | J63: 0.73125 | M63: =(F66-E66)+(L66-K66) -> 0 | N63: =(H63-G63) -> 0.17013889 | O63: =(J63-I63) -> 0.16180556 | P63: =SUM(M63:O66) -> 0.33194444 | R63: 216609C001 | S63: (7h00)
S64: CORAL NORTH
S65: Yard Test | U65: ok.Done
Q66: 0.29166667
A67: VENDREDI | B67: =SUM(B63+1) -> 45849 | C67: 219867C001 220198C001 219370C001 216609C001 | G67: 0.35069444 | H67: 0.5 | I67: 0 | J67: 0 | M67: =(F81-E81)+(L81-K81) -> 0 | N67: =(H67-G67) -> 0.14930556 | O67: =(J67-I67) -> 0 | P67: =SUM(M67:O81) -> 0.14930556 | R67: 219867C001 | S67: (0h30)
S68: MARSA
S69: Point avec Halmi sur EOA | U69: in progress… | V69: Doit reprendre les calques
S70: Point sur IOL avec trame client | V70: ok.Done
R71: 220198C001 | S71: (1h30)
S72: SHELL PRELUDE
S73: Point avec Ezedine sur les tâches à effectuer | V73: ok.Done
S74: Mettre fichier excel à jour pour Ezeddne | V74: ok.Done
R75: 219370C001 | S75: (0h30)
S76: GOLDEN PASS
S77: Faire la demande de déplacement à Nathalie F | W77: ok.Done
R78: 216609C001 | S78: (0h30)
S79: CORAL NORTH
S80: Conf call Yoness | U80: ok.Done
Q81: 0.16666667
A82: SAMEDI | B82: =SUM(B67+1) -> 45850 | M82: =(F82-E82)+(L82-K82) -> 0 | N82: =(H82-G82)+(J82-I82) -> 0 | O82: =(H82-G82)+(J82-I82) -> 0 | P82: =SUM(M82:O83) -> 0
A83: DIMANCHE | B83: =SUM(B82+1) -> 45851
J85: TOTAL TRAVAILLE | M85: =SUM(M9+M35+M53+M63+M67+M82+M83) -> 0 | N85: =SUM(N9+N35+N53+N63+N67+N82+N83) -> 0.85138889 | O85: =SUM(O9+O35+O53+O63+O67+O82+O83) -> 0.67916667 | P85: =SUM(P9+P35+P53+P63+P67+P82+P83) -> 1.5305556
J86: POTENTIEL SEMAINE | N86: =SUM(Q9:Q83) -> 1.2083333
J87: TOTAL SEMAINE HS | N87: =SUM(P85-N86) -> 0.32222222
J88: TOTAL PRECEDENT HS | N88: ='SEM27'!N162 -> 9.9923611
J89: NOUVEAU TOTAL HS | N89: =N87+N88 -> 10.314583

Sheet SEM29
A4: Nom: | B4: BELIN brice
A5: semaine 29 | B5: du | C5: =SUM('SEM28'!B83+1) -> 45852 | D5: au | E5: =SUM(B32) -> 45858
E6: Route | F6: aller | G6: Client ou usine | I6: Client ou usine | K6: Route retour | M6: TOTAL | Q6: potentiel jour
A7: Jour | B7: Date | C7: Nom client ou usine | E7: Heure départ | F7: Heure arrivée | G7: Heure arrivée | H7: Heure départ | I7: Heure arrivée | J7: Heure départ | K7: Heure départ | L7: Heure arrivée | M7: Heure route | N7: Heure client | O7: Heure usine | P7: Général
A9: LUNDI | B9: =SUM(C5) -> 45852 | C9: FERIE | G9: 0 | H9: 0 | I9: 0 | J9: 0 | M9: =(F10-E10)+(L10-K10) -> 0 | N9: =(H9-G9) -> 0 | O9: =(J9-I9) -> 0 | P9: =SUM(M9:O10) -> 0
Q10: 0
A11: MARDI | B11: =SUM(B9+1) -> 45853 | C11: RTT | G11: 0 | H11: 0 | I11: 0 | J11: 0 | M11: =(F13-E13)+(L13-K13) -> 0 | N11: =(H11-G11) -> 0 | O11: =(J11-I11) -> 0 | P11: =SUM(M11:O13) -> 0
Q13: 0
A14: MERCREDI | B14: =SUM(B11+1) -> 45854 | C14: RTT | G14: 0 | H14: 0 | I14: 0 | J14: 0 | M14: =(F16-E16)+(L16-K16) -> 0 | N14: =(H14-G14) -> 0 | O14: =(J14-I14) -> 0 | P14: =SUM(M14:O16) -> 0
Q16: 0
A17: JEUDI | B17: =SUM(B14+1) -> 45855 | C17: 216609C001 | G17: 0.35069444 | H17: 0.53263889 | I17: 0.57430556 | J17: 0.775 | M17: =(F21-E21)+(L21-K21) -> 0 | N17: =(H17-G17) -> 0.18194444 | O17: =(J17-I17) -> 0.20069444 | P17: =SUM(M17:O21) -> 0.38263889 | R17: 216609C001
S18: CORAL NORTH
S19: Yard Test
S20: Prendre les mesures avec géomètres | V20: ok.Done
Q21: 0.29166667
A22: VENDREDI | B22: =SUM(B17+1) -> 45856 | C22: 216609C001 | G22: 0.34791667 | H22: 0.52083333 | I22: 0.54166667 | J22: 0.74097222 | M22: =(F30-E30)+(L30-K30) -> 0 | N22: =(H22-G22) -> 0.17291667 | O22: =(J22-I22) -> 0.19930556 | P22: =SUM(M22:O30) -> 0.37222222 | R22: 216609C001
S23: CORAL NORTH
S24: Yard Test
S25: Prendre les mesures avec géomètres | V25: ok.Done
S26: Application des coeff. En Linéaire | V26: ok.Done | W26: EN ATTENTE RETOUR ABDESLAM
S27: Faire la sauvegarde des paramètres Deflections dans PLC | X27: ok.Done
S28: Faire la sauvegarde des paramètres calibration dans PLC | X28: ok.Done
S29: Mettre sauvegarde PLC sur Z | X29: ok.Done
Q30: 0.29166667
A31: SAMEDI | B31: =SUM(B22+1) -> 45857 | M31: =(F31-E31)+(L31-K31) -> 0 | N31: =(H31-G31)+(J31-I31) -> 0 | O31: =(H31-G31)+(J31-I31) -> 0 | P31: =SUM(M31:O32) -> 0
A32: DIMANCHE | B32: =SUM(B31+1) -> 45858
J34: TOTAL TRAVAILLE | M34: =SUM(M9+M11+M14+M17+M22+M31+M32) -> 0 | N34: =SUM(N9+N11+N14+N17+N22+N31+N32) -> 0.35486111 | O34: =SUM(O9+O11+O14+O17+O22+O31+O32) -> 0.4 | P34: =SUM(P9+P11+P14+P17+P22+P31+P32) -> 0.75486111
J35: POTENTIEL SEMAINE | N35: =SUM(Q9:Q32) -> 0.58333333
J36: TOTAL SEMAINE HS | N36: =SUM(P34-N35) -> 0.17152778
J37: TOTAL PRECEDENT HS | N37: ='SEM28'!N89 -> 10.314583
J38: NOUVEAU TOTAL HS | N38: =N36+N37 -> 10.486111

Sheet SEM30
A4: Nom: | B4: BELIN brice
A5: semaine 30 | B5: du | C5: =SUM('SEM29'!B32+1) -> 45859 | D5: au | E5: =SUM(B82) -> 45865
E6: Route | F6: aller | G6: Client ou usine | I6: Client ou usine | K6: Route retour | M6: TOTAL | Q6: potentiel jour
A7: Jour | B7: Date | C7: Nom client ou usine | E7: Heure départ | F7: Heure arrivée | G7: Heure arrivée | H7: Heure départ | I7: Heure arrivée | J7: Heure départ | K7: Heure départ | L7: Heure arrivée | M7: Heure route | N7: Heure client | O7: Heure usine | P7: Général
A9: LUNDI | B9: =SUM(C5) -> 45859 | C9: 216609C001 Point projets 219370C001 219254C001 219712C001 220072C001 | G9: 0.34930556 | H9: 0.52083333 | I9: 0.56944444 | J9: 0.72708333 | M9: =(F29-E29)+(L29-K29) -> 0 | N9: =(H9-G9) -> 0.17152778 | O9: =(J9-I9) -> 0.15763889 | P9: =SUM(M9:O29) -> 0.32916667 | R9: 216609C001 | S9: (2h30)
S10: CORAL NORTH
S11: Remplir la punch list | U11: ok.Done
R12: Point Projets | S12: (0h30)
S13: Meeting avec JCP | U13: ok.Done
R14: 219370C001
S15: GOLDEN PASS
S16: Préparer les documents ci-dessous:
T17: ITP | U17: ok.Done
T18: Feuille route | U18: ok.Done
R19: 219254C001
S20: PADAH LNG
S21: Demander aux proposals si le commut Maintenance / ESD TEST est déorté également sur la porte du PLC | AA21: ok.Done
R22: 219712C001
S23: TECHEAST
S24: Mettre le proximioty DUAL en spare list | V24: ok.Done
R25: 220072C001 | S25: (1h30)
S26: GOLDEN PASS
S27: Envoyer à ALSYMEX le paramètrage du PMS sur ancien projet RA07-1116 | Y27: ok.Done
Q29: 0.29166667
A30: MARDI | B30: =SUM(B9+1) -> 45860 | C30: FAT ELEC 219370C001 | E30: 0.22916667 | F30: 0.36111111 | G30: 0.36111111 | H30: 0.52083333 | I30: 0.58333333 | J30: 0.75 | K30: 0.75 | L30: 0.76041667 | M30: =(F30-E30)+(L30-K30) -> 0.14236111 | N30: =(H30-G30) -> 0.15972222 | O30: =(J30-I30) -> 0.16666667 | P30: =SUM(M30:O33) -> 0.46875 | R30: 219370C001 | S30: (7h00)
S31: GOLDEN PASS
S32: FAT Electrique chez ALSYMEX | V32: ok.Done
Q33: 0.29166667
A34: MERCREDI | B34: =SUM(B30+1) -> 45861 | C34: FAT ELEC 219370C001 | E34: 0.35069444 | F34: 0.36111111 | G34: 0.36111111 | H34: 0.5 | I34: 0.5625 | J34: 0.75 | K34: 0.75 | L34: 0.875 | M34: =(F34-E34)+(L34-K34) -> 0.13541667 | N34: =(H34-G34) -> 0.13888889 | O34: =(J34-I34) -> 0.1875 | P34: =SUM(M34:O37) -> 0.46180556 | R34: 219370C001 | S34: (7h00)
S35: GOLDEN PASS
S36: FAT Electrique chez ALSYMEX | V36: ok.Done
Q37: 0.29166667
A38: JEUDI | B38: =SUM(B34+1) -> 45862 | C38: 219370C001 216609C001 214365C001 | G38: 0.35902778 | H38: 0.52083333 | I38: 0.57291667 | J38: 0.74027778 | M38: =(F58-E58)+(L58-K58) -> 0 | N38: =(H38-G38) -> 0.16180556 | O38: =(J38-I38) -> 0.16736111 | P38: =SUM(M38:O58) -> 0.32916667 | R38: 219370C001 | S38: (3h00)
S39: GOLDEN PASS
S40: Envoyer ECN à ALSYMEX | U40: ECN nr: | V40: 1023203 | W40: ok.Done
S41: Faire NDF | W41: ok.Done
S42: Récuperer les photos du 23/07/25 | W42: ok.Done
S43: Récupérer l'export archive CPMS+ | W43: ok.Done
R44: 216609C001 | S44: (2h30)
S45: CORAL NORTH
S46: Yard Test | U46: ok.Done
T47: Faire modif dans prog PLC, dans bloc FB15 Constant Winch
R48: 214365C001 | S48: (0h30)
S49: TR
S50: Préparer les documents ci-dessous à metre sur ARAS:
T51: CLD | W51: Lien: | X51: Drawings_C214365 Tecnicas Reunidas
T52: ECD | U52: Rev5 | V52: ok.Done
T53: ILD | U53: Rev3 | V53: ok.Done
T54: TBWD | U54: Rev5 | V54: ok.Done
T55: IOL | U55: Rev5 | V55: ok.Done
T56: SDE | U56: Rev8 | V56: ok.Done
T57: Tâches à donner à Ezeddine | W57: in progress…
Q58: 0.29166667
A59: VENDREDI | B59: =SUM(B38+1) -> 45863 | C59: 216609C001 219370CC01 218020C001 219370C001 | G59: 0.35625 | H59: 0.52430556 | I59: 0.55208333 | J59: 0.68333333 | M59: =(F80-E80)+(L80-K80) -> 0 | N59: =(H59-G59) -> 0.16805556 | O59: =(J59-I59) -> 0.13125 | P59: =SUM(M59:O80) -> 0.29930556 | R59: 216609C001 | S59: (2h00)
S60: CORAL NORTH
S61: Mettre les corrections à 0,0 pour les bras 1,2 & 3 dans le PLC prog | X61: ok.Done
S62: Charger un module PARKER (pour projet Wison) avec la sauvegarde Speed | Y62: ok.Done
S63: Faire la sauvegarde PLC prog | Y63: ok.Done
S64: Faire la sauvegarde des modules PARKER | Y64: ok.Done
R65: 219370C001 | S65: (2h00)
S66: GOLDEN PASS
S67: Mettre les documents ci-dessous sur Sharepoint:
T68: FAT Report | U68: LS_EFPC21937001 | W68: ok.Done
T69: ITP signed | U69: LS_ITPC21937001 | W69: ok.Done
T70: Photos | W70: ok.Done
R71: 218020C001 | S71: (1h00)
S72: TCC
S73: Vérifier que les CD de fin d'affaire ci-dessous soient sur Sharepoint:
T74: Elec- ACTEMIUM | U74: ok.Done
T75: Hydro - ATOS | U75: ok.Done
R76: 219370C001 | S76: (1h00)
S77: GOLDEN PASS
S78: Faire email à Alsymex pour envoi du matériel après avoir soldé la punch list | X78: ok.Done
S79: Faire email à Sharad pour faire la mise à jour des documents, | X79: ok.Done
Q80: 0.29166667
A81: SAMEDI | B81: =SUM(B59+1) -> 45864
A82: DIMANCHE | B82: =SUM(B81+1) -> 45865
J84: TOTAL TRAVAILLE | M84: =SUM(M9+M30+M34+M38+M59+M81+M82) -> 0.27777778 | N84: =SUM(N9+N30+N34+N38+N59+N81+N82) -> 0.8 | O84: =SUM(O9+O30+O34+O38+O59+O81+O82) -> 0.81041667 | P84: =SUM(P9+P30+P34+P38+P59+P81+P82) -> 1.8881944
J85: POTENTIEL SEMAINE | N85: =SUM(Q9:Q82) -> 1.4583333
J86: TOTAL SEMAINE HS | N86: =SUM(P84-N85) -> 0.42986111
J87: TOTAL PRECEDENT HS | N87: ='SEM29'!N38 -> 10.486111
J88: NOUVEAU TOTAL HS | N88: =N86+N87 -> 10.915972

Sheet SEM31
A4: Nom: | B4: BELIN brice
A5: semaine 31 | B5: du | C5: =SUM('SEM30'!B82+1) -> 45866 | D5: au | E5: =SUM(B115) -> 45872
E6: Route | F6: aller | G6: Client ou usine | I6: Client ou usine | K6: Route retour | M6: TOTAL | Q6: potentiel jour
A7: Jour | B7: Date | C7: Nom client ou usine | E7: Heure départ | F7: Heure arrivée | G7: Heure arrivée | H7: Heure départ | I7: Heure arrivée | J7: Heure départ | K7: Heure départ | L7: Heure arrivée | M7: Heure route | N7: Heure client | O7: Heure usine | P7: Général
A9: LUNDI | B9: =SUM(C5) -> 45866 | C9: RA172190 216609C001 220435C001 220198C001 214365C001 219254C001 220450C001 | G9: 0.35625 | H9: 0.52083333 | I9: 0.5625 | J9: 0.73125 | M9: =(F35-E35)+(L35-K35) -> 0 | N9: =(H9-G9) -> 0.16458333 | O9: =(J9-I9) -> 0.16875 | P9: =SUM(M9:O35) -> 0.33333333 | R9: RA172190 | S9: (0h30)
S10: HOEGH
S11: Voir avec JCP pour les commentaires du plan TBWD | X11: in progress…
S12: Envoyer le plan ci-dessous à CORAIL avec les commentaires client:
T13: 2403117219003 | U13: Rev 3 | V13: ok.Done | W13: ENVOYER A ACTEMIUM
R15: 216609C001 | S15: (1h30)
S16: CORAL NORTH
S17: Mettre les captures des valeurs des coef Linéaires dans le fichier excel | X17: ok.Done
S18: Mettre la sauvegarde de la Supervision CPMS+ sur notre serveur | X18: ok.Done
R19: 220435C001
S20: MOTOR OIL
S21: Préparer le LF pour le 04/08/2025 | V21: in progress…
R22: 220198C001 | S22: (0h30)
S23: SHELL PRELUDE
S24: Meeting avec ATOS / JCP / Ezeddine / BB | V24: ok.Done
R25: 214365C001 | S25: (2h30)
S26: TR
S27: Vérification ECN + plans pour Ezeddine | V27: in progress…
S28: En attente validation des Rev (TEN & client) pour le plan 24ECDC21436501 | Y28: in progress… | Z28: EN ATTENTE RETOUR INFO DOC CONTROL
S29: Vérification des plans envoyé par ACTEMUM | V29: ok.Done
R30: 219254C001 | S30: (1h30)
S31: PADAH
S32: Répondre à Robin pour le devis d'ACTEMIUM | W32: ok.Done
S33: Edition de l'email pour faire dmde de devis pour ajouter les tags client | X33: ok.Done | Y33: EN ATTENTE VALIDATION JCP
S34: Envoyer l'email aux 2 sstr (ACE / ACTEMIUM) | X34: ok.Done
Q35: 0.29166667
A36: MARDI | B36: =SUM(B9+1) -> 45867 | C36: 220435C001 216609c001 | G36: 0.32916667 | H36: 0.52430556 | I36: 0.55208333 | J36: 0.72708333 | M36: =(F49-E49)+(L49-K49) -> 0 | N36: =(H36-G36) -> 0.19513889 | O36: =(J36-I36) -> 0.175 | P36: =SUM(M36:O49) -> 0.37013889 | R36: 220435C001 | S36: (6h30)
S37: MOTOR OIL
S38: Préparer le LF pour le 04/08/2025 | V38: in progress…
S39: Drafter le plan 24033 avec les modifs souhaitées | W39: in progress… | X39: EN ATTENTE VALIDATION JCP
S40: Editer la trame excel de suivi de projet | V40: ok.Done
S41: Préparer les DBIs | V41: ok.Done
R42: 216609C001 | S42: (0h30)
S43: QCLNG
S44: Mettre la plan ci-dessous dans ARAS:
T45: Hydraulic Control Panel | V45: 2413410149601 | X45: Rev11 | Y45: in progress…
Q49: 0.29166667
A50: MERCREDI | B50: =SUM(B36+1) -> 45868 | C50: 220435C001 220224C001 RA172190 219254C001 | G50: 0.30208333 | H50: 0.5 | I50: 0.54166667 | J50: 0.70972222 | M50: =(F72-E72)+(L72-K72) -> 0 | N50: =(H50-G50) -> 0.19791667 | O50: =(J50-I50) -> 0.16805556 | P50: =SUM(M50:O72) -> 0.36597222 | R50: 220435C001 | S50: (3h00)
S51: MOTOR OIL
S52: Préparer le LF pour le 04/08/2025 | V52: in progress…
S53: Drafter le plan 24033 avec les modifs souhaitées | W53: ok.Done
R54: 220224C001 | S54: (2h00)
S55: ADNOC
S56: Mettre les parts dans DBI ci-dessous:
T57: 24028 | W57: ok.Done
T58: 24029 | W58: ok.Done
S59: Mettre les DBIs 24028 & 24029 sous le PN TOP LVL | W59: in progress…
R60: RA172190 | S60: (1h00)
S61: HOEGH
S62: Drafté le plan ci-dessous:
T63: TBWD | U63: 2403117219003 | W63: ok.Done
R64: 219254C001 | S64: (0h30)
S65: PADAH LNG
S66: Maj du plan ci-dessous
T67: IOL | U67: LS_IOLC21925401 | W67: Stand by
S68: Conf call avec Robin, on doit envoyer au client les docs ci-dessous pour validation des tags:
T69: IOL | U69: LS_IOLC21925401
T70: PID
T71: Interco
Q72: 0.29166667
A73: JEUDI | B73: =SUM(B50+1) -> 45869 | C73: 220224C001 220435C001 219123C001 214936C001 219867C001 | G73: 0.33888889 | H73: 0.52083333 | I73: 0.54861111 | J73: 0.71805556 | M73: =(F93-E93)+(L93-K93) -> 0 | N73: =(H73-G73) -> 0.18194444 | O73: =(J73-I73) -> 0.16944444 | P73: =SUM(M73:O93) -> 0.35138889 | R73: 220224C001 | S73: (0h30)
S74: ADNOC
S75: Mettre les DBIs 24028 & 24029 sous le PN TOP LVL | W75: ok.Done
S76: Voir pour le problème d'ECN CL4 | W76: ok.Done
R77: 220435C001 | S77: (2h00)
S78: MOTOR OIL
S79: Création du PN ci-dessous:
T80: CS PNs | U80: 24000C22043512 | W80: ok.Done
S81: Faire le LF | U81: ECN: | V81: 1023563 | W81: ok.Done
R82: 219123C001 | S82: (0h30)
S83: SHELL PRELUDE
S84: Envoyez le plan 3D du treuil à ACE | V84: ok.Done | W84: EN ATTENTE RETOUR CHARLY
S85: Retour ACE: Envoyer le treuil +SKID | V85: in progress…
R86: 214936C001 | S86: (1h00)
S87: WISON
S88: Mettre les plans envoyés par ALSYMEX sous ARAS | W88: ok.Done
S89: Maj du plan TBWD - Manque logo Wison pge de garde | W89: ok.Done | X89: EN ATTENTE RETOUR DOC CTRL
R90: 219867C001 | S90: (1h30)
S91: MARSA
S92: Meetying avec JCP pour maj hydro on dock | V92: ok.Done
Q93: 0.29166667
A94: VENDREDI | B94: =SUM(B73+1) -> 45870 | C94: 220435C001 214936C001 219123C001 219867C001 220224C001 | G94: 0.34166667 | H94: 0.52083333 | I94: 0.54166667 | J94: 0.6875 | M94: =(F113-E113)+(L113-K113) -> 0 | N94: =(H94-G94) -> 0.17916667 | O94: =(J94-I94) -> 0.14583333 | P94: =SUM(M94:O113) -> 0.325 | R94: 220435C001 | S94: (0h30)
S95: MOTOR OIL
S96: Rajouter le PN CS au TOP LVL | V96: ok.Done
R97: 214936C001 | S97: (0h30)
S98: WISON
S99: Maj du plan ci-dessous:
T100: SDE | U100: LS_SDEC21493601 | W100: ok.Done | X100: ECN nr: | Y100: 1023552 | Z100: EN ATTENTE RETOUR DOC CTRL
R101: 219123C001 | S101: (0h30)
S102: SHELL PRELUDE
S103: Envoyez le plan 3D du treuil à ACE | V103: in progress… | W103: EN ATTENTE RETOUR CHARLY
S104: Retour ACE: Envoyer le treuil +SKID | V104: in progress…
R105: 219867C001 | S105: (0h30)
S106: MARSA
S107: Meeting BE CS + BE MECA | V107: ok.Done
R108: 220224C001 | S108: (5h00)
...

Sheet SEM32
A4: Nom: | B4: BELIN brice
A5: semaine 32 | B5: du | C5: =SUM('SEM31'!B115+1) -> 45873 | D5: au | E5: =SUM(B39) -> 45879
E6: Route | F6: aller | G6: Client ou usine | I6: Client ou usine | K6: Route retour | M6: TOTAL | Q6: potentiel jour
A7: Jour | B7: Date | C7: Nom client ou usine | E7: Heure départ | F7: Heure arrivée | G7: Heure arrivée | H7: Heure départ | I7: Heure arrivée | J7: Heure départ | K7: Heure départ | L7: Heure arrivée | M7: Heure route | N7: Heure client | O7: Heure usine | P7: Général
A9: LUNDI | B9: =SUM(C5) -> 45873 | C9: 220224C001 219867C001 | G9: 0.33958333 | H9: 0.52083333 | I9: 0.5625 | J9: 0.71597222 | M9: =(F20-E20)+(L20-K20) -> 0 | N9: =(H9-G9) -> 0.18125 | O9: =(J9-I9) -> 0.15347222 | P9: =SUM(M9:O20) -> 0.33472222 | R9: 220224C001
S10: ADNOC
S11: Edition fichier specs LS_PSXC22022401 | V11: in progress…
R12: 219867C001 | S12: (7h30)
S13: MARSA
S14: Répondre aux SDCLélec ci-dessous:
T15: ACTEMIUM | V15: ok.Done
T16: ALSYMEX | V16: ok.Done
S17: Comparer les plans Interco & LS_IOL pour incohérence | W17: in progress…
S18: Maj du doc ci-dessous:
T19: IOL | U19: LS_IOLC219867C001 | W19: ok.Done
Q20: 0.29166667
A21: MARDI | B21: =SUM(B9+1) -> 45874 | C21: 216609C001 Soft Siemens 219867C001 | G21: 0.33125 | H21: 0.52083333 | I21: 0.55208333 | J21: 0.6875 | M21: =(F31-E31)+(L31-K31) -> 0 | N21: =(H21-G21) -> 0.18958333 | O21: =(J21-I21) -> 0.13541667 | P21: =SUM(M21:O31) -> 0.325 | R21: 216609C001 | S21: (4h00)
S22: CORAL NORTH
S23: Editer la procédure pour calculer les coef de deflection pour le CPMS avec les mesures géomètres | Z23: ok.Done
R24: Software | S24: (3h30)
S25: Installer TIA PORTAL V20 | U25: ok.Done
R26: 219867C001 | S26: (1h00)
S27: MARSA
S28: Maj du doc ci-dessous:
T29: Interco | U29: 24EIDC21986701 | W29: in progress… | X29: MAJ A FAIRE PAR HALMI
S30: Edition des nouveaux PN pour capteurs TURCK BANNER | W30: in progress… | X30: ECN nr: | Y30: 1023659
Q31: 0.29166667
A32: MERCREDI | B32: =SUM(B21+1) -> 45875 | C32: VACANCE!!! | G32: 0 | H32: 0 | I32: 0 | J32: 0 | M32: =(F33-E33)+(L33-K33) -> 0 | N32: =(H32-G32) -> 0 | O32: =(J32-I32) -> 0 | P32: =SUM(M32:O33) -> 0
Q33: 0
A34: JEUDI | B34: =SUM(B32+1) -> 45876 | C34: VACANCE!!! | G34: 0 | H34: 0 | I34: 0 | J34: 0 | M34: =(F35-E35)+(L35-K35) -> 0 | N34: =(H34-G34) -> 0 | O34: =(J34-I34) -> 0 | P34: =SUM(M34:O35) -> 0
Q35: 0
A36: VENDREDI | B36: =SUM(B34+1) -> 45877 | C36: VACANCE!!! | G36: 0 | H36: 0 | I36: 0 | J36: 0 | M36: =(F37-E37)+(L37-K37) -> 0 | N36: =(H36-G36) -> 0 | O36: =(J36-I36) -> 0 | P36: =SUM(M36:O37) -> 0
Q37: 0
A38: SAMEDI | B38: =SUM(B36+1) -> 45878 | C38: VACANCE!
A39: DIMANCHE | B39: =SUM(B38+1) -> 45879
J41: TOTAL TRAVAILLE | M41: =SUM(M9+M21+M32+M34+M36+M38+M39) -> 0 | N41: =SUM(N9+N21+N32+N34+N36+N38+N39) -> 0.37083333 | O41: =SUM(O9+O21+O32+O34+O36+O38+O39) -> 0.28888889 | P41: =SUM(P9+P21+P32+P34+P36+P38+P39) -> 0.65972222
J42: POTENTIEL SEMAINE | N42: =SUM(Q9:Q39) -> 0.58333333
J43: TOTAL SEMAINE HS | N43: =SUM(P41-N42) -> 0.076388889
J44: TOTAL PRECEDENT HS | N44: ='SEM31'!N121 -> 11.203472
J45: NOUVEAU TOTAL HS | N45: =N43+N44 -> 11.279861

Sheet SEM33
A4: Nom: | B4: BELIN brice
A5: semaine 33 | B5: du | C5: =SUM('SEM32'!B39+1) -> 45880 | D5: au | E5: =SUM(B20) -> 45886
E6: Route | F6: aller | G6: Client ou usine | I6: Client ou usine | K6: Route retour | M6: TOTAL | Q6: potentiel jour
A7: Jour | B7: Date | C7: Nom client ou usine | E7: Heure départ | F7: Heure arrivée | G7: Heure arrivée | H7: Heure départ | I7: Heure arrivée | J7: Heure départ | K7: Heure départ | L7: Heure arrivée | M7: Heure route | N7: Heure client | O7: Heure usine | P7: Général
A9: LUNDI | B9: =SUM(C5) -> 45880 | C9: VACANCE! | M9: =(F10-E10)+(L10-K10) -> 0 | N9: =(H10-G10)+(J10-I10) -> 0 | O9: =(H9-G9)+(J9-I9) -> 0 | P9: =SUM(M9:O10) -> 0
Q10: 0
A11: MARDI | B11: =SUM(B9+1) -> 45881 | C11: VACANCE! | M11: =(F12-E12)+(L12-K12) -> 0 | N11: =(H12-G12)+(J12-I12) -> 0 | O11: =(H11-G11)+(J11-I11) -> 0 | P11: =SUM(M11:O12) -> 0
Q12: 0
A13: MERCREDI | B13: =SUM(B11+1) -> 45882 | C13: VACANCE! | M13: =(F14-E14)+(L14-K14) -> 0 | N13: =(H14-G14)+(J14-I14) -> 0 | O13: =(H13-G13)+(J13-I13) -> 0 | P13: =SUM(M13:O14) -> 0
Q14: 0
A15: JEUDI | B15: =SUM(B13+1) -> 45883 | C15: VACANCE! | M15: =(F16-E16)+(L16-K16) -> 0 | N15: =(H16-G16)+(J16-I16) -> 0 | O15: =(H15-G15)+(J15-I15) -> 0 | P15: =SUM(M15:O16) -> 0
Q16: 0
A17: VENDREDI | B17: =SUM(B15+1) -> 45884 | C17: VACANCE! | M17: =(F18-E18)+(L18-K18) -> 0 | N17: =(H18-G18)+(J18-I18) -> 0 | O17: =(H17-G17)+(J17-I17) -> 0 | P17: =SUM(M17:O18) -> 0
Q18: 0
A19: SAMEDI | B19: =SUM(B17+1) -> 45885 | C19: VACANCE!
A20: DIMANCHE | B20: =SUM(B19+1) -> 45886
J22: TOTAL TRAVAILLE | M22: =SUM(M9+M11+M13+M15+M17+M19+M20) -> 0 | N22: =SUM(N9+N11+N13+N15+N17+N19+N20) -> 0 | O22: =SUM(O9+O11+O13+O15+O17+O19+O20) -> 0 | P22: =SUM(P9+P11+P13+P15+P17+P19+P20) -> 0
J23: POTENTIEL SEMAINE | N23: =SUM(Q9:Q20) -> 0
J24: TOTAL SEMAINE HS | N24: =SUM(P22-N23) -> 0
J25: TOTAL PRECEDENT HS | N25: ='SEM32'!N45 -> 11.279861
J26: NOUVEAU TOTAL HS | N26: =N24+N25 -> 11.279861

Sheet SEM34
A4: Nom: | B4: BELIN brice
A5: semaine 34 | B5: du | C5: =SUM('SEM33'!B20+1) -> 45887 | D5: au | E5: =SUM(B20) -> 45893
E6: Route | F6: aller | G6: Client ou usine | I6: Client ou usine | K6: Route retour | M6: TOTAL | Q6: potentiel jour
A7: Jour | B7: Date | C7: Nom client ou usine | E7: Heure départ | F7: Heure arrivée | G7: Heure arrivée | H7: Heure départ | I7: Heure arrivée | J7: Heure départ | K7: Heure départ | L7: Heure arrivée | M7: Heure route | N7: Heure client | O7: Heure usine | P7: Général
A9: LUNDI | B9: =SUM(C5) -> 45887 | C9: VACANCE! | M9: =(F10-E10)+(L10-K10) -> 0 | N9: =(H10-G10)+(J10-I10) -> 0 | O9: =(H9-G9)+(J9-I9) -> 0 | P9: =SUM(M9:O10) -> 0
Q10: 0
A11: MARDI | B11: =SUM(B9+1) -> 45888 | C11: VACANCE! | M11: =(F12-E12)+(L12-K12) -> 0 | N11: =(H12-G12)+(J12-I12) -> 0 | O11: =(H11-G11)+(J11-I11) -> 0 | P11: =SUM(M11:O12) -> 0
Q12: 0
A13: MERCREDI | B13: =SUM(B11+1) -> 45889 | C13: VACANCE! | M13: =(F14-E14)+(L14-K14) -> 0 | N13: =(H14-G14)+(J14-I14) -> 0 | O13: =(H13-G13)+(J13-I13) -> 0 | P13: =SUM(M13:O14) -> 0
Q14: 0
A15: JEUDI | B15: =SUM(B13+1) -> 45890 | C15: VACANCE! | M15: =(F16-E16)+(L16-K16) -> 0 | N15: =(H16-G16)+(J16-I16) -> 0 | O15: =(H15-G15)+(J15-I15) -> 0 | P15: =SUM(M15:O16) -> 0
Q16: 0
A17: VENDREDI | B17: =SUM(B15+1) -> 45891 | C17: VACANCE! | M17: =(F18-E18)+(L18-K18) -> 0 | N17: =(H18-G18)+(J18-I18) -> 0 | O17: =(H17-G17)+(J17-I17) -> 0 | P17: =SUM(M17:O18) -> 0
Q18: 0
A19: SAMEDI | B19: =SUM(B17+1) -> 45892 | C19: VACANCE!
A20: DIMANCHE | B20: =SUM(B19+1) -> 45893
J22: TOTAL TRAVAILLE | M22: =SUM(M9+M11+M13+M15+M17+M19+M20) -> 0 | N22: =SUM(N9+N11+N13+N15+N17+N19+N20) -> 0 | O22: =SUM(O9+O11+O13+O15+O17+O19+O20) -> 0 | P22: =SUM(P9+P11+P13+P15+P17+P19+P20) -> 0
J23: POTENTIEL SEMAINE | N23: =SUM(Q9:Q20) -> 0
J24: TOTAL SEMAINE HS | N24: =SUM(P22-N23) -> 0
J25: TOTAL PRECEDENT HS | N25: ='SEM33'!N26 -> 11.279861
J26: NOUVEAU TOTAL HS | N26: =N24+N25 -> 11.279861

Sheet SEM35
A4: Nom: | B4: BELIN brice
A5: semaine 35 | B5: du | C5: =SUM('SEM34'!B20+1) -> 45894 | D5: au | E5: =SUM(B20) -> 45900
E6: Route | F6: aller | G6: Client ou usine | I6: Client ou usine | K6: Route retour | M6: TOTAL | Q6: potentiel jour
A7: Jour | B7: Date | C7: Nom client ou usine | E7: Heure départ | F7: Heure arrivée | G7: Heure arrivée | H7: Heure départ | I7: Heure arrivée | J7: Heure départ | K7: Heure départ | L7: Heure arrivée | M7: Heure route | N7: Heure client | O7: Heure usine | P7: Général
A9: LUNDI | B9: =SUM(C5) -> 45894 | C9: VACANCE! | G9: 0 | H9: 0 | I9: 0 | J9: 0 | M9: =(F10-E10)+(L10-K10) -> 0 | N9: =(H9-G9) -> 0 | O9: =(J9-I9) -> 0 | P9: =SUM(M9:O10) -> 0
Q10: 0
A11: MARDI | B11: =SUM(B9+1) -> 45895 | C11: VACANCE! | G11: 0 | H11: 0 | I11: 0 | J11: 0 | M11: =(F12-E12)+(L12-K12) -> 0 | N11: =(H11-G11) -> 0 | O11: =(J11-I11) -> 0 | P11: =SUM(M11:O12) -> 0
Q12: 0
A13: MERCREDI | B13: =SUM(B11+1) -> 45896 | C13: VACANCE! | G13: 0 | H13: 0 | I13: 0 | J13: 0 | M13: =(F14-E14)+(L14-K14) -> 0 | N13: =(H13-G13) -> 0 | O13: =(J13-I13) -> 0 | P13: =SUM(M13:O14) -> 0
Q14: 0
A15: JEUDI | B15: =SUM(B13+1) -> 45897 | C15: VACANCE! | G15: 0 | H15: 0 | I15: 0 | J15: 0 | M15: =(F16-E16)+(L16-K16) -> 0 | N15: =(H15-G15) -> 0 | O15: =(J15-I15) -> 0 | P15: =SUM(M15:O16) -> 0
Q16: 0
A17: VENDREDI | B17: =SUM(B15+1) -> 45898 | C17: VACANCE! | G17: 0 | H17: 0 | I17: 0 | J17: 0 | M17: =(F18-E18)+(L18-K18) -> 0 | N17: =(H17-G17) -> 0 | O17: =(J17-I17) -> 0 | P17: =SUM(M17:O18) -> 0
Q18: 0
A19: SAMEDI | B19: =SUM(B17+1) -> 45899
A20: DIMANCHE | B20: =SUM(B19+1) -> 45900
J22: TOTAL TRAVAILLE | M22: =SUM(M9+M11+M13+M15+M17+M19+M20) -> 0 | N22: =SUM(N9+N11+N13+N15+N17+N19+N20) -> 0 | O22: =SUM(O9+O11+O13+O15+O17+O19+O20) -> 0 | P22: =SUM(P9+P11+P13+P15+P17+P19+P20) -> 0
J23: POTENTIEL SEMAINE | N23: =SUM(Q9:Q20) -> 0
J24: TOTAL SEMAINE HS | N24: =SUM(P22-N23) -> 0
J25: TOTAL PRECEDENT HS | N25: ='SEM34'!N26 -> 11.279861
J26: NOUVEAU TOTAL HS | N26: =N24+N25 -> 11.279861

Sheet SEM36
A4: Nom: | B4: BELIN brice
A5: semaine 36 | B5: du | C5: =SUM('SEM35'!B20+1) -> 45901 | D5: au | E5: =SUM(B115) -> 45907
E6: Route | F6: aller | G6: Client ou usine | I6: Client ou usine | K6: Route retour | M6: TOTAL | Q6: potentiel jour
A7: Jour | B7: Date | C7: Nom client ou usine | E7: Heure départ | F7: Heure arrivée | G7: Heure arrivée | H7: Heure départ | I7: Heure arrivée | J7: Heure départ | K7: Heure départ | L7: Heure arrivée | M7: Heure route | N7: Heure client | O7: Heure usine | P7: Général
A9: LUNDI | B9: =SUM(C5) -> 45901 | C9: RA172141 219867C001 219712C001 219254C001 RA172190 | G9: 0.35416667 | H9: 0.52083333 | I9: 0.56944444 | J9: 0.73541667 | M9: =(F28-E28)+(L28-K28) -> 0 | N9: =(H9-G9) -> 0.16666667 | O9: =(J9-I9) -> 0.16597222 | P9: =SUM(M9:O28) -> 0.33263889 | R9: Lecture des emails | S9: (2h00)
S10: ok.Done
R11: RA17-2141 | S11: (0h30)
S12: KNPC
S13: Chercher le mot de passe PLC | V13: ok.Done
R14: 219867C001 | S14: (1h00)
S15: MARSA
S16: Meeting LS_BHE | U16: ok.Done
R17: Meeting JCP | S17: (0h30)
R18: 219712C001 | S18: (0h30)
S19: TECHEAST
S20: Maj de la spec ci-dessous:
T21: LS_JBSC21971201 | V21: ok.Done | W21: ECN nr: | X21: 1024042
R22: 219254C001 | S22: (2h00)
S23: PADAH
S24: Envoyer le fichier de paramétrages CPMS à CORAIL | W24: in progress… | X24: EN ATTENTE RETOUR ALEXANDRE LAMARLE POUR VALEURS Q & R
R25: RA172190 | S25: (0h30)
S26: HOEGH
S27: Meeting Mathieu G / FPF / JCP | V27: ok.Done
Q28: 0.29166667
A29: MARDI | B29: =SUM(B9+1) -> 45902 | C29: 220224C001 219254C001 216956C001 220198C001 RA172190 219712C001 | G29: 0.34027778 | H29: 0.52083333 | I29: 0.55208333 | J29: 0.75069444 | M29: =(F57-E57)+(L57-K57) -> 0 | N29: =(H29-G29) -> 0.18055556 | O29: =(J29-I29) -> 0.19861111 | P29: =SUM(M29:O57) -> 0.37916667 | R29: 220224C001 | S29: (2h30)
S30: ADNOC
S31: Valider le PN ci-dessous:
T32: HPU (Spare Part) | V32: 241369205540 | W32: ok.Done | X32: CL2
T33: Hydrailic On Dock | V33: 24028C22022401 | W33: ok.Done
S34: Faire la feuille de LF | U34: ok.Done
R35: 219254C001 | S35: (0h30)
S36: PADAH LNG
S37: Maj du plan ci-dessous:
T38: interco | U38: 24EIDC21925401 | W38: in progress… | X38: EN ATTENTE RETOUR EZEDDINE
R39: 216956C001 | S39: (0h30)
S40: LYONDELL
S41: Faire email à Chistelle Gendraud pour changer le status de la doc ci-dessous en "Pending PM" | Y41: ok.Done
T42: Schéma élec | V42: 2403012174001
T43: Logiq Diagram | V43: 2403012174002
T44: IOL | V44: 24CND12174001
R45: 220198C001 | S45: (1h30)
S46: SHELL PRELUDE
S47: Changer le rédacteur en TEN pour le plan CND | W47: ok.Done
S48: Faire email à ALSYMEX pour modif des 2 pages sur la plan 3313612168501 | X48: ok.Done
S49: Envoyer le nr ECN + Source AutoCAD pour HPU à ALSYMEX | X49: ok.Done
R50: RA172190 | S50: (1h00)
S51: HOEGH
S52: Maj du plan ci-dessous:
T53: interco | U53: 2403117219001 | W53: ok.Done
R54: 219712C001 | S54: (0h30)
S55: TEACHEAST
S56: Validation des plans retourné par STAHL | W56: ok.Done
Q57: 0.29166667
A58: MERCREDI | B58: =SUM(B29+1) -> 45903 | C58: 219254C001 220224C001 219867C001 | G58: 0.32222222 | H58: 0.52083333 | I58: 0.5625 | J58: 0.74097222 | M58: =(F75-E75)+(L75-K75) -> 0 | N58: =(H58-G58) -> 0.19861111 | O58: =(J58-I58) -> 0.17847222 | P58: =SUM(M58:O75) -> 0.37708333 | R58: 220224C001 | S58: (2h30)
S59: ADNOC
S60: Editer ci-dessous plan:
T61: EOA | U61: 24EOAC22022401 | W61: in progress…
R62: 219254C001 | S62: A FAIRE EN 1ER - VOIR CRS CLIENT DANS ARAS
S63: PADAH LNG
S64: Vérifiez les trames FAT E&H | W64: in progress…
S65: Vérifiez retour client via CRS excel | W65: ok.Done | X65: A VALIDER AVEC JCP
R66: 219867C001 | S66: (1h30)
S67: MARSA
S68: Edition du PN pour:
T69: Remote Control (Spare) | V69: 2489935C2198672P | W69: in progress… | X69: ECN nr: | Y69: 1024097
S70: Codifier les 3 capteurs ci-dessous:(surligné en jaune par JCP)
T71: rectangulaire | U71: NI20-CP40-Y1X/S100 | W71: ok.Done | X71: ECN nr: | Y71: 1023659 | Z71: EN ATTENTE VALIDATION JCP
T72: M30 - câble Lg 15m | U72: NI15-P30-Y1X/15M | W72: ok.Done | X72: ECN nr: | Y72: 1023659
T73: M18 - câble Lg 2m | U73: NI15-P18-Y1/S100 | W73: ok.Done | X73: ECN nr: | Y73: 1023659
S74: Meeting BE Mca - Détection coupleur closed | W74: ok.Done
Q75: 0.16666667
A76: JEUDI | B76: =SUM(B58+1) -> 45904 | C76: 219867C001 220224C001 CPMS 219254C001 | G76: 0.32777778 | H76: 0.52083333 | I76: 0.56944444 | J76: 0.73541667 | M76: =(F94-E94)+(L94-K94) -> 0 | N76: =(H76-G76) -> 0.19305556 | O76: =(J76-I76) -> 0.16597222 | P76: =SUM(M76:O94) -> 0.35902778 | R76: 219867C001 | S76: (1h30)
S77: MARSA
S78: Ajouter la Radio Remote Spare dans le DBI 24134C21986701A | W78: ok.Done
S79: Retourner la SDCL vers CORAIL | W79: in progress…
R80: 220224C001 | S80: (0h00)
S81: ADNOC
S82: Editer ci-dessous plan:
T83: EOA | U83: 24EOAC22022401 | W83: in progress…
R84: 216609C001 | S84: (0h30)
S85: CORAL NORTH
S86: CPMS
S87: Meeting avec Abdeslam pour vérification fichier excel pour avoir les coefs à rentrer dans le prog PLC HIMA | Y87: in progress…
R88: 219254C001 | S88: (5h30)
S89: PADAH
S90: Meeting avec JCP / FPR | W90: ok.Done
S91: Vérifiez retour client via CRS excel | W91: ok.Done | X91: A VALIDER AVEC JCP
S92: Maj du document ci-desous:
T93: ELEC FAT | U93: LS_EFPC21925401 | W93: in progress…
Q94: 0.29166667
A95: VENDREDI | B95: =SUM(B76+1) -> 45905 | C95: 219254C001 219867C001 220224C001 | G95: 0.36805556 | H95: 0.52083333 | I95: 0.55208333 | J95: 0.6875 | M95: =(F113-E113)+(L113-K113) -> 0 | N95: =(H95-G95) -> 0.15277778 | O95: =(J95-I95) -> 0.13541667 | P95: =SUM(M95:O113) -> 0.28819444 | R95: 219254C001 | S95: (0h30)
S96: PADAH
S97: Envoyez la trame de paramètres CPMS+ à CORAIL | W97: ok.Done
S98: Maj du document ci-desous:
T99: ELEC FAT | U99: LS_EFPC21925401 | W99: in progress…
R100: 219867C001 | S100: (6h30)
S101: MARSA
S102: Répondre à la SDCL de CORAIL pour consultation | W102: ok.Done | X102: FAITE LE 07/08/2025
S103: Maj des plans ci-dessous:
T104: Interco | U104: 24EIDC21986701 | W104: in progress…
...

Sheet SEM37
A4: Nom: | B4: BELIN brice
A5: semaine 37 | B5: du | C5: =SUM('SEM36'!B115+1) -> 45908 | D5: au | E5: =SUM(B86) -> 45914
E6: Route | F6: aller | G6: Client ou usine | I6: Client ou usine | K6: Route retour | M6: TOTAL | Q6: potentiel jour
A7: Jour | B7: Date | C7: Nom client ou usine | E7: Heure départ | F7: Heure arrivée | G7: Heure arrivée | H7: Heure départ | I7: Heure arrivée | J7: Heure départ | K7: Heure départ | L7: Heure arrivée | M7: Heure route | N7: Heure client | O7: Heure usine | P7: Général
A9: LUNDI | B9: =SUM(C5) -> 45908 | C9: 219867C001 220224C001 CPMS+ | E9: 0 | F9: 0 | G9: 0.32708333 | H9: 0.51041667 | I9: 0.5625 | J9: 0.76180556 | K9: 0 | L9: 0 | M9: =(F9-E9)+(L9-K9) -> 0 | N9: =(H9-G9) -> 0.18333333 | O9: =(J9-I9) -> 0.19930556 | P9: =SUM(M9:O22) -> 0.38263889 | R9: 220224C001
S10: ADNOC
S11: Editer ci-dessous plan:
T12: EOA | U12: 24EOAC22022401 | W12: in progress…
R13: 219867C001 | S13: (4h30)
S14: MARSA
S15: Maj des plans ci-dessous:
T16: Interco | U16: 24EIDC21986701 | W16: in progress…
S17: Meeting avec ACTEMIUM / JCP | W17: ok.Done
R18: CPMS+ | S18: (2h00)
S19: HIMA
S20: Remplir feuille excel de correlation | W20: ok.Done
Q22: 0.29166667
A23: MARDI | B23: =SUM(B9+1) -> 45909 | C23: 219867C001 220224C001 | G23: 0.32291667 | H23: 0.52083333 | I23: 0.55208333 | J23: 0.74375 | M23: =(F36-E36)+(L36-K36) -> 0 | N23: =(H23-G23) -> 0.19791667 | O23: =(J23-I23) -> 0.19166667 | P23: =SUM(M23:O36) -> 0.38958333 | R23: 219867C001 | S23: (4h00)
S24: MARSA
S25: Envoyez ) AQCTEMIUM les docs ci-dessous:
T26: Interco | U26: 24EIDC21986701 | W26: in progress… | X26: Ready | Y26: ok.Done
T27: SDCL Rev3 | W27: in progress… | X27: Ready
T28: Specs avec nos commentaires | W28: in progress… | X28: Ready
T29: Specs client | W29: in progress… | X29: Ready
W30: in progress… | X30: Ready
R31: 220224C001 | S31: (4h00)
S32: ADNOC
S33: Editer ci-dessous plan:
T34: EOA | U34: 24EOAC22022401 | W34: ok.Done
T35: JB | U35: LS_JBDC22022401 | W35: ok.Done
Q36: 0.29166667
A37: MERCREDI | B37: =SUM(B23+1) -> 45910 | C37: 219254C001 Project Review | G37: 0.31597222 | H37: 0.51041667 | I37: 0.5625 | J37: 0.69791667 | M37: =(F53-E53)+(L53-K53) -> 0 | N37: =(H37-G37) -> 0.19444444 | O37: =(J37-I37) -> 0.13541667 | P37: =SUM(M37:O53) -> 0.32986111 | R37: 219254C001 | S37: (5h30)
S38: PADAH
S39: Finir maj du doc ci-dessous:
T40: Elec FAT | U40: LS_EFPC21925401 | W40: in progress…
R41: Project Review
S42: Meeting avec François | V42: NA
R43: 220594C001 | S43: (0h30)
S44: GOLAR HILLI
S45: Rechercher le type d'huile pour BE MECA (Ayoub ) | W45: ok.Done
R46: RC_18_2278 | S46: (0h30)
S47: BRUNEI
S48: Pb de bjs intermédiaire entre la Base Riser et les capteurs Slewing & Apex
S49: Non présent dans le plan interco 2403118227801 | W49: in progress… | X49: EN ATTENTE RETOUR DE JCP
R50: 220224C001 | S50: (0h30)
S51: ADNOC
S52: Donner les valeurs des tempos à Alexandre Lamarle | W52: ok.Done
Q53: 0.29166667
A54: JEUDI | B54: =SUM(B37+1) -> 45911 | C54: 219124C001 RA033368 220224C001 219712C001 | G54: 0.37083333 | H54: 0.52083333 | I54: 0.56944444 | J54: 0.73888889 | M54: =(F71-E71)+(L71-K71) -> 0 | N54: =(H54-G54) -> 0.15 | O54: =(J54-I54) -> 0.16944444 | P54: =SUM(M54:O71) -> 0.31944444 | R54: 219124C001 | S54: (2h30)
S55: ARAMCO
S56: Mise à jour du doc ci-dessous:
T57: FAT ELEC | U57: LS_EFPC21912401 | W57: ok.Done
R58: RA033368 | S58: (1h00)
S59: POSCO
S60: Conf call avec Matthieu concernant le display PMS type MAGNUM NT | X60: ok.Done
S61: Envoyer un email à ALSYMEX pour demande de docs sur MAGNUM NT | X61: ok.Done | Y61: EN ATTENTE DE RETOUR DE C.BERGER
R62: 220224C001 | S62: (2h30)
S63: ADNOC
S64: Meeting DR3 - Indes / BE CS / BE MECA | V64: ok.Done
S65: Meeting Clash & OE | U65: ok.Done
S66: Mise à jour du plan ci-dessous:
T67: HCD | U67: 24HCDC22022401 | W67: ok.Done
R68: 219712C001 | S68: (1h00)
S69: TECHEAST
S70: Meeting avec ALSYMEX pour point sur les plans ECD & LCP | X70: ok.Done
Q71: 0.29166667
A72: VENDREDI | B72: =SUM(B54+1) -> 45912 | C72: 219254C001 | G72: 0.36180556 | H72: 0.52083333 | I72: 0.55208333 | J72: 0.68055556 | M72: =(F72-E72)+(L72-K72) -> 0 | N72: =(H72-G72) -> 0.15902778 | O72: =(J72-I72) -> 0.12847222 | P72: =SUM(M72:O84) -> 0.2875 | R72: 219254C001 | S72: (5h30)
S73: PADAH
S74: Finir maj du doc ci-dessous:
T75: Elec FAT | U75: LS_EFPC21925401 | W75: ok.Done | X75: ENVOYER A JEAN CLAUDE POUR RELECTURE
S76: Trouver des photos à joindre à la FAT ELEC avec CPMS | W76: ok.Done
R77: 219867C001 | S77: (1h30)
S78: MARSA
S79: Edition du doc ci-dessous:
T80: DH | U80: LS_DHYC21986701 | W80: ok.Done
S81: Répondres aux SDCL:
T82: ATOS | U82: LS_PSHC21986701 | W82: in progress…
Q84: 0.29166667
A85: SAMEDI | B85: =SUM(B72+1) -> 45913
A86: DIMANCHE | B86: =SUM(B85+1) -> 45914
J88: TOTAL TRAVAILLE | M88: =SUM(M9+M23+M37+M54+M72+M85+M86) -> 0 | N88: =SUM(N9+N23+N37+N54+N72+N85+N86) -> 0.88472222 | O88: =SUM(O9+O23+O37+O54+O72+O85+O86) -> 0.82430556 | P88: =SUM(P9+P23+P37+P54+P72+P85+P86) -> 1.7090278
J89: POTENTIEL SEMAINE | N89: =SUM(Q9:Q86) -> 1.4583333
J90: TOTAL SEMAINE HS | N90: =SUM(P88-N89) -> 0.25069444
J91: TOTAL PRECEDENT HS | N91: ='SEM36'!N121 -> 11.682639
J92: NOUVEAU TOTAL HS | N92: =N90+N91 -> 11.933333

Sheet SEM38
A4: Nom: | B4: BELIN brice
A5: semaine 38 | B5: du | C5: =SUM('SEM37'!B86+1) -> 45915 | D5: au | E5: =SUM(B90) -> 45921
E6: Route | F6: aller | G6: Client ou usine | I6: Client ou usine | K6: Route retour | M6: TOTAL | Q6: potentiel jour
A7: Jour | B7: Date | C7: Nom client ou usine | E7: Heure départ | F7: Heure arrivée | G7: Heure arrivée | H7: Heure départ | I7: Heure arrivée | J7: Heure départ | K7: Heure départ | L7: Heure arrivée | M7: Heure route | N7: Heure client | O7: Heure usine | P7: Général
A9: LUNDI | B9: =SUM(C5) -> 45915 | C9: 219867C001 CAVOTEC PEROU LNG 220198C001 | G9: 0.32638889 | H9: 0.5 | I9: 0.56944444 | J9: 0.70416667 | M9: =(F9-E9)+(L9-K9) -> 0 | N9: =(H9-G9) -> 0.17361111 | O9: =(J9-I9) -> 0.13472222 | P9: =SUM(M9:O25) -> 0.30833333 | R9: 219867C001 | S9: (3h00)
S10: MARSA
S11: Répondres aux SDCL:
T12: ATOS | U12: LS_PSHC21986701 | W12: ok.Done
T13: ACTEMIUM | U13: LS_PSEC21986701 | W13: ok.Done | X13: EN ATTENTE RETOUR JEAN CLAUDE
R14: CAVOTEC | S14: (2h00)
S15: Meeting avec CAVOTEC / Rozier / Diana | W15: ok.Done
R16: PEROU LNG | S16: (1h00)
S17: Conf call avec le client | U17: ok.Done
R18: 220198C001 | S18: (0h30)
S19: PRELUDE
S20: Envoyer les fichiers STEP à ACE | V20: ok.Done | W20: EN ATENTE RETOUR ACE SI FONCTIONNEL
R21: 219712C001 | S21: (0h30)
S22: TECHEAST
S23: Valider les plans d'ATOS
T24: SVA | U24: in progress…
Q25: 0.29166667
A26: MARDI | B26: =SUM(B9+1) -> 45916 | C26: 219712C001 214034C001 ITS 220224C001 | G26: 0.31319444 | H26: 0.52083333 | I26: 0.55208333 | J26: 0.73055556 | M26: =(F26-E26)+(L26-K26) -> 0 | N26: =(H26-G26) -> 0.20763889 | O26: =(J26-I26) -> 0.17847222 | P26: =SUM(M26:O43) -> 0.38611111 | R26: 219712C001 | S26: (4h00)
S27: TECHEAST
S28: Valider les plans d'ATOS
T29: SVA | U29: ok.Done
T30: HPU | U30: ok.Done
R31: 214034C001 | S31: (0h30)
S32: PEROU LNG
S33: Regarder la faisabilité de leur cahier des charges | W33: ok.Done
S34: Est-il possible de supprimer les séquences ESDx lancé par le PMS? | Y34: ok.Done
S35: Vérif de la logique | U35: ok.Done
R36: ITS | S36: (0h30)
S37: Remplir la feuille d'heures | U37: ok.Done
R38: 220224C001 | S38: (1h00)
S39: ADNOC
S40: Edition du plan ci-dessous:
T41: EID | U41: 24EIDC22022401 | W41: in progress…
Q43: 0.29166667
A44: MERCREDI | B44: =SUM(B26+1) -> 45917 | C44: 220224C001 219254C001 219867C001 | G44: 0.32986111 | H44: 0.5 | I44: 0.5625 | J44: 0.7375 | M44: =(F44-E44)+(L44-K44) -> 0 | N44: =(H44-G44) -> 0.17013889 | O44: =(J44-I44) -> 0.175 | P44: =SUM(M44:O55) -> 0.34513889 | R44: 220224C001 | S44: (1h00)
S45: ADNOC
S46: Edition du plan ci-dessous:
T47: EID | U47: 24EIDC22022401 | W47: in progress…
R48: 219254C001 | S48: (1h00)
S49: PADAH
S50: Meeting with JCP / SR / Padah about cable list | W50: ok.Done
R51: 219867C001 | S51: (2h30)
S52: MARSA
S53: Debrief Hazop / Modif PID à prévoir | V53: ok.Done
S54: Copier les exigences suplémentaires suite Hazop dans les SDCL SSTR | Y54: ok.Done
Q55: 0.29166667
A56: JEUDI | B56: =SUM(B44+1) -> 45918 | C56: 219867C001 220224C001 | G56: 0.36319444 | H56: 0.5 | I56: 0.54861111 | J56: 0.72638889 | M56: =(F56-E56)+(L56-K56) -> 0 | N56: =(H56-G56) -> 0.13680556 | O56: =(J56-I56) -> 0.17777778 | P56: =SUM(M56:O68) -> 0.31458333 | R56: 219867C001 | S56: (1h00)
S57: MARSA
S58: Remplir les SDCL des SSTR:
T59: ELEC | U59: ok.Done
T60: HYDRO | U60: ok.Done
R61: 220224C001 | S61: (6h00)
S62: ADNOC
S63: Répondre aux question de Raju | V63: ok.Done
S64: Faire la maj du plan ci-dessous si nécessaire
T65: HCD | U65: 24HCD22022401 | W65: ok.Done | X65: EN ATTENTE VALIDATION PAR JCP
S66: Edition du plan ci-dessous:
T67: EID | U67: 24EIDC22022401 | W67: in progress…
Q68: 0.29166667
A69: VENDREDI | B69: =SUM(B56+1) -> 45919 | C69: 219712C001 220224C001 | G69: 0.36180556 | H69: 0.52083333 | I69: 0.54166667 | J69: 0.64583333 | M69: =(F88-E88)+(L88-K88)+(F69-E69)+(L69-K69) -> 0 | N69: =(H69-G69) -> 0.15902778 | O69: =(J69-I69) -> 0.10416667 | P69: =SUM(M69:O88) -> 0.26319444 | R69: 219712C001 | S69: (6h00)
S70: TECHEAST
S71: Répondre à l'email d'ATOS | V71: ok.Done
S72: Mettre les plans ci-dessous sur ARAS:
T73: HPU | U73: 24136C21971201 | W73: in progress…
T74: SVA | U74: 24133C21971201 | W74: in progress… | X74: EN ATTENTE VALIDATION BE MECA
S75: Edition du plan ci-dessous:
T76: DH | U76: LS_DHYC21971201 | W76: ok.Done | X76: EN ATTENTE RETOUR LAMARLE SUR 2 VALEURES
R78: 220224C001 | S78: (1h00)
S79: ADNOC
S80: Maj du plan ci-dessous:
T81: EOA | U81: 24125C22022401 | W81: ok.Done
U82: Ajouter la taille du cable tray 100 x 50mm
S83: Edition du plan ci-dessous:
T84: EID | U84: 24EIDC22022401 | W84: in progress… | X84: EN ATTENTE VALIDATION PAR JCP
Q88: 0.16666667
A89: SAMEDI | B89: =SUM(B69+1) -> 45920
A90: DIMANCHE | B90: =SUM(B89+1) -> 45921
J92: TOTAL TRAVAILLE | M92: =SUM(M9+M26+M44+M56+M69+M89+M90) -> 0 | N92: =SUM(N9+N26+N44+N56+N69+N89+N90) -> 0.84722222 | O92: =SUM(O9+O26+O44+O56+O69+O89+O90) -> 0.77013889 | P92: =SUM(P9+P26+P44+P56+P69+P89+P90) -> 1.6173611
J93: POTENTIEL SEMAINE | N93: =SUM(Q9:Q90) -> 1.3333333
J94: TOTAL SEMAINE HS | N94: =SUM(P92-N93) -> 0.28402778
J95: TOTAL PRECEDENT HS | N95: ='SEM37'!N92 -> 11.933333
J96: NOUVEAU TOTAL HS | N96: =N94+N95 -> 12.217361

Sheet SEM39
A4: Nom: | B4: BELIN brice
A5: semaine 39 | B5: du | C5: =SUM('SEM38'!B90+1) -> 45922 | D5: au | E5: =SUM(B134) -> 45928
E6: Route | F6: aller | G6: Client ou usine | I6: Client ou usine | K6: Route retour | M6: TOTAL | Q6: potentiel jour
A7: Jour | B7: Date | C7: Nom client ou usine | E7: Heure départ | F7: Heure arrivée | G7: Heure arrivée | H7: Heure départ | I7: Heure arrivée | J7: Heure départ | K7: Heure départ | L7: Heure arrivée | M7: Heure route | N7: Heure client | O7: Heure usine | P7: Général
A9: LUNDI | B9: =SUM(C5) -> 45922 | C9: 220224C001 219712C001 RA192454 Siemens RA182358 Meeting | G9: 0.33680556 | H9: 0.5 | I9: 0.5625 | J9: 0.76458333 | M9: =(F9-E9)+(L9-K9) -> 0 | N9: =(H9-G9) -> 0.16319444 | O9: =(J9-I9) -> 0.20208333 | P9: =SUM(M9:O34) -> 0.36527778 | R9: 220224C001
S10: ADNOC
S11: Edition du plan ci-dessous:
T12: EID | U12: 24EIDC22022401 | W12: in progress… | X12: EN ATTENTE VALIDATION PAR JCP
R13: 219712C001 | S13: (0h30)
S14: TECHEAST
S15: Envoyer la confirmation de fabrication à ATOS | V15: ok.Done
S16: Mettre la plan ci-dessous sur ARAS:
T17: DH | U17: LS_DHYC21971201 | W17: in progress… | X17: EN ATTENTE RETOUR LAMARLE SUR 2 VALEURES
R18: RA192454 | S18: (0h30)
S19: TORTUE
S20: Meeting PM / MECA / BE CS / STE
R21: Siemens | S21: (2h00)
S22: Meeting Siemens + BE CS
R23: 219867C001 | S23: (1h30)
S24: MARSA
