Workbook

Sheet SEM1
A4: Nom: | B4: BELIN brice
A5: semaine 1 | B5: du | C5: 46020 | D5: au | E5: =SUM(B50) -> 46026
E6: Route | F6: aller | G6: Client ou usine | I6: Client ou usine | K6: Route retour | M6: TOTAL | Q6: potentiel jour
A7: Jour | B7: Date | C7: Nom client ou usine | E7: Heure départ | F7: Heure arrivée | G7: Heure arrivée | H7: Heure départ | I7: Heure arrivée | J7: Heure départ | K7: Heure départ | L7: Heure arrivée | M7: Heure route | N7: Heure client | O7: Heure usine | P7: Général
A9: LUNDI | B9: =SUM(C5) -> 46020 | C9: CONDUCTIX OS172220 219867C001 | G9: 0.36388889 | H9: 0.52083333 | I9: 0.55208333 | J9: 0.70833333 | M9: =(F25-E25)+(L25-K25) -> 0 | N9: =(H9-G9) -> 0.15694444 | O9: =(J9-I9) -> 0.15625 | P9: =SUM(M9:O25) -> 0.31319444 | R9: CONDUCTIX | S9: (2h00)
S10: Récuperer les images bmp du fichier de paramétrage | W10: In progress…
S11: Mettre à jour les DBIs
R12: OS172220 | S12: (1h00)
S13: ENI CORAL
S14: Envoyer l'email à ALSYMEX en partant du retour de Vincent Sicre (PM) | X14: ok.Done
R15: 219254C001 | S15: (1h00)
S16: PADAH
S17: Récuperer les photos du PMS & les mettre sur notre disques Backup | X17: ok.Done
R18: 219867C001 | S18: (3h30)
S19: MARSA
S20: Mettre le doc dans ARAS:
T21: PLC Cab. | U21: 24134C21986702 | W21: ok.Done | X21: ECN nr: | Y21: 1026671 | Z21: EN ATTENTE VALIDATION DOC CTRL
T22: CSA | U22: 24CSAC21986701 | W22: In progress… | X22: ECN nr: | Y22: 1026565 | Z22: EN ATTENTE VALIDATION DOC CTRL
U23: voir les commentaires du client du 18/12/2025
U24: En attente retour ALSYMEX | W24: In progress…
Q25: 0.29166667
A26: MARDI | B26: =SUM(B9+1) -> 46021 | C26: 219867C001 CONDUCTIX RA141931 | G26: 0.31875 | H26: 0.52083333 | I26: 0.5625 | J26: 0.69930556 | M26: =(F39-E39)+(L39-K39) -> 0 | N26: =(H26-G26) -> 0.20208333 | O26: =(J26-I26) -> 0.13680556 | P26: =SUM(M26:O39) -> 0.33888889 | R26: 219867C001 | S26: (4h00)
S27: MARSA
S28: Validation des plans BJs suite retour STAHL | W28: ok.Done
T29: not pour BE CS | W29: In progress…
U30: Retour des étiquettes des BJs sur 2 lignes - Accepté ou non?? | Z30: In progress…
U31: Retour des étiquettes tags client avec 10 caractères max. - Accepté ou non??
R32: CONDUCTIX | S32: (2h00)
S33: Recherche du fichier excel PROFIBUS FP | V33: pas trouvé
S34: Maj des DBIs si besoin | V34: ok.Done
T35: en attente retour de CONDUCTIX sur ref du kit PWM
R36: RA141931 | S36: (2h00)
S37: BOREYONG
S38: Problème de radio sur site suite à achat nouvelle | W38: In progress…
Q39: 0.29166667
A40: MERCREDI | B40: =SUM(B26+1) -> 46022 | C40: VACANCES | G40: 0 | H40: 0 | I40: 0 | J40: 0 | M40: =(F42-E42)+(L42-K42) -> 0 | N40: =(H40-G40) -> 0 | O40: =(J40-I40) -> 0 | P40: =SUM(M40:O42) -> 0
Q42: 0
A43: JEUDI | B43: =SUM(B40+1) -> 46023 | C43: VACANCES | G43: 0 | H43: 0 | I43: 0 | J43: 0 | M43: =(F45-E45)+(L45-K45) -> 0 | N43: =(H43-G43) -> 0 | O43: =(J43-I43) -> 0 | P43: =SUM(M43:O45) -> 0
Q45: 0
A46: VENDREDI | B46: =SUM(B43+1) -> 46024 | C46: VACANCES | G46: 0 | H46: 0 | I46: 0 | J46: 0 | M46: =(F48-E48)+(L48-K48) -> 0 | N46: =(H46-G46) -> 0 | O46: =(J46-I46) -> 0 | P46: =SUM(M46:O48) -> 0
Q48: 0
A49: SAMEDI | B49: =SUM(B46+1) -> 46025 | M49: =(F49-E49)+(L49-K49) -> 0 | N49: =(H49-G49)+(J49-I49) -> 0 | O49: =(H49-G49)+(J49-I49) -> 0 | P49: =SUM(M49:O50) -> 0
A50: DIMANCHE | B50: =SUM(B49+1) -> 46026
J52: TOTAL TRAVAILLE | M52: =SUM(M9+M26+M40+M43+M46+M49+M50) -> 0 | N52: =SUM(N9+N26+N40+N43+N46+N49+N50) -> 0.35902778 | O52: =SUM(O9+O26+O40+O43+O46+O49+O50) -> 0.29305556 | P52: =SUM(P9+P26+P40+P43+P46+P49+P50) -> 0.65208333
J53: POTENTIEL SEMAINE | N53: =SUM(Q9:Q50) -> 0.58333333
J54: TOTAL SEMAINE HS | N54: =SUM(P52-N53) -> 0.06875
J55: TOTAL PRECEDENT HS | N55: 0
J56: NOUVEAU TOTAL HS | N56: =N54+N55 -> 0.06875

Sheet SEM2
A4: Nom: | B4: BELIN brice
A5: semaine 2 | B5: du | C5: =SUM('SEM1'!B50+1) -> 46027 | D5: au | E5: =SUM(B112) -> 46033
E6: Route | F6: aller | G6: Client ou usine | I6: Client ou usine | K6: Route retour | M6: TOTAL | Q6: potentiel jour
A7: Jour | B7: Date | C7: Nom client ou usine | E7: Heure départ | F7: Heure arrivée | G7: Heure arrivée | H7: Heure départ | I7: Heure arrivée | J7: Heure départ | K7: Heure départ | L7: Heure arrivée | M7: Heure route | N7: Heure client | O7: Heure usine | P7: Général
A9: LUNDI | B9: =SUM(C5) -> 46027 | C9: 219254C001 OS172220 217147C001 RA141931 219867C001 Point equip | G9: 0.33819444 | H9: 0.52083333 | I9: 0.57291667 | J9: 0.73194444 | M9: =(F32-E32)+(L32-K32) -> 0 | N9: =(H9-G9) -> 0.18263889 | O9: =(J9-I9) -> 0.15902778 | P9: =SUM(M9:O32) -> 0.34166667 | R9: 219254C001 | S9: (1h00)
S10: PADAH
S11: Répondre à email d'ACTEMIUM | V11: ok.Done
R12: OS172220 | S12: (1h00)
S13: ENI CORAL
S14: Répondre à email d'ALSYMEX (Valentin Mayer) | W14: ok.Done
R15: 217147C001 | S15: (1h00)
S16: COIGN
S17: Lire email de Christelle sur les commentaires client à propos de la logique | X17: In progress…
T18: en attente retour de JCP sur la prise en compte du commentaire client ou non
R19: RA141931 | S19: (1h00)
S20: BOREYONG
S21: Lire la réponse du client | U21: ok.Done
S22: Répondre à email de ATS | U22: ok.Done
R23: 219867C001 | S23: (2h30)
S24: MARSA
S25: Validation des bjs avec JCP | V25: ok.Done
T26: Voir commentaires & faire maj des plans
S27: Maj des specs BJs | V27: In progress… | W27: ECN nr: | X27: 1026693
T28: Ajustement des longeurs des "Nameplates" en fct de la longueur de la boite
R29: Pt projets | S29: (1h00)
S30: Point équipe sur les projets | U30: ok.Done
Q32: 0.29166667
A33: MARDI | B33: =SUM(B9+1) -> 46028 | C33: 219867C001 220594C001 | G33: 0.3375 | H33: 0.52083333 | I33: 0.55208333 | J33: 0.75833333 | M33: =(F41-E41)+(L41-K41) -> 0 | N33: =(H33-G33) -> 0.18333333 | O33: =(J33-I33) -> 0.20625 | P33: =SUM(M33:O41) -> 0.38958333 | R33: 219867C001 | S33: (5h00)
S34: MARSA
S35: Maj des specs BJs | V35: In progress… | W35: ECN nr: | X35: 1026693
T36: Ajustement des longeurs des "Nameplates" en fct de la longueur de la boite
R37: 220594C001 | S37: (2h00)
S38: GOLAR HILLI
S39: Répondre à l'email de Laurent Rozier | V39: ok.Done
Q41: 0.29166667
A42: MERCREDI | B42: =SUM(B33+1) -> 46029 | C42: 219867C001 220267C001 221299C001 | G42: 0.30138889 | H42: 0.52083333 | I42: 0.56527778 | J42: 0.76736111 | M42: =(F55-E55)+(L55-K55) -> 0 | N42: =(H42-G42) -> 0.21944444 | O42: =(J42-I42) -> 0.20208333 | P42: =SUM(M42:O55) -> 0.42152778 | R42: 219867C001 | S42: (2h00)
S43: MARSA
S44: Maj des specs BJs | V44: ok.Done | W44: ECN nr: | X44: 1026693 | Y44: En attente validation JCP
T45: Ajustement des longeurs des "Nameplates" en fct de la longueur de la boite | Y45: ok.Done
T46: Mettre les specs sur ARAS | V46: ok.Done
R47: 220267C001 | S47: (4h00)
S48: RUWAIS
S49: Répondre email de Sharad | U49: ok.Done
S50: Envoyer les DBIs de chaque élément à CONDUCTIX pour validation | X50: ok.Done
S51: Envoyer le DBI avec tous les élements radio-pendant Layout C / recepteur / com Profinet / carte SIM / Batterie / Ceinture pour validation à CONDUCTIX | AC51: ok.Done
R52: 221299C001 | S52: (1h00)
S53: PETRONET
S54: iKOM
Q55: 0.29166667
A56: JEUDI | B56: =SUM(B42+1) -> 46030 | C56: 219254C001 221045C001 SP182328 213996C001 221299C001 214936C001 | G56: 0.36319444 | H56: 0.52083333 | I56: 0.56944444 | J56: 0.74027778 | M56: =(F88-E88)+(L88-K88) -> 0 | N56: =(H56-G56) -> 0.15763889 | O56: =(J56-I56) -> 0.17083333 | P56: =SUM(M56:O88) -> 0.32847222 | R56: 219254C001 | S56: (1h00)
S57: PADAH
S58: Remettre les étiquettes à SR (PM) | V58: ok.Done
S59: Réception des étiquettes ACTEMIUM - Envoyer email de confirmation de réception | Y59: ok.Done
R60: 221045C001 | S60: (1h00)
S61: SOUTH HOOK
S62: Mettre les photos dans le répertoire projet | V62: ok.Done
S63: Vérification photos + plan LCP | V63: ok.Done
S64: Mettre le plan ci-dessous sur ARAS:
T65: LCP | U65: 2413405103901 | W65: ok.Done | X65: ECN nr: | Y65: 1026651 | Z65: EN ATTENTE VALIDATION DOC CTRL
S66: Maj du DBI ci-dessous
T67: Radio | U67: 248993505103906 | W67: ok.Done | X67: ECN nr: | Y67: 1026775 | Z67: EN ATTENTE VALIDATION HALMI
R68: SP182328 | S68: (0h30)
S69: EXXON MOBIL
S70: Envoyer le rapport d'intervention sur site à Antoine DUPRES | X70: ok.Done
R71: 213996C001 | S71: (1h00)
S72: PLAQUEMINES
S73: Mettre les sauvegardes PLC sur sur Backup_PLC | W73: ok.Done
R74: 221299C001 | S74: (3h00)
S75: PETRONET
S76: Edition de la trame sui de projet | V76: ok.Done
S77: Répondre à l'email de Christelle | V77: ok.Done
S78: Création PN TOP LVV ci-dessous:
T79: PN top LVL | U79: 24000C22129901 | W79: ok.Done | X79: ECN nr: | Y79: 1026793 | Z79: EN ATTENTE VALIDATION HALMI
T80: Maj PN Top lvl | U80: 2400022129901 | W80: ok.Done | X80: ECN nr: | Y80: 1026800 | Z80: EN ATTENTE VALIDATION JCP
S81: Création du DBI ci-dessous:
T82: PLC Memory Card | V82: 24899C22129901 | X82: ok.Done | Y82: ECN nr: | Z82: 1026798 | AA82: EN ATTENTE VALIDATION HALMI
S83: Edition feuille de lancement LF
T84: LF | U84: LS_LCTC221299 | W84: ok.Done | X84: ECN nr: | Y84: 1026803 | Z84: EN ATTENTE VALIDATION JCP
R85: 214936C001 | S85: (0h30)
S86: WISON
S87: Meeting qualité / ATS / Problème "Sensor Failure" intempestif | X87: ok.Done
Q88: 0.29166667
A89: VENDREDI | B89: =SUM(B56+1) -> 46031 | C89: 221299C001 219867C001 Entretien 219254C001 | G89: 0.35694444 | H89: 0.52083333 | I89: 0.55208333 | J89: 0.68125 | M89: =(F110-E110)+(L110-K110) -> 0 | N89: =(H89-G89) -> 0.16388889 | O89: =(J89-I89) -> 0.12916667 | P89: =SUM(M89:O110) -> 0.29305556 | R89: 221299C001 | S89: (1h00)
S90: PETRONET
S91: Mettre le LF sur ARAS | U91: ok.Done
S92: Faire l'email | U92: ok.Done
R93: 219867C001 | S93: (3h00)
S94: MARSA
S95: Mettre sur ARAS:
T96: HPU | U96: 24136C21986701 | W96: ok.Done | X96: ECN nr: | Y96: 1026811 | Z96: EN ATTENTE VALIDATION DOC CTRL
T97: SVA | U97: 24133C21986701 | W97: ok.Done | X97: ECN nr: | Y97: 1026811 | Z97: EN ATTENTE VALIDATION DOC CTRL
T98: Accu Pack | U98: 24141C21986702 | W98: ok.Done | X98: ECN nr: | Y98: 1026811 | Z98: EN ATTENTE VALIDATION DOC CTRL
S99: Appelez ALSYMEX pour les 3 questions client sur Architecture PLC | X99: ok.Done
S100: Faire feuille LF | U100: ok.Done | V100: ECN nr: | W100: 1026822 | X100: EN ATTENTE VALIDATION JCP
R101: Entretien | S101: (1h30)
S102: Revue de Performance avec FPR | V102: ok.Done
S103: Entretien de suivi FAJ avec FPR | V103: ok.Done
R104: CONDUCTIX | S104: (1h00)
S105: Maj du DBI CONDUCTIX suite retour email de Mme ORBAN | W105: ok.Done | X105: EN ATTENTE RETOUR MME ORBAN
R106: 219254C001 | S106: (0h30)
...

Sheet SEM3
A4: Nom: | B4: BELIN brice
A5: semaine 3 | B5: du | C5: =SUM('SEM2'!B112+1) -> 46034 | D5: au | E5: =SUM(B93) -> 46040
E6: Route | F6: aller | G6: Client ou usine | I6: Client ou usine | K6: Route retour | M6: TOTAL | Q6: potentiel jour
A7: Jour | B7: Date | C7: Nom client ou usine | E7: Heure départ | F7: Heure arrivée | G7: Heure arrivée | H7: Heure départ | I7: Heure arrivée | J7: Heure départ | K7: Heure départ | L7: Heure arrivée | M7: Heure route | N7: Heure client | O7: Heure usine | P7: Général
A9: LUNDI | B9: =SUM(C5) -> 46034 | C9: 219867C001 | G9: 0.35833333 | H9: 0.52083333 | I9: 0.56944444 | J9: 0.73958333 | M9: =(F9-E9)+(L9-K9) -> 0 | N9: =(H9-G9) -> 0.1625 | O9: =(J9-I9) -> 0.17013889 | P9: =SUM(M9:O18) -> 0.33263889 | R9: 219867C001 | S9: (7h00)
S10: MARSA
S11: Réception de l'architecture envoyé par ALSYMEX
S12: Maj du plan ci-dessous:
T13: Archi | U13: 24CSAC21986701 | W13: ok.Done | X13: ECN nr: | Y13: 1026565 | Z13: EN ATTENTE VALIDATION DOC CTRL
S14: Edition du document ci-dessous:
T15: FAT Elec | U15: 24FATC21986701 | W15: In progress… | X15: ECN nr: | Y15: 1026839
U16: vérification du travail d'HALMI
Q18: 0.29166667
A19: MARDI | B19: =SUM(B9+1) -> 46035 | C19: 219867C001 CONDUCTIX 219254C001 220179C001 | G19: 0.33333333 | H19: 0.52083333 | I19: 0.55208333 | J19: 0.75 | M19: =(F19-E19)+(L19-K19) -> 0 | N19: =(H19-G19) -> 0.1875 | O19: =(J19-I19) -> 0.19791667 | P19: =SUM(M19:O41) -> 0.38541667 | R19: 219867C001 | S19: (3h00)
S20: MARSA
S21: Edition du document ci-dessous:
T22: FAT Elec | U22: 24FATC21986701 | W22: In progress… | X22: ECN nr: | Y22: 1026839
U23: prise en compte des commentaires client
U24: remplir la CRS
S25: Mettre le plan ci-dessous sur ARAS:
T26: LCP | U26: 24134C21986701 | W26: ok.Done | X26: ECN nr: | Y26: 1026884 | Z26: EN ATTENTE VALIDATION DOC CTRL
R28: CONDUCTIX | S28: (2h00)
S29: Répondre à l'email de Mme Orban | V29: ok.Done
S30: Réondre email de Sharad | V30: ok.Done
S31: Maj du DBI + création nouveaux PNs | V31: ok.Done
R32: 219254C001 | S32: (1h00)
S33: PADAH
S34: Envoyez email à ACE | V34: ok.Done
S35: Mettre le plan ci-dessous sur ARAS:
T36: HPU | U36: 24136C21925401 | W36: ok.Done | X36: ECN nr: | Y36: 1024272 | Z36: EN ATTENTE VALIDATION DOC CTRL
R37: 220179C001 | S37: (1h00)
S38: CAKASA
S39: Répondre email de C,BERGER (ALSYMEX) | V39: ok.Done
Q41: 0.29166667
A42: MERCREDI | B42: =SUM(B19+1) -> 46036 | C42: CONDUCTIX 219867C001 | G42: 0.29097222 | H42: 0.52083333 | I42: 0.55208333 | J42: 0.72916667 | M42: =(F42-E42)+(L42-K42) -> 0 | N42: =(H42-G42) -> 0.22986111 | O42: =(J42-I42) -> 0.17708333 | P42: =SUM(M42:O60) -> 0.40694444 | R42: CONDUCTIX | S42: (3h00)
S43: Edition du Power Point Camille sur affichage Jay | V43: ok.Done
T44: 5 diapos
R45: 219254C001 | S45: (1h00)
S46: PADAH
S47: Mettre le plan ci-dessous sur ARAS:
T48: SVA | U48: 24133C21925401 | W48: ok.Done | X48: ECN nr: | Y48: 1024272 | Z48: EN ATTENTE VALIDATION DOC CTRL
R49: 220224C001 | S49: (1h00)
S50: ADNOC
S51: Répondre à l'email d'ACE | V51: ok.Done
R52: 219867C001 | S52: (3h00)
S53: MARSA
S54: Répondre à l'email de Christelle | V54: ok.Done
T55: Remplir la colonne STATUS dans les CRS HCD & CND
S56: FAT Elec | T56: 24FATC21986701 | V56: In progress… | W56: ECN nr: | X56: 1026839
T57: prise en compte des commentaires client
T58: remplir la CRS
Q60: 0.29166667
A61: JEUDI | B61: =SUM(B42+1) -> 46037 | C61: 219867C001 217805C001 | G61: 0.36597222 | H61: 0.51041667 | I61: 0.5625 | J61: 0.7375 | M61: =(F61-E61)+(L61-K61) -> 0 | N61: =(H61-G61) -> 0.14444444 | O61: =(J61-I61) -> 0.175 | P61: =SUM(M61:O75) -> 0.31944444 | R61: 219867C001 | S61: (5h00)
S62: MARSA
S63: Répondre à l'email de Christelle | V63: ok.Done
T64: Remplir la colonne STATUS dans les CRS HCD & CND
S65: FAT Elec | T65: 24FATC21986701 | V65: In progress… | W65: ECN nr: | X65: 1026839
T66: prise en compte des commentaires client
T67: remplir la CRS
R68: 217805C001 | S68: (2h00)
S69: FLUXEL
S70: Bras électrique
S71: Meeting avec Pascal Montcourant pour récupération des infos | X71: ok.Done
S72: Yard Test prévue en Mars 2026
S73: Allez à l'atelier pour voir le VDF (variateur - ABB) | X73: ok.Done
Q75: 0.29166667
A76: VENDREDI | B76: =SUM(B61+1) -> 46038 | C76: 219867C001 220267C001 220594C001 | G76: 0.37638889 | H76: 0.5 | I76: 0.57291667 | J76: 0.68680556 | M76: =(F76-E76)+(L76-K76) -> 0 | N76: =(H76-G76) -> 0.12361111 | O76: =(J76-I76) -> 0.11388889 | P76: =SUM(M76:O91) -> 0.2375 | R76: 219867C001 | S76: (5h00)
S77: MARSA
S78: Répondre à l'email de Christelle | V78: ok.Done
T79: Remplir la colonne STATUS dans les CRS HCD & CND
S80: FAT Elec | T80: 24FATC21986701 | V80: ok.Done | W80: ECN nr: | X80: 1026839 | Y80: EN ATTENTE VALIDATION DOC CTRL
T81: prise en compte des commentaires client
T82: remplir la CRS
R83: 220267C001 | S83: (1h00)
S84: RUWAIS
S85: Répondre émails de Sharad | V85: ok.Done
R86: 220594C001 | S86: (1h00)
S87: GOLAR HILLI
S88: Répondre à l'email de David LEFORT | V88: ok.Done
T89: sauvegarder le retour de STAHL dans dossier projet
Q91: 0.29166667
A92: SAMEDI | B92: =SUM(B76+1) -> 46039 | M92: =(F92-E92)+(L92-K92) -> 0 | N92: =(H92-G92)+(J92-I92) -> 0 | O92: =(H92-G92)+(J92-I92) -> 0 | P92: =SUM(M92:O93) -> 0
A93: DIMANCHE | B93: =SUM(B92+1) -> 46040
J95: TOTAL TRAVAILLE | M95: =SUM(M9+M19+M42+M61+M76+M92+M93) -> 0 | N95: =SUM(N9+N19+N42+N61+N76+N92+N93) -> 0.84791667 | O95: =SUM(O9+O19+O42+O61+O76+O92+O93) -> 0.83402778 | P95: =SUM(M95:O95) -> 1.6819444
J96: POTENTIEL SEMAINE | N96: =SUM(Q9:Q93) -> 1.4583333
J97: TOTAL SEMAINE HS | N97: =SUM(P95-N96) -> 0.22361111
J98: TOTAL PRECEDENT HS | N98: ='SEM2'!N118 -> 0.38472222
J99: NOUVEAU TOTAL HS | N99: =N97+N98 -> 0.60833333

Sheet SEM4
A4: Nom: | B4: BELIN brice
A5: semaine 4 | B5: du | C5: =SUM('SEM3'!B93+1) -> 46041 | D5: au | E5: =SUM(B132) -> 46047
E6: Route | F6: aller | G6: Client ou usine | I6: Client ou usine | K6: Route retour | M6: TOTAL | Q6: potentiel jour
A7: Jour | B7: Date | C7: Nom client ou usine | E7: Heure départ | F7: Heure arrivée | G7: Heure arrivée | H7: Heure départ | I7: Heure arrivée | J7: Heure départ | K7: Heure départ | L7: Heure arrivée | M7: Heure route | N7: Heure client | O7: Heure usine | P7: Général
A9: LUNDI | B9: =SUM(C5) -> 46041 | C9: 220198C001 219867C001 219254C001 | G9: 0.3375 | H9: 0.52083333 | I9: 0.57291667 | J9: 0.73263889 | M9: =(F9-E9)+(L9-K9) -> 0 | N9: =(H9-G9) -> 0.18333333 | O9: =(J9-I9) -> 0.15972222 | P9: =SUM(M9:O39) -> 0.34305556 | R9: 220198C001 | S9: (2h00)
S10: SHELL AUSTRALIA
S11: Mettre les documents ci-dessous sur ARAS: | V11: ok.Done | W11: ECN nr: | X11: 1027006 | Y11: EN ATTENTE VALIDATION DOC CTRL
T12: PLC Cab. | U12: 3313412168502
T13: CLD | U13: 3303012168502
T14: ECD | U14: 3303012168501
T15: HPU Enclosure | U15: 3313612168501 | W15: ECN nr: | X15: 1027023 | Y15: EN ATTENTE VALIDATION DOC CTRL
R16: 219867C001 | S16: (2h00)
S17: MARSA
S18: Validation ECN TAG_LIST | U18: ok.Done | V18: ECN nr: | W18: 1026994 | X18: EN ATTENTE VALIDATION BE CS
S19: FAT Elec | T19: 24FATC21986701 | V19: ok.Done | W19: ECN nr: | X19: 1026839 | Y19: EN ATTENTE VALIDATION DOC CTRL
T20: faire les modification suvant commentaires Christelle
S21: Meeting avec Team
R22: 219254C001 | S22: (2h00)
S23: PADAH
S24: Maj des documents ci-dessous: | V24: In progress… | W24: ECN nr: | X24: 1025530 | Y24: EN ATTENTE VALIDATION DOC CTRL
T25: UCL | U25: LS_UCLC21925401 | W25: ok.Done
U26: envoyer en Rev2 + CRS accepté par client
T27: 24125 | U27: 24125C21925401 | W27: In progress…
U28: voir commentaires client
T29: SDE | U29: LS_SDEC21925401 | W29: In progress…
U30: remplir la CRS suite retour d'ACTEMIUM
R31: 220594C001 | S31: (1h00)
S32: GOLAR HILLI
S33: Envoyez numéro ECN à ALSYMEX | V33: In progress… | W33: ECN nr: | X33: 1027025
T34: Maj des plans ci-dessous
T35: LCP | U35: 2413415199801 | W35: Rev3 | X35: to | Y35: Rev4
T36: PLC Cab. | U36: 2413415199802 | W36: Rev4 | X36: to | Y36: Rev5
T37: ECD | U37: 2403015199801 | W37: Rev11 | X37: to | Y37: Rev12
Q39: 0.29166667
A40: MARDI | B40: =SUM(B9+1) -> 46042 | C40: 220198C001 CONDUCTIX 219867C001 219254C001 | G40: 0.32916667 | H40: 0.52083333 | I40: 0.55208333 | J40: 0.66666667 | M40: =(F40-E40)+(L40-K40) -> 0 | N40: =(H40-G40) -> 0.19166667 | O40: =(J40-I40) -> 0.11458333 | P40: =SUM(M40:O63) -> 0.30625 | R40: 220198C001 | S40: (1h00)
S41: SHELL AUSTRALIA
T42: HPU Enclosure | U42: 3313612168501 | W42: ECN nr: | X42: 1027023 | Y42: EN ATTENTE VALIDATION DOC CTRL
R43: CONDUCTIX | S43: (2h00)
S44: Maj des références manquantes | V44: In progress…
R45: 219867C001
S46: MARSA
S47: Meeting Team CS Hamid/Malmi/JCP | V47: ANNULE
R48: RA051019 | S48: (1h00)
S49: Gaz De France
S50: Trouver les infos ci-dessous dans le prog PLC:
T51: valeur de la Pré-alarme: | V51: 1,5m
T52: valeur de la surveillance de vitesse: | V52: 15 cm/s
T53: email à ALSYMEX pour backup + questions | W53: ok.Done | X53: EN ATTENTE RETOUR ALSYMEX
R54: 219254C001 | S54: (1h00)
S55: PADAH
S56: Maj des documents ci-dessous: | V56: In progress…
T57: UCL | U57: LS_UCLC21925401 | W57: ok.Done | X57: ECN nr: | Y57: 1027011 | Z57: EN ATTENTE VALIDATION DOC CTRL
U58: envoyer en Rev2 + CRS accepté par client
T59: 24125 | U59: 24125C21925401 | W59: In progress… | X59: ECN nr: | Y59: 1025530 | Z59: EN ATTENTE RETOUR ACTEMIUM
U60: voir commentaires client
T61: SDE | U61: LS_SDEC21925401 | W61: In progress… | X61: ECN nr: | Y61: 1025530 | Z61: EN ATTENTE RETOUR ACTEMIUM
U62: remplir la CRS suite retour d'ACTEMIUM
Q63: 0.29166667
A64: MERCREDI | B64: =SUM(B40+1) -> 46043 | C64: 219254C001 RA051019 219867C001 | G64: 0.29583333 | H64: 0.5 | I64: 0.5625 | J64: 0.77083333 | M64: =(F64-E64)+(L64-K64) -> 0 | N64: =(H64-G64) -> 0.20416667 | O64: =(J64-I64) -> 0.20833333 | P64: =SUM(M64:O85) -> 0.4125 | R64: 219254C001 | S64: (1h00)
S65: PADAH
S66: Maj des documents ci-dessous: | V66: In progress…
T67: UCL | U67: LS_UCLC21925401 | W67: ok.Done | X67: ECN nr: | Y67: 1027011 | Z67: EN ATTENTE VALIDATION DOC CTRL
U68: envoyer en Rev2 + CRS accepté par client
T69: 24125 | U69: 24125C21925401 | W69: ok.Done | X69: ECN nr: | Y69: 1025530 | Z69: EN ATTENTE RETOUR ACTEMIUM
U70: voir commentaires client
T71: SDE | U71: LS_SDEC21925401 | W71: In progress… | X71: ECN nr: | Y71: 1025530 | Z71: EN ATTENTE RETOUR ACTEMIUM
U72: remplir la CRS suite retour d'ACTEMIUM
R73: RA051019 | S73: (1h00)
S74: Gaz De France
S75: Trouver les infos ci-dessous dans le prog PLC:
T76: valeur de la Pré-alarme: | V76: 1,5m
T77: valeur de la surveillance de vitesse: | V77: 15 cm/s
R78: 219867C001 | S78: (0h30)
S79: Meeting Team CS JCP | V79: ok.Done
T80: validation des TIEs
S81: Maj du plan ci-dessous:
T82: PID | U82: 24PIDC21986701 | W82: In progress… | X82: ECN nr: | Y82: 1026784
U83: Maj des TIEs | W83: ok.Done
U84: Maj du PID entier + CRS | W84: In progress…
Q85: 0.29166667
A86: JEUDI | B86: =SUM(B64+1) -> 46044 | C86: 221223C001 219254C001 217805C001 216240C001 | G86: 0.35694444 | H86: 0.52083333 | I86: 0.54166667 | J86: 0.70833333 | M86: =(F86-E86)+(L86-K86) -> 0 | N86: =(H86-G86) -> 0.16388889 | O86: =(J86-I86) -> 0.16666667 | P86: =SUM(M86:O109) -> 0.33055556 | R86: 221223C001 | S86: (0h30)
S87: BOREYONG
S88: Envoi ECN à ALSYMEX pour maj du plan ci-dessous:
T89: LCP-UACH-L101 | U89: 24134141931011 | W89: Rev7 | X89: ok.Done | Y89: ECN nr: | Z89: 1027102 | AA89: EN ATTENTE RETOUR ALSYMEX
R90: 219254C001 | S90: (1h30)
S91: PADAH
S92: Maj des documents ci-dessous: | V92: In progress…
T93: UCL | U93: LS_UCLC21925401 | W93: In progress… | X93: ECN nr: | Y93: 1027128
U94: email à Christelle sur les commenatires client - ne concerne pas la Rev2…
T95: 24125 | U95: 24125C21925401 | W95: In progress… | X95: ECN nr: | Y95: 1025530 | Z95: EN ATTENTE MAJ BBE
U96: voir commentaires client
T97: SDE | U97: LS_SDEC21925401 | W97: In progress… | X97: ECN nr: | Y97: 1025530 | Z97: EN ATTENTE RETOUR ACTEMIUM
U98: remplir la CRS suite retour d'ACTEMIUM
S99: Meeting points Punch List
R100: 217805C001 | S100: (2h00)
S101: FLUXEL
S102: Programmation & maintenance des VFDs pour actionneurs cascade | W102: ok.Done
S103: Edition de la trame excel | W103: ok.Done
R104: 216240C001 | S104: (1h00)
S105: MOTOR OIL
...

Sheet SEM5
A4: Nom: | B4: BELIN brice
A5: semaine 5 | B5: du | C5: =SUM('SEM4'!B132+1) -> 46048 | D5: au | E5: =SUM(B102) -> 46054
E6: Route | F6: aller | G6: Client ou usine | I6: Client ou usine | K6: Route retour | M6: TOTAL | Q6: potentiel jour
A7: Jour | B7: Date | C7: Nom client ou usine | E7: Heure départ | F7: Heure arrivée | G7: Heure arrivée | H7: Heure départ | I7: Heure arrivée | J7: Heure départ | K7: Heure départ | L7: Heure arrivée | M7: Heure route | N7: Heure client | O7: Heure usine | P7: Général
A9: LUNDI | B9: =SUM(C5) -> 46048 | C9: 216956C001 221402C001 219867C001 Team Meeting 218979C001 | G9: 0.36597222 | H9: 0.52083333 | I9: 0.5625 | J9: 0.75138889 | M9: =(F29-E29)+(L29-K29) -> 0 | N9: =(H9-G9) -> 0.15486111 | O9: =(J9-I9) -> 0.18888889 | P9: =SUM(M9:O29) -> 0.34375 | R9: 216956C001 | S9: (1h00)
S10: LYONDELL
S11: Meeting avec ALSYMEX pour la futur FAT | V11: ok.Done
T12: FAT procédure / simulateur / modif programme / markups, etc…
S13: Mettre les plans "MARKUPS" dans le répertoire PDF du projet | W13: ok.Done
S14: Mettre la plan ci-dessous sur ARAS:
T15: SVA | U15: 24133C21695601 | W15: In progress… | X15: ECN nr: | Y15: 1026971
U16: en attente du source AutoCAD de la part d'ACE
R17: 221402C001 | S17: (2h00)
S18: MADINA
S19: Remplir la trame suivi de projet | V19: ok.Done
S20: Donner la codif pour les plans à Delphine | V20: ok.Done
R21: 219867C001 | S21: (1h00)
S22: MARSA
S23: Confirmer les réfrences ALSYMEX des gaines thermo à David LEFORT | X23: ok.Done
R24: Team Meeting | S24: (1h00)
S25: Meeting avec Team JCP / HSA / HLA | V25: ok.Done
R26: 218979C001 | S26: (1h00)
S27: GOLAR
S28: Préparation du fichier géomètre avec ALI | V28: ok.Done
Q29: 0.29166667
A30: MARDI | B30: =SUM(B9+1) -> 46049 | C30: 220594C001 219867C001 219254C001 | G30: 0.32777778 | H30: 0.52083333 | I30: 0.55208333 | J30: 0.76597222 | M30: =(F47-E47)+(L47-K47) -> 0 | N30: =(H30-G30) -> 0.19305556 | O30: =(J30-I30) -> 0.21388889 | P30: =SUM(M30:O47) -> 0.40694444 | R30: 220594C001 | S30: (1h00)
S31: GOLAR HILLI
S32: Renvoyer emails aux SSTR Elec & Hydrau pour date des documents, | X32: ok.Done
S33: Répondre email de Christelle | U33: ok.Done
R34: 219867C001 | S34: (1h00)
S35: MARSA
S36: Envoyer email à Mr MUSNIER pour confirmation liaison PDS/SAFIIS sur Archtecture PLC | Y36: ok.Done
R37: 219254C001 | S37: (5h00)
S38: PADAH
S39: Maj des document ci-dessous:
T40: UCL | U40: LS_UCLC21925401 | W40: ok.Done | X40: ECN nr: | Y40: 1027128 | Z40: EN ATTENTE VALIDATION DOC CTRL
T41: 24125 | U41: 24125C21925401 | W41: In progress… | X41: ECN nr: | Y41: 1025530 | Z41: EN ATTENTE MAJ BBE
U42: voir commentaires client
T43: SDE | U43: LS_SDEC21925401 | W43: ok.Done | X43: ECN nr: | Y43: 1025530 | Z43: DOCUMENT NON MIS A JOUR
U44: remplir la CRS suite retour d'ACTEMIUM | X44: ok.Done
U45: remplir la CRS & l'envoyer au Doc Ctrl | X45: ok.Done
Q47: 0.29166667
A48: MERCREDI | B48: =SUM(B30+1) -> 46050 | C48: 219254C001 216956C001 220594c001 | G48: 0.29305556 | H48: 0.5 | I48: 0.58333333 | J48: 0.75069444 | M48: =(F63-E63)+(L63-K63) -> 0 | N48: =(H48-G48) -> 0.20694444 | O48: =(J48-I48) -> 0.16736111 | P48: =SUM(M48:O63) -> 0.37430556 | R48: 219254C001 | S48: (4h00)
S49: PADAH
S50: Maj des document ci-dessous:
T51: 24125 | U51: 24125C21925401 | W51: ok.Done | X51: ECN nr: | Y51: 1025530 | Z51: EN ATTENTE VALIDATION DOC CTRL
U52: voir commentaires client
R53: 216956C001 | S53: (4h00)
S54: LYONDELL
S55: Edition du document ci-dessous:
T56: FAT ELEC | U56: LS_EFPC21695601 | W56: In progress…
S57: Mettre la plan ci-dessous sur ARAS:
T58: ERS | U58: 24141C21695601 | W58: ok.Done | X58: ECN nr: | Y58: 1026971 | Z58: EN ATTENTE VALIDATION DOC CTRL
U59: en attente du source AutoCAD de la part d'ACE
R60: 220594C001 | S60: (1h00)
S61: GOLAR HILLI
S62: Répondre à l'email de Mr Rousse (ACE) concernant la remise des plans | X62: ok.Done
Q63: 0.29166667
A64: JEUDI | B64: =SUM(B48+1) -> 46051 | C64: 218979c001 | G64: 0.3625 | H64: 0.52083333 | I64: 0.56944444 | J64: 0.75069444 | M64: =(F77-E77)+(L77-K77) -> 0 | N64: =(H64-G64) -> 0.15833333 | O64: =(J64-I64) -> 0.18125 | P64: =SUM(M64:O77) -> 0.33958333 | R64: 218979c001 | S64: (4h00)
S65: GOLAR
S66: Aide YARD TEST | U66: ok.Done
S67: Faire la comparaison du prog Hima PLC ci-dessous: | X67: In progress…
T68: Prog PLC after FAT | U68: 218979C001_CIMC_GOLAR.E3
T69: Prog PLC during YT | U69: 218979C001_CIMC_GOLAR_V1_0.E3
R71: 220224C001 | S71: (1h00)
S72: ADNOC
S73: Mettre les plans ci-dessous sur ARAS:
T74: HPU | U74: 241369205540 | W74: ok.Done | X74: ECN nr: | Y74: 1027301 | Z74: EN ATTENTE VALIDATION DOC CTRL
T75: SVA | U75: 24133C22022401 | W75: ok.Done
T76: ERS Accu | U76: 24141C22022401 | W76: ok.Done
Q77: 0.29166667
A78: VENDREDI | B78: =SUM(B64+1) -> 46052 | C78: 220267C001 216956C001 220594C001 216240C001 | G78: 0.33333333 | H78: 0.52083333 | I78: 0.56944444 | J78: 0.68819444 | M78: =(F100-E100)+(L100-K100) -> 0 | N78: =(H78-G78) -> 0.1875 | O78: =(J78-I78) -> 0.11875 | P78: =SUM(M78:O100) -> 0.30625 | R78: 220267C001 | S78: (3h00)
S79: RUWAIS
S80: Validation des PNs Top Lvl CONDUCTIX | V80: In progress…
T81: Layout C - PROFINET | U81: 2400035CON00PC | W81: In progress… | X81: ECN nr: | Y81: 1027316 | Z81: EN ATTENTE VALIDATION FPR
U82: validation des PNs sous niveau | W82: ok.Done | X82: ECN nr: | Y82: 1027314 | Z82: 1027317 | AA82: EN ATTENTE VALIDATION FPR
T83: Layout T - PROFINET | U83: 2400035CON00PT | W83: In progress… | X83: ECN nr: | Y83: 1027315
U84: validation du PN Layout T | W84: In progress… | X84: ECN nr: | Y84: 1027339 | Z84: EN ATTENTE VALIDATION FPR
R85: 216956C001 | S85: (1h00)
S86: LYONDELL
S87: Email à Delphine pour confirmation de logo sur les plans | W87: ok.Done
S88: Email au PM pour savoir si on garde l'entrée | V88: ok.Done
S89: Edition du document ci-dessous:
T90: FAT ELEC | U90: LS_EFPC21695601 | W90: In progress…
R91: 220594C001 | S91: (1h00)
S92: GOLAR HILLI
S93: Envoyer un email à Christelle pour prendre la date du 20/03/2026 pour les plans ACE également | Y93: ok.Done
R94: 216240C001 | S94: (1h00)
S95: MOTOR OIL
S96: Remplir la VDL & l'envoyer à Christelle | V96: ok.Done
Q100: 0.29166667
A101: SAMEDI | B101: =SUM(B78+1) -> 46053 | M101: =(F101-E101)+(L101-K101) -> 0 | N101: =(H101-G101)+(J101-I101) -> 0 | O101: =(H101-G101)+(J101-I101) -> 0 | P101: =SUM(M101:O102) -> 0
A102: DIMANCHE | B102: =SUM(B101+1) -> 46054
J104: TOTAL TRAVAILLE | M104: =SUM(M9+M30+M48+M64+M78+M101+M102) -> 0 | N104: =SUM(N9+N30+N48+N64+N78+N101+N102) -> 0.90069444 | O104: =SUM(O9+O30+O48+O64+O78+O101+O102) -> 0.87013889 | P104: =SUM(P9+P30+P48+P64+P78+P101+P102) -> 1.7708333
J105: POTENTIEL SEMAINE | N105: =SUM(Q9:Q102) -> 1.4583333
J106: TOTAL SEMAINE HS | N106: =SUM(P104-N105) -> 0.3125
J107: TOTAL PRECEDENT HS | N107: ='SEM4'!N138 -> 0.82777778
J108: NOUVEAU TOTAL HS | N108: =N106+N107 -> 1.1402778

Sheet SEM6
A4: Nom: | B4: BELIN brice
A5: semaine 6 | B5: du | C5: =SUM('SEM5'!B102+1) -> 46055 | D5: au | E5: =SUM(B109) -> 46061
E6: Route | F6: aller | G6: Client ou usine | I6: Client ou usine | K6: Route retour | M6: TOTAL | Q6: potentiel jour
A7: Jour | B7: Date | C7: Nom client ou usine | E7: Heure départ | F7: Heure arrivée | G7: Heure arrivée | H7: Heure départ | I7: Heure arrivée | J7: Heure départ | K7: Heure départ | L7: Heure arrivée | M7: Heure route | N7: Heure client | O7: Heure usine | P7: Général
A9: LUNDI | B9: =SUM(C5) -> 46055 | C9: 220224C001 216956C001 | G9: 0.34305556 | H9: 0.52083333 | I9: 0.5625 | J9: 0.65972222 | M9: =(F9-E9)+(L9-K9) -> 0 | N9: =(H9-G9) -> 0.17777778 | O9: =(J9-I9) -> 0.097222222 | P9: =SUM(M9:O21) -> 0.275 | R9: 220224C001 | S9: (1h00)
S10: ADNOC
S11: Réception des sources AutoCAD | V11: ok.Done
R12: 216956C001 | S12: (2h00)
S13: LYONDELL
S14: Edition du document ci-dessous:
T15: FAT ELEC | U15: LS_EFPC21695601 | W15: ok.Done | X15: EN ATTENTE RETOUR ALSYMEX
U16: Après retour ALSYMEX, envoyer la FAT au client
R17: 218979C001 | S17: (1h30)
S18: CIMC GOLAR
T19: Aide au YT | U19: ok.Done
Q21: 0.16666667
A22: MARDI | B22: =SUM(B9+1) -> 46056 | C22: RA172190 219254C001 216240C001 | G22: 0.34166667 | H22: 0.52083333 | I22: 0.55208333 | J22: 0.72638889 | M22: =(F22-E22)+(L22-K22) -> 0 | N22: =(H22-G22) -> 0.17916667 | O22: =(J22-I22) -> 0.17430556 | P22: =SUM(M22:O36) -> 0.35347222 | R22: RA172190 | S22: (1h00)
S23: HOEGH
S24: Maj du plan ci-dessous suite commentaire client:
T25: 2413617219001 | V25: ok.Done | W25: ECN nr: | X25: 1027354 | Y25: EN ATTENTE RETOUR ACE
R26: 219254C001 | S26: (2h00)
S27: PADAH
S28: Mah des documents ci-dessous:
T29: CND | U29: LS_CNDC21925401 | V29: ok.Done | W29: ECN nr: | X29: 1027379 | Y29: EN ATTENTE RETOUR JCP
R30: 216956C001 | S30: (1h00)
S31: LYONDELL
S32: Meeting avec Mr Garagon/Etienne (ALSYMEX) | V32: ok.Done
R33: 216240C001 | S33: (1h00)
S34: MOTOR OIL
S35: DR with BE Meca | V35: ok.Done
Q36: 0.29166667
A37: MERCREDI | B37: =SUM(B22+1) -> 46057 | C37: 220198C001 214365C001 218979C001 | G37: 0.32847222 | H37: 0.51041667 | I37: 0.56944444 | J37: 0.74930556 | M37: =(F37-E37)+(L37-K37) -> 0 | N37: =(H37-G37) -> 0.18194444 | O37: =(J37-I37) -> 0.17986111 | P37: =SUM(M37:O68) -> 0.36180556 | R37: 220198C001 | S37: (1h00)
S38: SHELL AUTRALIA
S39: Mettre le doc ci-dessous sur ARAS:
T40: PLC Listing | V40: In progress… | W40: Rev7 | X40: ECN nr: | Y40: 1027413 | Z40: EN ATTENTE VALIDATION JCP
T41: voir pour la page de garde client
R42: 214365C001 | S42: (1h00)
S43: TECNICAS REUNIDAS
S44: Meeting avec Volkan pour les documents ci-dessous: | V44: ok.Done
T45: ILD | U45: 24ILDC21436501 | V45: EN ATTENTE AJOUT PROJET DANS EXCEL SUR TEAMS - HSA
T46: TBWD | U46: 24031C21436503
T47: Instrument Hookup | U47: 24IHDC21436501
T48: SDE | U48: LS_SDEC21436501
T49: IOL | U49: LS_IOLC21436501
T50: CEE | U50: LS_CEEC21436501
T51: LCP | U51: 24134C21436501
T52: Si ce sont des commentaires non prévue, ou qu'on ne sait pas faire, prévenir VOLKAN
R53: 221402C001 | S53: (1h00)
S54: MADINA GROUP
S55: Envoyer email à ALSYMEX pour confirmation des dates de remise des documents | X55: ok.Done
R56: 218979C001 | S56: (4h00)
S57: CIMC GOLAR
S58: Maj du prog PLC pour pouvoir faire un RESET ESD2 lorsque l'on est en fin de séquence ESD2 | Y58: ok.Done
R59: 219712C001 | S59: (1h00)
S60: TECHEAST
S61: Mettre les plans sur ARAS ci-dessous:
T62: IOL | U62: LS_IOLC21971201 | V62: Rev2 | W62: ok.Done | X62: ECN nr: | Y62: 1025913 | Z62: EN ATTENTE VALIDATION DOC CTRL
T63: LCP | U63: 24134C21971201 | V63: Rev1 | Y63: envoyé à Delphine
T64: CLD | U64: 24CLDC21971201 | V64: Rev1
T65: ECD | U65: 24ECDC21971201 | V65: Rev1
T66: PLC Listing | U66: LS_PLCC21971201 | V66: Rev0
Q68: 0.29166667
A69: JEUDI | B69: =SUM(B37+1) -> 46058 | C69: 214365C001 219254C001 Meeting CS | G69: 0.32430556 | H69: 0.52083333 | I69: 0.56944444 | J69: 0.75069444 | M69: =(F69-E69)+(L69-K69) -> 0 | N69: =(H69-G69) -> 0.19652778 | O69: =(J69-I69) -> 0.18125 | P69: =SUM(M69:O84) -> 0.37777778 | R69: 214365C001 | S69: (1h00)
S70: TECNICAS REUNIDAS
S71: Call avec Halmi | U71: ok.Done
R72: 219254C001 | S72: (1h00)
S73: PADAH LNG
S74: Maj des documents ci-dessous:
T75: EID | U75: 24EIDC21925401 | V75: In progress…
T76: CND | U76: LS_CNDC21925401 | V76: ok.Done | W76: ECN nr: | X76: 1027379 | Y76: EN ATTENTE VALIDATION DOC CTRL (Delphine)
R77: Meeting CS | S77: (1h30)
S78: Technical Meeting | V78: ok.Done
R79: 216956C001 | S79: (2h00)
S80: LYONDELL
S81: Maj de la FAT procédure | U81: LS_EFPC21695601 | V81: ok.Done | W81: EN ATTENTE RETOUR ALSYMEX
S82: Conf call avec ALSYMEX (Etienne)
Q84: 0.29166667
A85: VENDREDI | B85: =SUM(B69+1) -> 46059 | C85: Technical Meeting CS 219254C001 221402C001 219712C001 Objectifs CS | G85: 0.36527778 | H85: 0.5 | I85: 0.56944444 | J85: 0.69166667 | M85: =(F85-E85)+(L85-K85) -> 0 | N85: =(H85-G85) -> 0.13472222 | O85: =(J85-I85) -> 0.12222222 | P85: =SUM(M85:O107) -> 0.25694444 | R85: Technical Meeting CS | S85: (3h00)
S86: Meeting BE CS avec Camille / BE CS | U86: ok.Done
R87: 216956C001 | S87: (1h00)
S88: LYONDELL
S89: Mettre la doc FAT élec procédure sur ARAS:
T90: FAT élec | U90: LS_EFPC21695601 | V90: ok.Done | W90: ECN nr: | X90: 1027476 | Y90: EN ATTENTE VALIDATION DOC CTRL (Delphine)
R91: 219254C001 | S91: (1h00)
S92: PADAH LNG
S93: Maj des documents ci-dessous:
T94: EID | U94: 24EIDC21925401 | V94: In progress…
R95: 221402C001 | S95: (0h30)
S96: MADINAL
S97: Envoyer les DBIs ci-dessous à ALSYMEX: | V97: ok.Done
T98: Berth 1 | U98: 24000C2214020201
T99: Berth 4 | U99: 24000C2214020204
T100: Berth 5 | U100: 24000C2214020205
T101: Berth 6 | U101: 24000C2214020206
R102: 219712C001 | S102: (0h30)
S103: TEACHEAST
S104: Mettre le CD fin d'affaire ALSYMEX sur SharePoint | V104: ok.Done
R105: Objectifs CS | S105: (1h00)
S106: Meeting BE CS pour les objectifs 2026 | V106: ok.Done
Q107: 0.29166667
...

Sheet SEM7
A4: Nom: | B4: BELIN brice
A5: semaine 7 | B5: du | C5: =SUM('SEM6'!B109+1) -> 46062 | D5: au | E5: =SUM(B79) -> 46068
E6: Route | F6: aller | G6: Client ou usine | I6: Client ou usine | K6: Route retour | M6: TOTAL | Q6: potentiel jour
A7: Jour | B7: Date | C7: Nom client ou usine | E7: Heure départ | F7: Heure arrivée | G7: Heure arrivée | H7: Heure départ | I7: Heure arrivée | J7: Heure départ | K7: Heure départ | L7: Heure arrivée | M7: Heure route | N7: Heure client | O7: Heure usine | P7: Général
A9: LUNDI | B9: =SUM(C5) -> 46062 | C9: 219254C001 216956C001 217147C001 | G9: 0.32916667 | H9: 0.52083333 | I9: 0.56597222 | J9: 0.73680556 | M9: =(F9-E9) -> 0 | N9: =(H9-G9) -> 0.19166667 | O9: =(J9-I9) -> 0.17083333 | P9: =SUM(M9:O31) -> 0.3625 | R9: 219254C001 | S9: (3h00)
S10: PADAH LNG
S11: Maj des documents ci-dessous:
T12: EID | U12: 24EIDC21925401 | V12: ok.Done | W12: ECN nr: | X12: 1027491 | Y12: EN ATTENTE RETOUR D'INFORMATION SR
U13: maj suite commentaires client - REV4 IN PROGRESS
R14: 216956C001 | S14: (2h00)
S15: LYONDELL
S16: Mettre les plans ci-dessous sur ARAS: | W16: ok.Done | X16: ECN nr: | Y16: 1022242 | Z16: EN ATTENTE VALIDATION DOC CTRL (Delphine)
T17: IOL | U17: 24IOL12174001 | V17: Rev6
T18: ECD | U18: 2403012174001 | V18: Rev5
T19: CLD | U19: 2403012174002 | V19: Rev6
T20: Schéma boucles | U20: 2403112174002 | V20: Rev3
T21: TBWD | U21: 2403112174003 | V21: Rev5 | W21: Rev6 | X21: EN ATTENTE DOC REV6 ALSYMEX
T22: LCP | U22: 2413412174001 | V22: Rev7
R23: 217147C001 | S23: (1h00)
S24: COIGN
S25: Répondre à l'email d'ORLA
S26: Envoyer un email à ALSYMEX pour modification avec logique commenté par le client | Y26: ok.Done
R27: 216240C001 | S27: (1h00)
S28: MARSA
S29: Maj du document ci-dessous:
T30: Line List | U30: LS_PLLC21986701 | V30: In progress… | W30: EN ATTENTE RETOUR BE MECA & INDUS
Q31: 0.29166667
A32: MARDI | B32: =SUM(B9+1) -> 46063 | C32: 219867C001 217805C001 220267C001 | G32: 0.34652778 | H32: 0.52083333 | I32: 0.5625 | J32: 0.77430556 | M32: =(F49-E49)+(L49-K49) -> 0 | N32: =(H32-G32) -> 0.17430556 | O32: =(J32-I32) -> 0.21180556 | P32: =SUM(M32:O49) -> 0.38611111 | R32: 219867C001 | S32: (3h00)
S33: MARSA
S34: Maj du document ci-dessous:
T35: IOL | U35: LS_IOLC21986701 | V35: In progress… | W35: ECN nr: | X35: 1027541
R36: 217805C001 | S36: (3h00)
S37: FLUXEL
S38: Meeting Pascal M. pour explication du prog VDF | V38: ok.Done
S39: Edition de la trame de pour YT | V39: ok.Done
S40: Meeting Charly D / Pascal M / Stéphane P | V40: In progress…
R41: 220267C001 | S41: (1h00)
S42: RUWAIS
S43: Vérification des validation ECNs ci-dessous:
T44: 1027314 | V44: Validated
T45: 1027315 | V45: InReview | W45: Validation du PN Top Level pour la Face T - CONDUCTIX
T46: 1027316 | V46: Validated | W46: Validation PN Top Level Face C - CONDUCTIX
T47: 1027317 | V47: Validated
T48: 1027339 | V48: Validated | W48: Validation du DBI Face T - CONDUCTIX
Q49: 0.29166667
A50: MERCREDI | B50: =SUM(B32+1) -> 46064 | C50: 219867C001 | G50: 0.32083333 | H50: 0.52777778 | I50: 0.5625 | J50: 0.76041667 | M50: =(L50-K50) -> 0 | N50: =(H50-G50) -> 0.20694444 | O50: =(J50-I50) -> 0.19791667 | P50: =SUM(M50:O57) -> 0.40486111 | R50: 219867C001 | S50: (7h00)
S51: MARSA
S52: Maj du document ci-dessous:
T53: IOL | U53: LS_IOLC21986701 | V53: In progress… | W53: ECN nr: | X53: 1027541
T54: Line List | U54: LS_PLLC21986701 | V54: ok.Done | W54: ECN nr: | X54: 1027576 | Y54: EN ATTENTE RETOUR BE MECA & INDUS
U55: Code P18 apparemment… | Y55: EN ATTENTE RETOUR JCP & HLA
Y56: EN ATTENTE VALIDATION DOC CTRL (Christelle)
Q57: 0.29166667
A58: JEUDI | B58: =SUM(B50+1) -> 46065 | C58: 219867C001 217805C001 | G58: 0.3375 | H58: 0.52083333 | I58: 0.54166667 | J58: 0.73194444 | M58: =(F66-E66)+(L66-K66) -> 0 | N58: =(H58-G58) -> 0.18333333 | O58: =(J58-I58) -> 0.19027778 | P58: =SUM(M58:O66) -> 0.37361111 | R58: 219867C001 | S58: (5h00)
S59: MARSA
S60: Maj du document ci-dessous:
T61: IOL | U61: LS_IOLC21986701 | V61: ok.Done | W61: ECN nr: | X61: 1027541 | Y61: EN ATTENTE SIGNATURE JCP & FPR | AB61: EN ATTENTE VALIDATION DOC CTRL (Christelle)
T62: HCD | U62: 24HCDC21986701 | V62: ok.Done | W62: ECN nr: | X62: 1027541 | Y62: EN ATTENTE CRS JCP
R63: 217805C001 | S63: (2h00)
S64: FLUXEL
S65: Meeting R&D avec JR / BBE | V65: ok.Done
Q66: 0.29166667
A67: VENDREDI | B67: =SUM(B58+1) -> 46066 | C67: 214365C001 220679C001 | G67: 0.34166667 | H67: 0.51736111 | I67: 0.54166667 | J67: 0.65347222 | M67: =(F77-E77)+(L77-K77) -> 0 | N67: =(H67-G67) -> 0.17569444 | O67: =(J67-I67) -> 0.11180556 | P67: =SUM(M67:O77) -> 0.2875 | R67: 219867C001 | S67: (6h00)
S68: TR
S69: Maj du document ci-dessous:
T70: IOL | U70: LS_IOLC21436501 | V70: Rev6 | W70: ok.Done | X70: ECN nr: | Y70: 1027638
T71: SDE | U71: LS_SDEC21436501 | V71: Rev9 | W71: In progress… | X71: ECN nr: | Y71: 1027638
R72: 220679C001 | S72: (1h00)
S73: PRELUDE
S74: Validation du PN TOP LVL | U74: 24000C22067901 | V74: ok.Done | W74: ECN nr: | X74: 1027629 | Y74: EN ATTENTE VALIDATION BE CS (Brice)
S75: Validation PN | U75: 33899C22067901 | V75: ok.Done | W75: ECN nr: | X75: 1027635 | Y75: EN ATTENTE VALIDATION BE CS (Brice)
S76: Faire LF | U76: LS_LCTC220679 | V76: ok.Done | W76: ECN nr: | X76: 1027636 | Y76: EN ATTENTE VALIDATION BE CS (Brice)
Q77: 0.29166667
A78: SAMEDI | B78: =SUM(B67+1) -> 46067 | M78: =(F78-E78)+(L78-K78) -> 0 | N78: =(H78-G78)+(J78-I78) -> 0 | O78: =(H78-G78)+(J78-I78) -> 0 | P78: =SUM(M78:O79) -> 0
A79: DIMANCHE | B79: =SUM(B78+1) -> 46068
J81: TOTAL TRAVAILLE | M81: =SUM(M9+M32+M50+M58+M67+M78+M79) -> 0 | N81: =SUM(N9+N32+N50+N58+N67+N78+N79) -> 0.93194444 | O81: =SUM(O9+O32+O50+O58+O67+O78+O79) -> 0.88263889 | P81: =SUM(P9+P32+P50+P58+P67+P78+P79) -> 1.8145833
J82: POTENTIEL SEMAINE | N82: =SUM(Q9:Q79) -> 1.4583333
J83: TOTAL SEMAINE HS | N83: =SUM(P81-N82) -> 0.35625 | T83: Absence le matin
J84: TOTAL PRECEDENT HS | N84: ='SEM6'!N115 -> 1.4319444 | T84: Absence l'après-midi
J85: NOUVEAU TOTAL HS | N85: =N83+N84 -> 1.7881944 | T85: Absence toute la journée

Sheet SEM8
A4: Nom: | B4: BELIN brice
A5: semaine 8 | B5: du | C5: =SUM('SEM7'!B79+1) -> 46069 | D5: au | E5: =SUM(B46) -> 46075
E6: Route | F6: aller | G6: Client ou usine | I6: Client ou usine | K6: Route retour | M6: TOTAL | Q6: potentiel jour
A7: Jour | B7: Date | C7: Nom client ou usine | E7: Heure départ | F7: Heure arrivée | G7: Heure arrivée | H7: Heure départ | I7: Heure arrivée | J7: Heure départ | K7: Heure départ | L7: Heure arrivée | M7: Heure route | N7: Heure client | O7: Heure usine | P7: Général
A9: LUNDI | B9: =SUM(C5) -> 46069 | C9: RTT | G9: 0 | H9: 0 | I9: 0 | J9: 0 | M9: =(F9-E9) -> 0 | N9: =(H9-G9) -> 0 | O9: =(J9-I9) -> 0 | P9: =SUM(M9:O12) -> 0
Q12: 0
A13: MARDI | B13: =SUM(B9+1) -> 46070 | C13: RTT | G13: 0 | H13: 0 | I13: 0 | J13: 0 | M13: =(F13-E13) -> 0 | N13: =(H13-G13) -> 0 | O13: =(J13-I13) -> 0 | P13: =SUM(M13:O16) -> 0
Q16: 0
A17: MERCREDI | B17: =SUM(B13+1) -> 46071 | C17: RTT | G17: 0 | H17: 0 | I17: 0 | J17: 0 | M17: =(F17-E17) -> 0 | N17: =(H17-G17) -> 0 | O17: =(J17-I17) -> 0 | P17: =SUM(M17:O20) -> 0
Q20: 0
A21: JEUDI | B21: =SUM(B17+1) -> 46072 | C21: 214365C001 217805C001 217147C001 | G21: 0.3375 | H21: 0.52083333 | I21: 0.57291667 | J21: 0.75347222 | M21: =(F21-E21) -> 0 | N21: =(H21-G21) -> 0.18333333 | O21: =(J21-I21) -> 0.18055556 | P21: =SUM(M21:O34) -> 0.36388889 | R21: 217805C001 | S21: (1h00)
S22: FLUXEL
S23: Mise en route coffret D avec variateur au R&D | V23: ok.Done
R24: 214147C001 | S24: (1h00)
S25: COIGN
S26: Envoyer ECN pour mise à jour de la logique à ALSYMEX | W26: ok.Done | X26: ECN nr: | Y26: 1027736
R27: 214365C001 | S27: (5h00)
S28: TR
S29: Maj du document ci-dessous:
T30: IOL | U30: LS_IOLC21436501 | V30: Rev6 | W30: ok.Done | X30: ECN nr: | Y30: 1027638 | Z30: MAJ DANS ARAS
T31: SDE | U31: LS_SDEC21436501 | V31: Rev9 | W31: ok.Done | X31: ECN nr: | Y31: 1027638 | Z31: MAJ DANS ARAS
T32: TBWD | U32: 24031C21436503 | W32: ok.Done | Z32: FAT accepted- TBWD OK
T33: IHD | U33: 24IHDC21436501 | V33: Rev3 | W33: ok.Done | X33: ECN nr: | Y33: 1027638 | Z33: ATTENTE RETOUR ATOS
Q34: 0.29166667
A35: Vendredi | B35: =SUM(B21+1) -> 46073 | C35: 214365C001 | G35: 0.33402778 | H35: 0.5 | I35: 0.55208333 | J35: 0.65555556 | M35: =(F35-E35) -> 0 | N35: =(H35-G35) -> 0.16597222 | O35: =(J35-I35) -> 0.10347222 | P35: =SUM(M35:O44) -> 0.26944444 | R35: 214365C001 | S35: (7h00)
S36: TR
S37: Maj du document ci-dessous:
T38: IOL | U38: LS_IOLC21436501 | V38: Rev6 | W38: ok.Done | X38: ECN nr: | Y38: 1027638 | Z38: MAJ DANS ARAS | AA38: EN ATTENTE RETOUR DOC CONTROL (Delphine)
T39: SDE | U39: LS_SDEC21436501 | V39: Rev9 | W39: ok.Done | X39: ECN nr: | Y39: 1027638 | Z39: MAJ DANS ARAS | AA39: EN ATTENTE RETOUR DOC CONTROL (Delphine)
T40: TBWD | U40: 24031C21436503 | W40: ok.Done | Z40: FAT accepted- TBWD OK
T41: IHD | U41: 24IHDC21436501 | V41: Rev3 | W41: ok.Done | X41: ECN nr: | Y41: 1027638 | Z41: ATTENTE RETOUR ATOS | AA41: EN ATTENTE RETOUR DOC CONTROL (Delphine)
T42: CEE | U42: LS_CEEC21436501 | V42: Rev4 | W42: ok.Done | X42: ECN nr: | Y42: 1027638 | Z42: ATTENTE RETOUR ATOS | AA42: EN ATTENTE RETOUR DOC CONTROL (Delphine)
T43: ILD | U43: 24ILDC21436501 | V43: Rev4 | W43: ok.Done | Z43: FAT accepted- TBWD OK
Q44: 0.29166667
A45: SAMEDI | B45: =SUM(B35+1) -> 46074 | M45: =(F45-E45)+(L45-K45) -> 0 | N45: =(H45-G45)+(J45-I45) -> 0 | O45: =(H45-G45)+(J45-I45) -> 0 | P45: =SUM(M45:O46) -> 0
A46: DIMANCHE | B46: =SUM(B45+1) -> 46075
J48: TOTAL TRAVAILLE | M48: =SUM(M9+M13+M17+M21+M35+M45+M46) -> 0 | N48: =SUM(N9+N13+N17+N21+N35+N45+N46) -> 0.34930556 | O48: =SUM(O9+O13+O17+O21+O35+O45+O46) -> 0.28402778 | P48: =SUM(P9+P13+P17+P21+P35+P45+P46) -> 0.63333333
J49: POTENTIEL SEMAINE | N49: =SUM(Q9:Q46) -> 0.58333333
J50: TOTAL SEMAINE HS | N50: =SUM(P48-N49) -> 0.05
J51: TOTAL PRECEDENT HS | N51: ='SEM7'!N85 -> 1.7881944
J52: NOUVEAU TOTAL HS | N52: =N50+N51 -> 1.8381944

Sheet SEM9
A4: Nom: | B4: BELIN brice
A5: semaine 9 | B5: du | C5: =SUM('SEM8'!B46+1) -> 46076 | D5: au | E5: =SUM(B123) -> 46082
E6: Route | F6: aller | G6: Client ou usine | I6: Client ou usine | K6: Route retour | M6: TOTAL | Q6: potentiel jour
A7: Jour | B7: Date | C7: Nom client ou usine | E7: Heure départ | F7: Heure arrivée | G7: Heure arrivée | H7: Heure départ | I7: Heure arrivée | J7: Heure départ | K7: Heure départ | L7: Heure arrivée | M7: Heure route | N7: Heure client | O7: Heure usine | P7: Général
A9: LUNDI | B9: =SUM(C5) -> 46076 | C9: 217805C001 220594C001 221402C001 217147C001 | G9: 0.33819444 | H9: 0.52083333 | I9: 0.54166667 | J9: 0.70833333 | M9: =(F35-E35)+(L35-K35) -> 0 | N9: =(H9-G9) -> 0.18263889 | O9: =(J9-I9) -> 0.16666667 | P9: =SUM(M9:O35) -> 0.34930556 | R9: 217805C001 | S9: (3h00)
S10: FLUXEL
S11: Essai de connexion avec mon laptop | X11: ok.Done
S12: Essai de paramétrage sur variateur avec sauvegarde des données | X12: ok.Done
S13: Trouver les messages d'alarmes liés au variateurs | W13: In progress…
R14: 220594C001 | S14: (1h00)
S15: GOLAR HILLI
S16: Répondre à l'email de Rozier
S17: Maj du DBI ci-dessous:
T18: HPU | U18: 24136C22059401 | W18: ok.Done
T19: inclure l'alimentation de redondance 24136C22059401-G
R20: 221402C001 | S20: (1h00)
S21: MADINA
S22: Envoyer la codification des plans ci-dessous à Delphine: | X22: ok.Done
T23: Architecture drawing - Jetée 1 | W23: 24CSAC22140201
T24: FDS (CND) - Jetée 1 | W24: LS_CNDC22140201
T25: Modbus List - Jetée 1 | W25: LS_SDEC22140201
T26: Modbus List - Jetée 4 | W26: 24SDE05102501
T27: Modbus List - Jetée 5 | W27: 24SDE05108301
T28: Modbus List - Jetée 6 | W28: 24SDE07116701
R29: Team Meeting | S29: (1h30)
S30: Meeting avec Team JCP / HSA / HLA | V30: ok.Done
R31: 217147C001 | S31: (1h00)
S32: COIGN
S33: Maj des documents ci-dessous:
T34: CLD | U34: 24030101533022 | W34: Rev7 | X34: ok.Done | Y34: ECN nr: | Z34: 1027736 | AA34: EN ATTENTE RETOUR DOC CONTROL (Christelle)
Q35: 0.29166667
A36: MARDI | B36: =SUM(B9+1) -> 46077 | C36: 221402C001 220594C001 220267C001 214365C001 219867C001 | G36: 0.34791667 | H36: 0.48958333 | I36: 0.5625 | J36: 0.75 | M36: =(F70-E70)+(L70-K70) -> 0 | N36: =(H36-G36) -> 0.14166667 | O36: =(J36-I36) -> 0.1875 | P36: =SUM(M36:O70) -> 0.32916667 | R36: 221402C001 | S36: (1h00)
S37: MADINA
S38: Donner les dates à delphine pour les docs ci-dessouss: | W38: ok.Done
T39: Architecture drawing - Jetée 1 | W39: 24CSAC22140201 | Y39: A la PO | AA39: 46080
T40: FDS (CND) - Jetée 1 | W40: LS_CNDC22140201 | Y40: 6 week after PO | AA40: 46127
T41: Modbus List - Jetée 1 | W41: LS_SDEC22140201 | Y41: 6 week after PO | AA41: 46149
T42: Modbus List - Jetée 4 | W42: 24SDE05102501 | Y42: 6 week after PO | AA42: 46149
T43: Modbus List - Jetée 5 | W43: 24SDE05108301 | Y43: 6 week after PO | AA43: 46149
T44: Modbus List - Jetée 6 | W44: 24SDE07116701 | Y44: 6 week after PO | AA44: 46149
R45: 220594C001 | S45: (1h00)
S46: GOLAR HILLI
S47: Maj du DBI ci-dessous:
T48: HPU | U48: 24136C22059401 | W48: ok.Done
T49: inclure l'alimentation de redondance 24136C22059401-G
S50: Faire ECN CL1 pour valider le DBI | V50: ok.Done | W50: ECN nr: | X50: 1027867 | Y50: EN ATTENTE VALIDATION FPR (BE CS)
S51: Faire email ECN CL1 | V51: ok.Done
R52: Project Doc | S52: (1h00)
S53: Meeting avec Team JCP / HLA / FPR | V53: ok.Done
R54: 220267C001 | S54: 01h30)
S55: RUWAIS
S56: Conf call avec Sharad | V56: ok.Done
R57: 214365C001 | S57: (1h30)
S58: TR
S59: Maj documents suite commentaires Delphine (Doc CTRL)
T60: IOL | U60: LS_IOLC21436501 | V60: Rev6 | W60: ok.Done | X60: ECN nr: | Y60: 1027638 | Z60: MAJ DANS ARAS | AA60: EN ATTENTE RETOUR DOC CONTROL (Delphine)
T61: SDE | U61: LS_SDEC21436501 | V61: Rev9 | W61: ok.Done | X61: ECN nr: | Y61: 1027638 | Z61: MAJ DANS ARAS | AA61: EN ATTENTE RETOUR DOC CONTROL (Delphine)
T62: IHD | U62: 24IHDC21436501 | V62: Rev3 | W62: ok.Done | X62: ECN nr: | Y62: 1027638 | Z62: MAJ DANS ARAS | AA62: EN ATTENTE RETOUR DOC CONTROL (Delphine)
T63: CEE | U63: LS_CEEC21436501 | V63: Rev4 | W63: ok.Done | X63: ECN nr: | Y63: 1027638 | Z63: MAJ DANS ARAS | AA63: EN ATTENTE RETOUR DOC CONTROL (Delphine)
R64: 219867C001 | S64: (1h30)
S65: MARSA
S66: Maj du plan ci-dessous:
T67: Architecture CS | V67: 24CSAC21986701 | X67: In progress…
U68: répondre à la CRS de la Rev1 | Y68: ok.Done
U69: répondre à la CRS de la Rev2 | Y69: In progress…
Q70: 0.29166667
A71: MERCREDI | B71: =SUM(B36+1) -> 46078 | C71: 219867C001 214365C001 221402C001 | G71: 0.31388889 | H71: 0.52083333 | I71: 0.5625 | J71: 0.75 | M71: =(F90-E90)+(L90-K90) -> 0 | N71: =(H71-G71) -> 0.20694444 | O71: =(J71-I71) -> 0.1875 | P71: =SUM(M71:O90) -> 0.39444444 | R71: 219867C001 | S71: (5h00)
S72: MARSA
S73: Maj du plan ci-dessous:
T74: Architecture CS | V74: 24CSAC21986701 | X74: ok.Done | Y74: ECN nr: | Z74: 1027924 | AA74: EN ATTENTE RETOUR DOC CONTROL (Christelle)
U75: répondre à la CRS de la Rev1 | Y75: ok.Done
U76: répondre à la CRS de la Rev2 | Y76: ok.Done
R77: 214365C001 | S77: (1h30)
S78: TR
S79: Maj documents suite commentaires Delphine (Doc CTRL)
T80: IOL | U80: LS_IOLC21436501 | V80: Rev6 | W80: ok.Done | X80: ECN nr: | Y80: 1027638 | Z80: MAJ DANS ARAS | AA80: EN ATTENTE RETOUR DOC CONTROL (Delphine)
T81: SDE | U81: LS_SDEC21436501 | V81: Rev9 | W81: ok.Done | X81: ECN nr: | Y81: 1027638 | Z81: MAJ DANS ARAS | AA81: EN ATTENTE RETOUR DOC CONTROL (Delphine)
T82: IHD | U82: 24IHDC21436501 | V82: Rev3 | W82: ok.Done | X82: ECN nr: | Y82: 1027638 | Z82: MAJ DANS ARAS | AA82: EN ATTENTE RETOUR DOC CONTROL (Delphine)
T83: CEE | U83: LS_CEEC21436501 | V83: Rev4 | W83: ok.Done | X83: ECN nr: | Y83: 1027638 | Z83: MAJ DANS ARAS | AA83: EN ATTENTE RETOUR DOC CONTROL (Delphine)
T84: Maj du format de date - Voir email de Delphine
R85: 221402C001 | S85: (1h30)
S86: MADINA
S87: Edition du plan ci-dessous:
T88: Archi. CS | U88: 24CSAC22140201 | W88: In progress…
Q90: 0.29166667
A91: JEUDI | B91: =SUM(B71+1) -> 46079 | C91: 221402C001 217805C001 | G91: 0.36875 | H91: 0.52083333 | I91: 0.5625 | J91: 0.73402778 | M91: =(F108-E108)+(L108-K108) -> 0 | N91: =(H91-G91) -> 0.15208333 | O91: =(J91-I91) -> 0.17152778 | P91: =SUM(M91:O108) -> 0.32361111 | R91: 221402C001 | S91: (6h00)
S92: MADINA
S93: Edition du plan ci-dessous:
T94: Archi. CS | U94: 24CSAC22140201 | W94: ok.Done | X94: ECN nr: | Y94: 1027944 | Z94: Dispo sur ARAS | AA94: EN ATTENTE RETOUR DOC CONTROL (Delphine)
S95: Création des PNs manquants ci-dessous:
T96: Elec On Dock | U96: 24029C22140202 | W96: ok.Done | X96: ECN nr: | Y96: 1027950 | Z96: Dispo sur ARAS | AA96: EN ATTENTE VALIDATION JCP
T97: PLC Cab. | U97: 24134C22140202 | W97: ok.Done | X97: ECN nr: | Y97: 1027952 | Z97: Dispo sur ARAS | AA97: EN ATTENTE VALIDATION JCP
T98: LCP Assembly | U98: 24134C22140201A | W98: ok.Done | X98: ECN nr: | Y98: 1027952 | Z98: Dispo sur ARAS | AA98: EN ATTENTE VALIDATION JCP
T99: LCP | U99: 24134C22140201 | W99: ok.Done | X99: ECN nr: | Y99: 1027952 | Z99: Dispo sur ARAS | AA99: EN ATTENTE VALIDATION JCP
T100: Remote | U100: 2489935C2214021P | W100: ok.Done | X100: ECN nr: | Y100: 1027952 | Z100: Dispo sur ARAS | AA100: EN ATTENTE VALIDATION JCP
U101: ajout plan + Note&Specs | W101: In progress… | X101: ECN nr: | Y101: 1027973 | Z101: Dispo sur ARAS | AA101: EN ATTENTE VALIDATION HLA
T102: Lap. Maint. | U102: 24899C22140202 | W102: ok.Done | X102: ECN nr: | Y102: 1027952 | Z102: Dispo sur ARAS | AA102: EN ATTENTE VALIDATION JCP
U103: ajout au TOP Lvl | W103: In progress… | X103: ECN nr: | Y103: 1027970 | Z103: Dispo sur ARAS | AA103: EN ATTENTE VALIDATION HLA
R104: 217805C001 | S104: (2h00)
S105: FLUXEL
...

Sheet SEM10
A4: Nom: | B4: BELIN brice
A5: semaine 10 | B5: du | C5: =SUM('SEM9'!B123+1) -> 46083 | D5: au | E5: =SUM(B109) -> 46089
E6: Route | F6: aller | G6: Client ou usine | I6: Client ou usine | K6: Route retour | M6: TOTAL | Q6: potentiel jour
A7: Jour | B7: Date | C7: Nom client ou usine | E7: Heure départ | F7: Heure arrivée | G7: Heure arrivée | H7: Heure départ | I7: Heure arrivée | J7: Heure départ | K7: Heure départ | L7: Heure arrivée | M7: Heure route | N7: Heure client | O7: Heure usine | P7: Général
A9: LUNDI | B9: =SUM(C5) -> 46083 | C9: 221402C001 204291R030 | E9: 0 | F9: 0 | G9: 0.33958333 | H9: 0.52083333 | I9: 0.54166667 | J9: 0.72916667 | K9: 0 | L9: 0 | M9: =(F9-E9)+(L9-K9) -> 0 | N9: =(H9-G9) -> 0.18125 | O9: =(J9-I9) -> 0.1875 | P9: =SUM(M9:O27) -> 0.36875 | R9: 221402C001 | S9: (6h00)
S10: MADINA
S11: Création des PNs manquants ci-dessous:
T12: Fibre Optique | U12: 248990350003M | W12: ok.Done | X12: ECN nr: | Y12: 1028024 | Z12: Dispo sur ARAS | AA12: EN ATTENTE VALIDATION JCP
S13: Validation spec ELEC | U13: LS_PSEC22140201 | W13: ok.Done | X13: ECN nr: | Y13: 1028068 | Z13: Dispo sur ARAS | AA13: EN ATTENTE VALIDATION BBE
T14: Maj PN LCP | U14: 24134C22140201 | W14: ok.Done | X14: ECN nr: | Y14: 1027979 | Z14: Dispo sur ARAS | AA14: EN ATTENTE VALIDATION HLA
T15: PLC Cabinet | U15: 24134C22140202 | W15: ok.Done | X15: ECN nr: | Y15: 1027979 | Z15: Dispo sur ARAS | AA15: EN ATTENTE VALIDATION HLA
T16: LCP Assembly | U16: 24134C22140201A | W16: ok.Done | X16: ECN nr: | Y16: 1027979 | Z16: Dispo sur ARAS | AA16: EN ATTENTE VALIDATION HLA
T17: Maj EOD | U17: 24029C22140201 | W17: ok.Done | X17: ECN nr: | Y17: 1028069 | Z17: Dispo sur ARAS | AA17: EN ATTENTE VALIDATION JCP
R19: 204291R030 | S19: (1h00)
S20: ARCOS
S21: Sauvegarder la photo du départ moteur dans le répertoire du projet | X21: ok.Done
Q27: 0.29166667
A28: MARDI | B28: =SUM(B9+1) -> 46084 | C28: 216240C001 219867C001 221402C001 | E28: 0 | F28: 0 | G28: 0.36458333 | H28: 0.52083333 | I28: 0.55208333 | J28: 0.74791667 | K28: 0 | L28: 0 | M28: =(F28-E28)+(L28-K28) -> 0 | N28: =(H28-G28) -> 0.15625 | O28: =(J28-I28) -> 0.19583333 | P28: =SUM(M28:O41) -> 0.35208333 | R28: 216240C001 | S28: (5h00)
S29: MOTOR OIL
S30: Edition de la trame excel | U30: ok.Done
S31: Edition du plan ci-dessous:
T32: Archi. CS | U32: 24CSAC21624001 | W32: ok.Done
R33: 219867C001 | S33: (1h00)
S34: MARSA
S35: Remplir la feuille CRS du CEE | V35: ok.Done
R36: 221402C001 | S36: (1h00)
S37: MADINA
S38: Faire EC CL1 pour ajouter 24029 sous 24000C22140201 | W38: ok.Done
Q41: 0.29166667
A42: MERCREDI | B42: =SUM(B28+1) -> 46085 | C42: 216240C001 221402C001 220224C001 217805C001 RA172190 | E42: 0 | F42: 0 | G42: 0.31527778 | H42: 0.52083333 | I42: 0.5625 | J42: 0.7375 | K42: 0 | L42: 0 | M42: =(F42-E42)+(L42-K42) -> 0 | N42: =(H42-G42) -> 0.20555556 | O42: =(J42-I42) -> 0.175 | P42: =SUM(M42:O75) -> 0.38055556 | R42: 216240C001 | S42: (3h00)
S43: MOTOR OIL
S44: Edition du plan ci-dessous:
T45: Archi. CS | U45: 24CSAC216240011 | W45: ok.Done | X45: ECN nr: | Y45: 1028106 | Z45: Dispo sur ARAS | AA45: EN ATTENTE VALIDATION DOC CTRL (Christelle)
U46: 24CSAC216240012 | W46: ok.Done | X46: ECN nr: | Y46: 1028106 | Z46: Dispo sur ARAS
S47: Mettre les plans architecture CS sur ARAS | V47: ok.Done
R48: 221402C001 | S48: (2h00)
S49: MADINA
S50: Faire EC CL1 pour ajouter 24029 sous 24000C22140201 | W50: ok.Done | X50: ECN nr: | Y50: 1028097 | AA50: EN ATTENTE VALIDATION AVA & JCP
S51: Mah des DBIs ci-dessous:
U52: 24000C22140201 | W52: ok.Done | Z52: Dispo sur ARAS
U53: 24000C22140203 | W53: ok.Done | Z53: Dispo sur ARAS
U54: 24000C22140204 | W54: ok.Done | Z54: Dispo sur ARAS
U55: 24000C22140205 | W55: ok.Done | Z55: Dispo sur ARAS
U56: 24000C22140206 | W56: ok.Done | Z56: Dispo sur ARAS
R57: 220224C001 | S57: (2h00)
S58: ADNOC
S59: Envoyer les plans ci-dessous à Philippe Arczewski:
T60: Interco | U60: 24EIDC220224C001 | W60: ok.Done | X60: ECN nr: | Y60: 1028119 | Z60: Dispo sur ARAS | AA60: EN ATTENTE VALIDATION HLA
T61: TBWD | W61: NON - pas besoin pour l'atelier
S62: Maj du plan ci-dessous:
T63: HCD | U63: 24HCDC22022401 | W63: ok.Done | X63: ECN nr: | Y63: 1028122 | Z63: PAS ENVOYE AU DOC CTRL
R64: 217805C001 | S64: (0h30)
S65: FLUXEL
S66: Aide au câblage des codeurs sur les VFDs, | W66: ok.Done
R68: RA17-2190 | S68: (0h30)
S69: HOEGH
S70: Maj des documents ci-dessous:
T71: HPU | U71: 2413617219001 | W71: ok.Done | X71: ECN nr: | Y71: 1028133 | Z71: Dispo sur ARAS | AA71: EN ATTENTE RETOUR ACE
U72: retirer le "ARM3"
T73: E&H ON DOCK | U73: 2412517219001 | W73: ok.Done | X73: ECN nr: | Y73: 1027354 | Z73: Dispo sur ARAS | AA73: EN ATTENTE VALIDATION DOC CTRL (Delphine)
U74: Fusion de la ligne P
Q75: 0.29166667
A76: JEUDI | B76: =SUM(B42+1) -> 46086 | C76: 216240C001 217805C001 221523C001 RA172190 | E76: 0 | F76: 0 | G76: 0.32708333 | H76: 0.52083333 | I76: 0.54166667 | J76: 0.70486111 | K76: 0 | L76: 0 | M76: =(F76-E76)+(L76-K76) -> 0 | N76: =(H76-G76) -> 0.19375 | O76: =(J76-I76) -> 0.16319444 | P76: =SUM(M76:O98) -> 0.35694444 | R76: 217805C001 | S76: (1h00)
S77: FLUXEL
S78: Faire l'AutoTune (ID Run) | W78: In progress… | X78: Câblage pas finbaliser - Reporter à lundi 09/04/26
S79: Vérifiez le sens des mvts du bras:
T80: Inboard | U80: In progress…
T81: Outboard | U81: In progress…
T82: Slewing | U82: In progress…
R83: 216240C001 | S83: (4h00)
S84: MOTOR OIL
S85: Edition des plans ci-dessous:
T86: Interco SOUTH | U86: 24EIDC216240012 | W86: In progress…
T87: Interco NORTH | U87: 24EIDC216240011 | W87: In progress…
R88: 221523C001 | S88: (1h00)
S89: TORTUE
S90: Envoyer un email à ACE pour demander le document "Hose List". | X90: ok.Done
R91: RA17-2190 | S91: (1h00)
S92: HOEGH
S93: Maj des documents ci-dessous:
T94: HPU | U94: 2413617219001 | W94: ok.Done | X94: ECN nr: | Y94: 1028133 | Z94: Dispo sur ARAS | AA94: EN ATTENTE RETOUR ACE | AE94: EN ATTENTE VALIDATION DOC CTRL (Delphine)
U95: retirer le "ARM3"
T96: E&H ON DOCK | U96: 2412517219001 | W96: ok.Done | X96: ECN nr: | Y96: 1027354 | Z96: Dispo sur ARAS | AA96: EN ATTENTE VALIDATION DOC CTRL (Delphine)
U97: Fusion de la ligne P
Q98: 0.29166667
A99: VENDREDI | B99: =SUM(B76+1) -> 46087 | C99: 216240C001 | E99: 0 | F99: 0 | G99: 0.36666667 | H99: 0.52083333 | I99: 0.54166667 | J99: 0.65833333 | K99: 0 | L99: 0 | M99: =(F99-E99)+(L99-K99) -> 0 | N99: =(H99-G99) -> 0.15416667 | O99: =(J99-I99) -> 0.11666667 | P99: =SUM(M99:O107) -> 0.27083333 | R99: 216240C001 | S99: (7h00)
S100: MOTOR OIL
S101: Edition des plans ci-dessous:
T102: Interco SOUTH | U102: 24EIDC216240012 | W102: In progress…
T103: Interco NORTH | U103: 24EIDC216240011 | W103: In progress…
Q107: 0.29166667
A108: SAMEDI | B108: =SUM(B99+1) -> 46088 | M108: =(F108-E108)+(L108-K108) -> 0 | N108: =(H108-G108)+(J108-I108) -> 0 | O108: =(H108-G108)+(J108-I108) -> 0 | P108: =SUM(M108:O109) -> 0
A109: DIMANCHE | B109: =SUM(B108+1) -> 46089
J111: TOTAL TRAVAILLE | M111: =SUM(M9+M28+M42+M76+M99+M108+M109) -> 0 | N111: =SUM(N9+N28+N42+N76+N99+N108+N109) -> 0.89097222 | O111: =SUM(O9+O28+O42+O76+O99+O108+O109) -> 0.83819444 | P111: =SUM(P9+P28+P42+P76+P99+P108+P109) -> 1.7291667
J112: POTENTIEL SEMAINE | N112: =SUM(Q9:Q109) -> 1.4583333
J113: TOTAL SEMAINE HS | N113: =SUM(P111-N112) -> 0.27083333
J114: TOTAL PRECEDENT HS | N114: ='SEM9'!N129 -> 2.0951389
J115: NOUVEAU TOTAL HS | N115: =N113+N114 -> 2.3659722

Sheet SEM11
A4: Nom: | B4: BELIN brice
A5: semaine 11 | B5: du | C5: =SUM('SEM10'!B109+1) -> 46090 | D5: au | E5: =SUM(B82) -> 46096
E6: Route | F6: aller | G6: Client ou usine | I6: Client ou usine | K6: Route retour | M6: TOTAL | Q6: potentiel jour
A7: Jour | B7: Date | C7: Nom client ou usine | E7: Heure départ | F7: Heure arrivée | G7: Heure arrivée | H7: Heure départ | I7: Heure arrivée | J7: Heure départ | K7: Heure départ | L7: Heure arrivée | M7: Heure route | N7: Heure client | O7: Heure usine | P7: Général
A9: LUNDI | B9: =SUM(C5) -> 46090 | C9: 216240C001 217805C001 220224C001 | G9: 0.33680556 | H9: 0.5 | I9: 0.58333333 | J9: 0.73125 | M9: =(F9-E9)+(L9-K9) -> 0 | N9: =(H9-G9) -> 0.16319444 | O9: =(J9-I9) -> 0.14791667 | P9: =SUM(M9:O29) -> 0.31111111 | R9: 216240C001 | S9: (0h00) | U9: PAS TRAVAILLE DESSUS
S10: MOTOR OIL
S11: Edition des plans ci-dessous:
T12: Interco SOUTH | U12: 24EIDC216240012 | W12: In progress…
T13: Interco NORTH | U13: 24EIDC216240011 | W13: In progress…
R14: 217805C001 | S14: (6h00)
S15: FLUXEL
S16: Faire l'AutoTune (ID Run) | W16: In progress…
S17: Vérifiez le sens des mvts du bras:
T18: Inboard | U18: In progress…
T19: Outboard | U19: In progress…
T20: Slewing | U20: In progress…
R21: 220224C001 | S21: (1h00)
S22: ADNOC
S23: Maj de la BOM ci-dessous:
T24: HYD | U24: 24HYDC22022401IA
U25: remplacer l'item 6 - 3/8" JIC par du 5/8" JIC | X25: ok.Done | Y25: ECN nr: | Z25: 1028237 | AA25: Dispo sur ARAS | AB25: Géré par l'Inde
Q29: 0.29166667
A30: MARDI | B30: =SUM(B9+1) -> 46091 | C30: 219453C001 217805C001 | G30: 0.33402778 | H30: 0.52083333 | I30: 0.55208333 | J30: 0.70833333 | M30: =(F30-E30)+(L30-K30) -> 0 | N30: =(H30-G30) -> 0.18680556 | O30: =(J30-I30) -> 0.15625 | P30: =SUM(M30:O43) -> 0.34305556 | R30: 219453C001 | S30: (2h00)
S31: COIGN
S32: Problème de séquence sur site | U32: In progress…
S33: Répondre à l'email de Manu | U33: ok.Done
R34: 217805C001 | S34: (5h00)
S35: FLUXEL
S36: Faire l'AutoTune (ID Run) | W36: In progress…
T37: Interne | U37: ok.Done
T38: Externe | U38: Erreur : Speed cfbk configuration : 73AO | X38: In progress…
U39: Erreur : Encoder 7381
U40: Erreur : Autophasing 3385
T41: Slewing | U41: ok.Done
Q43: 0.29166667
A44: MERCREDI | B44: =SUM(B30+1) -> 46092 | C44: 217805C001 RA192454 | G44: 0.32638889 | H44: 0.5 | I44: 0.5625 | J44: 0.73680556 | M44: =(F44-E44)+(L44-K44) -> 0 | N44: =(H44-G44) -> 0.17361111 | O44: =(J44-I44) -> 0.17430556 | P44: =SUM(M44:O54) -> 0.34791667 | R44: 217805C001 | S44: (5h00)
S45: FLUXEL
S46: Se concentrer sur le variateur Slewing | V46: In progress…
T47: Paramètre TEN vide…
T48: Rentrer tous les paramètres à la main suivant feuille excel Pascal | X48: In progress…
R49: RA192454 | S49: (2h00)
S50: TORTUE
S51: Répondre à l'email de Luc | U51: ok.Done
Q54: 0.29166667
A55: JEUDI | B55: =SUM(B44+1) -> 46093 | C55: 217805C001 | G55: 0.36666667 | H55: 0.52083333 | I55: 0.54166667 | J55: 0.70902778 | M55: =(F55-E55)+(L55-K55) -> 0 | N55: =(H55-G55) -> 0.15416667 | O55: =(J55-I55) -> 0.16736111 | P55: =SUM(M55:O68) -> 0.32152778 | R55: 217805C001 | S55: (7h00)
S56: FLUXEL
S57: Se concentrer sur le variateur Slewing | W57: ok.Done
T58: sans charge mécaniqe | V58: ok.Done
T59: avec charge mécanique | V59: ok.Done
S60: Mise en movement de l'axe Inboard | W60: ok.Done
T61: sans charge mécaniqe | V61: ok.Done
T62: avec charge mécanique | V62: ok.Done
S63: Mise en Mouvement de l'axe Outboard | W63: ok.Done
T64: sans charge mécaniqe | V64: ok.Done
T65: avec charge mécanique | V65: ok.Done
S67: ATTENTION : Câbler tous les blindages pour les câbles codeurs côté VFDs
Q68: 0.29166667
A69: VENDREDI | B69: =SUM(B55+1) -> 46094 | C69: 219867C001 217805C001 RA192454 | G69: 0.33194444 | H69: 0.52083333 | I69: 0.54166667 | J69: 0.65902778 | M69: =(F69-E69)+(L69-K69) -> 0 | N69: =(H69-G69) -> 0.18888889 | O69: =(J69-I69) -> 0.11736111 | P69: =SUM(M69:O80) -> 0.30625 | R69: 219867001 | S69: (4h30)
S70: MARSA
S71: Edition du document ci-dessous:
T72: CPMS param | U72: LS_CPSC21986701 | W72: ok.Done
R73: 217805C001 | S73: (1h30)
S74: FLUXEL
S75: Meeting sur action à venir | V75: ok.Done
R76: RA192454 | S76: (1h00)
S77: TORTUE /SAIPEM
S78: Modifier le plan ci-dessous:
T79: HPU | U79: 2413619245401 | W79: ok.Done
Q80: 0.29166667
A81: SAMEDI | B81: =SUM(B69+1) -> 46095 | M81: =(F81-E81)+(L81-K81) -> 0 | N81: =(H81-G81)+(J81-I81) -> 0 | O81: =(H81-G81)+(J81-I81) -> 0 | P81: =SUM(M81:O82) -> 0
A82: DIMANCHE | B82: =SUM(B81+1) -> 46096
J84: TOTAL TRAVAILLE | M84: =SUM(M9+M30+M44+M55+M69+M81+M82) -> 0 | N84: =SUM(N9+N30+N44+N55+N69+N81+N82) -> 0.86666667 | O84: =SUM(O9+O30+O44+O55+O69+O81+O82) -> 0.76319444 | P84: =SUM(P9+P30+P44+P55+P69+P81+P82) -> 1.6298611
J85: POTENTIEL SEMAINE | N85: =SUM(Q9:Q82) -> 1.4583333
J86: TOTAL SEMAINE HS | N86: =SUM(P84-N85) -> 0.17152778
J87: TOTAL PRECEDENT HS | N87: ='SEM10'!N115 -> 2.3659722
J88: NOUVEAU TOTAL HS | N88: =N86+N87 -> 2.5375

Sheet SEM12
A4: Nom: | B4: BELIN brice
A5: semaine 12 | B5: du | C5: =SUM('SEM11'!B82+1) -> 46097 | D5: au | E5: =SUM(B101) -> 46103
E6: Route | F6: aller | G6: Client ou usine | I6: Client ou usine | K6: Route retour | M6: TOTAL | Q6: potentiel jour
A7: Jour | B7: Date | C7: Nom client ou usine | E7: Heure départ | F7: Heure arrivée | G7: Heure arrivée | H7: Heure départ | I7: Heure arrivée | J7: Heure départ | K7: Heure départ | L7: Heure arrivée | M7: Heure route | N7: Heure client | O7: Heure usine | P7: Général
A9: LUNDI | B9: =SUM(C5) -> 46097 | C9: Team Projects 219254C001 Point Mens. 221402C001 219867C001 217805C001 | G9: 0.36041667 | H9: 0.52083333 | I9: 0.54166667 | J9: 0.74583333 | M9: =(F9-E9)+(L9-K9) -> 0 | N9: =(H9-G9) -> 0.16041667 | O9: =(J9-I9) -> 0.20416667 | P9: =SUM(M9:O37) -> 0.36458333 | R9: Team Project | S9: (1h30)
S10: Meeting sur les docs à sortir cette semaine | V10: ok.Done
R11: 219254C001 | S11: (0h30)
S12: PADAH LNHG
S13: Meeting avec SR | V13: ok.Done
R14: Point Mensuel | S14: (0h30)
S15: Points CS | V15: PaS EU LIEU
R16: 221402C001 | S16: (1h00)
S17: MADINA
S18: Majdu document ci-dessous:
T19: LS_PSE | U19: LS_PSEC22140201 | V19: ok.Done
T20: Joindre les documents:
U21: CSA | V21: ok.Done
U22: Interco | V22: A EDITER
U23: DH | V23: PAS SUR ARAS
R24: 219867C001 | S24: (0h30)
S25: MARSA
S26: Mettre la dernière version de WinCC projet sur lien ALSYMEX | W26: ok.Done
R27: 2162540C001 | S27: (1h30)
S28: MOTOR OIL
S29: Edition du plan ci-dessous:
T30: interco SOUTH | U30: 24EIDC216240012 | V30: ok.Done | W30: EN ATTENTE VALIDATION HLA / JCP
T31: interco NORTH | U31: 24EIDC216240011 | V31: In progress…
R32: 217805C001 | S32: (2h00)
S33: FLUXEL
S34: Tet du Bp Arret Urgence | V34: ok.Done
S35: Vérification du bon fonctionnement du DataLoging | V35: ok.Done
T36: Pas de variables défini dans la sauvegarde du logiciel VFDs
Q37: 0.29166667
A38: MARDI | B38: =SUM(B9+1) -> 46098 | C38: 216240C001 219867C001 ITS 219254C001 | G38: 0.34027778 | H38: 0.52083333 | I38: 0.55208333 | J38: 0.72916667 | M38: =(F38-E38)+(L38-K38) -> 0 | N38: =(H38-G38) -> 0.18055556 | O38: =(J38-I38) -> 0.17708333 | P38: =SUM(M38:O57) -> 0.35763889 | R38: 216240C001 | S38: (3h30)
S39: MOTOR OIL
S40: Edition du plan ci-dessous:
T41: interco SOUTH | U41: 24EIDC216240012 | V41: ok.Done | W41: ECN nr: | X41: 1028433 | Y41: EN ATTENTE VALIDATION HLA / JCP
T42: interco NORTH | U42: 24EIDC216240011 | V42: ok.Done | W42: ECN nr: | X42: 1028433 | Y42: EN ATTENTE VALIDATION HLA / JCP
R43: 219867C001 | S43: (1h00)
S44: MARSA
S45: Vérification des commentaires client pour plan 24CSAC21986701 | W45: ok.Done
S46: Faire email à Christelle | W46: ok.Done
R47: ITS | S47: (0h30)
S48: Remplir la feuille d'heures | V48: ok.Done
R49: 219254C001 | S49: (1h00)
S50: PADAH LNG
S51: Maj du document ci-dessous:
T52: CND | U52: 24CNDC21925401 | V52: ok.Done
R53: 217805C001 | S53: (1h00)
S54: FLUXEL
S55: Ajout des photos pour le bp Arret Mouvement | V55: In progress…
S56: Ajout du problème de la gestion des verrines dans la feuille de suivi YT | W56: ok.Done
Q57: 0.29166667
A58: MERCREDI | B58: =SUM(B38+1) -> 46099 | C58: 221402C001 217805C001 | G58: 0.33194444 | H58: 0.5 | I58: 0.5625 | J58: 0.73333333 | M58: =(F58-E58)+(L58-K58) -> 0 | N58: =(H58-G58) -> 0.16805556 | O58: =(J58-I58) -> 0.17083333 | P58: =SUM(M58:O68) -> 0.33888889 | R58: 221402C001 | S58: (1h00)
S59: MADINA
S60: Sauvegarder les documents ci-dessous:
T61: LS_PSEC | U61: LS_PSEC22140201 | V61: ok.Done | X61: A répondre
T62: Archi. | U62: 24CSAC22140201 | V62: ok.Done | X62: A comparer avec notre Archi CS Rev0 & maj si besoin
R64: 217805C001 | S64: (6h00)
S65: FLUXEL
S66: Essai pour le R&D | V66: In progress…
Q68: 0.29166667
A69: JEUDI | B69: =SUM(B58+1) -> 46100 | C69: 221402C001 217805C001 221299C001 | G69: 0.325 | H69: 0.52083333 | I69: 0.54166667 | J69: 0.73958333 | M69: =(F69-E69)+(L69-K69) -> 0 | N69: =(H69-G69) -> 0.19583333 | O69: =(J69-I69) -> 0.19791667 | P69: =SUM(M69:O88) -> 0.39375 | R69: 217805C001 | S69: (4h00)
S70: FLUXEL
S71: Essai pour le R&D | V71: ok.Done
T72: Refaire les fichiers aller-retour pour les 3 mouvements Inboard /Outbard/Slewing
S73: Faire email à Robert pour questions sur STO | V73: ok.Done
R74: 216240C001 | S74: (1h00)
S75: MOTOR OIL
S76: Envoyer les plans ci-dessous au Doc Ctrl:
T77: interco SOUTH | U77: 24EIDC216240012 | V77: ok.Done | W77: ECN nr: | X77: 1028433 | Y77: EN ATTENTE VALIDATION DOC CTRL
T78: interco NORTH | U78: 24EIDC216240011 | V78: ok.Done | W78: ECN nr: | X78: 1028433 | Y78: EN ATTENTE VALIDATION DOC CTRL
R79: 221402C001 | S79: (1h00)
S80: MADINA
S81: Répondre aux question du document ci-dessous:
T82: LS_PSEC | U82: LS_PSEC22140201 | V82: In progress… | W82: EN ATTENTE RETOUR SR
R83: 221299C001 | S83: (1h00)
S84: PETRONET
S85: Mettre le document ci-dessous sur ARAS:
T86: CLD | U86: 2403009143402 | V86: ok.Done | W86: ECN nr: | X86: 1028129 | Y86: EN ATTENTE VALIDATION DOC CTRL
T87: PLC Listing | U87: LS_PLCC22129901 | V87: ok.Done | W87: ECN nr: | X87: 1028523 | Y87: EN ATTENTE VALIDATION JCP
Q88: 0.29166667
A89: VENDREDI | B89: =SUM(B69+1) -> 46101 | C89: 221402C001 219254C001 | G89: 0.36527778 | H89: 0.52083333 | I89: 0.55208333 | J89: 0.65972222 | M89: =(F89-E89)+(L89-K89) -> 0 | N89: =(H89-G89) -> 0.15555556 | O89: =(J89-I89) -> 0.10763889 | P89: =SUM(M89:O99) -> 0.26319444 | R89: 221402C001 | S89: (1h00)
S90: MADINA
S91: Répondre aux question du document ci-dessous:
T92: LS_PSEC | U92: LS_PSEC22140201 | V92: In progress… | W92: EN ATTENTE RETOUR SR
U93: envoyer la spec à ALSYMEX
R94: 219254C001 | S94: (6h00)
S95: PADAH
S96: Maj du document ci-dessous:
T97: H&E on dock | U97: 24125C21925401 | V97: ok.Done | W97: ECN nr: | X97: 1028587 | Y97: EN ATTENTE VALIDATION DOC CTRL
U98: voir les commentaires client avec CRS
Q99: 0.29166667
A100: SAMEDI | B100: =SUM(B89+1) -> 46102 | M100: =(F100-E100)+(L100-K100) -> 0 | N100: =(H100-G100)+(J100-I100) -> 0 | O100: =(H100-G100)+(J100-I100) -> 0 | P100: =SUM(M100:O101) -> 0
A101: DIMANCHE | B101: =SUM(B100+1) -> 46103
J103: TOTAL TRAVAILLE | M103: =SUM(M9+M38+M58+M69+M89+M100+M101) -> 0 | N103: =SUM(N9+N38+N58+N69+N89+N100+N101) -> 0.86041667 | O103: =SUM(O9+O38+O58+O69+O89+O100+O101) -> 0.85763889 | P103: =SUM(P9+P38+P58+P69+P89+P100+P101) -> 1.7180556
J104: POTENTIEL SEMAINE | N104: =SUM(Q9:Q101) -> 1.4583333
J105: TOTAL SEMAINE HS | N105: =SUM(P103-N104) -> 0.25972222
J106: TOTAL PRECEDENT HS | N106: ='SEM11'!N88 -> 2.5375
J107: NOUVEAU TOTAL HS | N107: =N105+N106 -> 2.7972222

Sheet SEM13
A4: Nom: | B4: BELIN brice
A5: semaine 13 | B5: du | C5: =SUM('SEM12'!B101+1) -> 46104 | D5: au | E5: =SUM(B99) -> 46110
E6: Route | F6: aller | G6: Client ou usine | I6: Client ou usine | K6: Route retour | M6: TOTAL | Q6: potentiel jour
A7: Jour | B7: Date | C7: Nom client ou usine | E7: Heure départ | F7: Heure arrivée | G7: Heure arrivée | H7: Heure départ | I7: Heure arrivée | J7: Heure départ | K7: Heure départ | L7: Heure arrivée | M7: Heure route | N7: Heure client | O7: Heure usine | P7: Général
A9: LUNDI | B9: =SUM(C5) -> 46104 | C9: 219254C001 221523C001 220594C001 219867C001 Team projects Elearning RA172190 | G9: 0.34305556 | H9: 0.52083333 | I9: 0.55208333 | J9: 0.75 | M9: =(F38-E38)+(L38-K38) -> 0 | N9: =(H9-G9) -> 0.17777778 | O9: =(J9-I9) -> 0.19791667 | P9: =SUM(M9:O38) -> 0.37569444 | R9: 219254C001 | S9: (3h00)
S10: PADAH
S11: Maj du document ci-dessous:
T12: H&E on dock | U12: 24125C21925401 | V12: ok.Done | W12: ECN nr: | X12: 1028584 | Y12: EN ATTENTE VALIDATION DOC CTRL (Christelle)
U13: voir les commentaires client avec CRS
R14: 221523C001 | S14: (1h00)
R15: RA192454 | S15: TORTUE
S16: Répondre à l'email de Mr Guillet | V16: ok.Done
S17: Mettre le plan ci-dessous sur ARAS
T18: HPU | U18: 2413619245401 | V18: ok.Done | W18: ECN nr: | X18: 1028380 | Y18: EN ATTENTE VALIDATION DOC CTRL (Delphine)
U19: ajouter PDG client
U20: ajouter numéro de projet dans cartouche plan ACE | X20: ok.Done
R21: 220594C001 | S21: (1h00)
S22: GOLAR
T23: ECD | U23: 2403015199801 | V23: ok.Done | W23: ECN nr: | X23: 1027025 | Y23: EN ATTENTE VALIDATION DOC CTRL (Christelle)
T24: LCP | U24: 2413415199801 | V24: ok.Done | W24: ECN nr: | X24: 1027025 | Y24: EN ATTENTE VALIDATION DOC CTRL (Christelle)
T25: PLC Cab. | U25: 2413415199802 | V25: ok.Done | W25: ECN nr: | X25: 1027025 | Y25: EN ATTENTE VALIDATION DOC CTRL (Christelle)
R26: 219867C001 | S26: (0h30)
S27: MARSA
S28: Conf call pour câble capteur TURCK
T29: Modifier le DBI 248991100435 | V29: ok.Done
R30: Team Project | S30: (1h00)
S31: Meeting avec la Team sur les projects | V31: ok.Done
R32: Elearning
S33: Training TEN U Signaux d'alamre de l'inginerie sociale | V33: ok.Done
R34: RA172190 | S34: (1h00)
S35: HOEGH
S36: Mettre à jour le docment ci-dessous:
T37: E&H | U37: 2412517219001 | V37: In progress…
Q38: 0.29166667
A39: MARDI | B39: =SUM(B9+1) -> 46105 | C39: RA172190 221402C001 219867C001 | G39: 0.3375 | H39: 0.52083333 | I39: 0.55208333 | J39: 0.69791667 | M39: =(F62-E62)+(L62-K62) -> 0 | N39: =(H39-G39) -> 0.18333333 | O39: =(J39-I39) -> 0.14583333 | P39: =SUM(M39:O62) -> 0.32916667 | R39: RA172190 | S39: (1h30)
S40: HOEGH
S41: Mettre à jour le document ci-dessous:
T42: E&H | U42: 2412517219001 | V42: ok.Done | W42: ECN nr: | X42: 1028609 | Y42: EN ATTENTE VALIDATION DOC CTRL (Delphine)
R43: 221402C001 | S43: (1h30)
S44: MADINA
S45: Edition du document ci-dessous:
T46: FAT Elec | U46: LS_EFPC221402C001 | V46: In progress…
S47: Vérification du document ci-dessous:
T48: Interco | U48: 24EIDC22140201 | V48: In progress… | W48: Reprise par Halmi
R49: 219867C001 | S49: (1h30)
S50: MARSA
S51: Vérification des paramètres CPMS+:
T52: CPMS | U52: LS_CPSC21986701 | V52: ok.Done | W52: ECN nr: | X52: 1028610 | Y52: EN ATTENTE VALIDATION BBE - Rev0
V53: ok.Done | W53: ECN nr: | X53: 1028612 | Y53: EN ATTENTE VALIDATION BBE - Rev1
S54: Chercher valeur PFD Low demand pour tête de station ET200SP | W54: ref: | X54: 6ES7155-6AU01-0CN0 | Z54: In progress…
R55: 220594C001 | S55: (1h30)
S56: GOLAR
T57: LCP | U57: 2413415199801 | V57: ok.Done | W57: ECN nr: | X57: 1027025 | Y57: EN ATTENTE VALIDATION DOC CTRL (Christelle)
U58: ajoutez numéro de doc client sur chaque page du doc ECD
Q62: 0.29166667
A63: MERCREDI | B63: =SUM(B39+1) -> 46106 | C63: Objectifs CS 220594C001 221402C001 | G63: 0.33263889 | H63: 0.52083333 | I63: 0.55208333 | J63: 0.7625 | M63: =(F74-E74)+(L74-K74) -> 0 | N63: =(H63-G63) -> 0.18819444 | O63: =(J63-I63) -> 0.21041667 | P63: =SUM(M63:O74) -> 0.39861111 | R63: Objectifs CS | S63: (1h00)
S64: Remplir les objectifs sur People Connect | V64: ok.Done
R65: 220594C001 | S65: (3h00)
S66: GOLAR
T67: LCP | U67: 2413415199801 | V67: ok.Done | W67: ECN nr: | X67: 1027025 | Y67: EN ATTENTE VALIDATION DOC CTRL (Christelle)
U68: ajoutez le numéro de doc client sur chaque page de ECD
R69: 221402C001 | S69: (3h00)
S70: MADINA
S71: Edition du document ci-dessous:
T72: Interco | U72: 24EIDC22140201 | V72: In progress…
U73: Vérifier ce qu'a fait HALMI + continuer plan
Q74: 0.29166667
A75: JEUDI | B75: =SUM(B63+1) -> 46107 | C75: 221402C001 217805C001 | G75: 0.32569444 | H75: 0.5 | I75: 0.55208333 | J75: 0.72916667 | M75: =(F84-E84)+(L84-K84) -> 0 | N75: =(H75-G75) -> 0.17430556 | O75: =(J75-I75) -> 0.17708333 | P75: =SUM(M75:O84) -> 0.35138889 | R75: 221402C001 | S75: (5h00)
S76: MADINA
S77: Edition du document ci-dessous:
T78: Interco | U78: 24EIDC22140201 | V78: ok.Done | W78: ECN nr: | X78: 1028697 | Y78: EN ATTENTE VALIDATION DOC CTRL (Delphine)
U79: Vérifier ce qu'a fait HALMI + continuer plan
R80: 217805C001 | S80: (1h00)
S81: FLUXEL
S82: Dépannage YT | V82: ok.Done
S83: Erreur liée à un problème de sonde PTC du moteur & bornier couteau | W83: ok.Done
Q84: 0.29166667
A85: VENDREDI | B85: =SUM(B75+1) -> 46108 | C85: 219867C001 221402C001 | G85: 0.33541667 | H85: 0.52083333 | I85: 0.55208333 | J85: 0.68055556 | M85: =(F97-E97)+(L97-K97) -> 0 | N85: =(H85-G85) -> 0.18541667 | O85: =(J85-I85) -> 0.12847222 | P85: =SUM(M85:O97) -> 0.31388889 | R85: 219867C001 | S85: (0h00)
S86: MARSA
S87: Vérifiez le doc ci-dessous:
T88: SIL | U88: LS_SIL21986701 | V88: In progress…
R89: 221402C001 | S89: (7h00)
S90: MADINA
S91: Edition du doc ci-dessous:
T92: FAT elec | U92: LS_EFPC221402C001 | V92: In progress…
S93: Maj du plan ci-dessous:
T94: CSA | U94: 24CSAC22140201 | V94: ok.Done | W94: ECN nr: | X94: 1028689 | Y94: EN ATTENTE VALIDATION DOC CTRL (Delphine)
T95: remplir la CRS
Q97: 0.29166667
A98: SAMEDI | B98: =SUM(B85+1) -> 46109 | M98: =(F98-E98)+(L98-K98)+(F99-E99)+(L99-K99) -> 0 | N98: =(H98-G98)+(J98-I98)+(H99-G99)+(J99-I99) -> 0 | O98: =(H98-G98)+(J98-I98) -> 0 | P98: =SUM(M98:O99) -> 0
A99: DIMANCHE | B99: =SUM(B98+1) -> 46110
J101: TOTAL TRAVAILLE | M101: =SUM(M9+M39+M63+M75+M85+M98+M99) -> 0 | N101: =SUM(N9+N39+N63+N75+N85+N98+N99) -> 0.90902778 | O101: =SUM(O9+O39+O63+O75+O85+O98+O99) -> 0.85972222 | P101: =SUM(P9+P39+P63+P75+P85+P98+P99) -> 1.76875
J102: POTENTIEL SEMAINE | N102: =SUM(Q9:Q99) -> 1.4583333
J103: TOTAL SEMAINE HS | N103: =SUM(P101-N102) -> 0.31041667
J104: TOTAL PRECEDENT HS | N104: ='SEM12'!N107 -> 2.7972222
J105: NOUVEAU TOTAL HS | N105: =N103+N104 -> 3.1076389

Sheet 1 TRIMESTRE
A1: BELIN Brice | B1: RECAPITULATIF 1ER TRIMESTRE 2020 | E1: 43928
A4: MOIS | B4: SEMAINE | C4: CLIENT / USINE | D4: NBRE HEURES
A6: JANVIER | B6: 1 | C6: usine | D6: ='SEM1'!N54 -> 0.06875
B7: 2 | C7: usine | D7: ='SEM2'!N116 -> 0.31597222
B8: 3 | C8: usine | D8: ='SEM3'!N97 -> 0.22361111
B9: 4 | C9: usine | D9: ='SEM4'!N136 -> 0.21944444
A10: FEVRIER | B10: 5 | C10: usine | D10: ='SEM5'!N106 -> 0.3125
B11: 6 | C11: usine | D11: ='SEM6'!N113 -> 0.29166667
B12: 7 | C12: usine | D12: ='SEM7'!N83 -> 0.35625
B13: 8 | C13: usine | D13: ='SEM8'!N50 -> 0.05
A14: MARS | B14: 9 | C14: usine | D14: ='SEM9'!N127 -> 0.25694444
B15: 10 | C15: usine | D15: ='SEM10'!N113 -> 0.27083333
B16: 11 | C16: usine | D16: ='SEM11'!N86 -> 0.17152778
B17: 12 | C17: usine | D17: ='SEM12'!N105 -> 0.25972222
B18: 13 | C18: usine | D18: ='SEM13'!N103 -> 0.31041667
C26: TOTAL | D26: =SUM(D6:D24) -> 3.1076389

Sheet SEM14 
A4: Nom: | B4: BELIN brice
A5: semaine 14 | B5: du | C5: =SUM('SEM13'!B99+1) -> 46111 | D5: au | E5: =SUM(B101) -> 46117
E6: Route | F6: aller | G6: Client ou usine | I6: Client ou usine | K6: Route retour | M6: TOTAL | Q6: potentiel jour
A7: Jour | B7: Date | C7: Nom client ou usine | E7: Heure départ | F7: Heure arrivée | G7: Heure arrivée | H7: Heure départ | I7: Heure arrivée | J7: Heure départ | K7: Heure départ | L7: Heure arrivée | M7: Heure route | N7: Heure client | O7: Heure usine | P7: Général
A9: LUNDI | B9: =SUM(C5) -> 46111 | C9: 221402C001 220594C001 214523C001 Ids radio RC212649 | G9: 0.35138889 | H9: 0.52083333 | I9: 0.56944444 | J9: 0.74305556 | M9: =(F32-E32)+(L32-K32) -> 0 | N9: =(H9-G9) -> 0.16944444 | O9: =(J9-I9) -> 0.17361111 | P9: =SUM(M9:O32) -> 0.34305556 | R9: 221402C001 | S9: (2h00)
S10: MADINA
T11: Interco | U11: 24EIDC22140201 | V11: ok.Done | W11: ECN nr: | X11: 1028697 | Y11: EN ATTENTE VALIDATION DOC CTRL (Delphine)
T12: Maj de la longueur du câble Pendant : 50m
T13: CSA | U13: 24CSAC22140201 | V13: ok.Done | W13: ECN nr: | X13: 1028689 | Y13: EN ATTENTE VALIDATION DOC CTRL (Delphine)
T14: Maj suivant commentaires Delphine
R15: 220594C001 | S15: (1h00)
S16: GOLAR HILI
T17: Envoyer ECN à ACE | V17: ok.Done | W17: ECN nr: | X17: 1028710
R18: 214523C001 | S18: (0h30)
S19: EXXON TAICHANG
S20: Conf call avec Manu / Pollier / Antoine | V20: ok.Done
S21: Discussion d'une tempo de 24h pour rafraichir la position du chariot - Dmde client de la réduire à 6h ou toutes les 20 connexcions
R22: IDs radio | S22: (2h00)
S23: Maj de la BDD CAVOTEC
S24: Rajouter les Ids ci-dessous:
T25: RC172225 | U25: ID 18725 / 12213 | W25: PETRONET DAHEJ | Y25: Jetée NORTH | AA25: ok.Done
T26: RC192444 | U26: ID 19528 / Freq. 434,225 Mhz | AA26: ok.Done
T27: RC192479 | U27: ID 19770 + spare ID 18682 | W27: ESSAR/NAYARA | Y27: Radio mixte | AA27: ok.Done
T28: RA091389 | U28: ID 11845 | AA28: ok.Done
R29: RC212649 | S29: (0h30)
S30: ENAGAS
S31: Envoyez ECN pour ALSYMEX | U31: ok.Done | V31: ECN nr: | W31: 1028722
Q32: 0.29166667
A33: MARDI | B33: =SUM(B9+1) -> 46112 | C33: 219867C001 221402C001 | G33: 0.33263889 | H33: 0.52083333 | I33: 0.54166667 | J33: 0.7625 | M33: =(F46-E46)+(L46-K46) -> 0 | N33: =(H33-G33) -> 0.18819444 | O33: =(J33-I33) -> 0.22083333 | P33: =SUM(M33:O46) -> 0.40902778 | R33: 219867C001 | S33: (2h00)
S34: MARSA
S35: Regarder le calcul SIL pour ESD2 | V35: In progress…
T36: Refaire les calculs en parallèle - tableau de la trame pas fiable
S37: Envoyez ECN pour ALSYMEX (HMI) | U37: ok.Done | V37: ECN nr: | W37: 1028741
S38: Regarder le commentaires de JCp sur Bjs | V38: In progress…
R39: 221402C001 | S39: (5h00)
S40: MADINA
S41: Vérifiez le plan document ci-dessous:
T42: IOL | U42: LS_IOLC22140201 | V42: In progress…
S43: Editer le doc ci-dessous:
T44: FAT Elec | U44: LS_EFPC22140201 | V44: In progress…
Q46: 0.29166667
A47: MERCREDI | B47: =SUM(B33+1) -> 46113 | C47: 220594C001 221402C001 | G47: 0.37291667 | H47: 0.52083333 | I47: 0.5625 | J47: 0.79305556 | M47: =(F57-E57)+(L57-K57) -> 0 | N47: =(H47-G47) -> 0.14791667 | O47: =(J47-I47) -> 0.23055556 | P47: =SUM(M47:O57) -> 0.37847222 | R47: 220594C001 | S47: (1h00)
S48: GOLAR HILI
S49: Appelez David L pour les BJs à passer en commande | V49: ok.Done
T50: en attente retour Ayoub pour les bjs
R51: 221402C001 | S51: (6h00)
S52: MADINA
S53: Vérifiez le plan document ci-dessous:
T54: IOL | U54: LS_IOLC22140201 | V54: In progress…
S55: Editer le doc ci-dessous:
T56: FAT Elec | U56: LS_EFPC22140201 | V56: ok.Done | W56: EN ATTENTE RETOUR HLA / JCP / FPR
Q57: 0.29166667
A58: JEUDI | B58: =SUM(B47+1) -> 46114 | C58: 221402C001 219867C001 | G58: 0.32847222 | H58: 0.52083333 | I58: 0.54166667 | J58: 0.625 | M58: =(F58-E58)+(L58-K58) -> 0 | N58: =(H58-G58) -> 0.19236111 | O58: =(J58-I58) -> 0.083333333 | P58: =SUM(M58:O70) -> 0.27569444 | R58: 221402C001 | S58: (7h00)
S59: MADINA
S60: Vérifiez le plan document ci-dessous:
T61: IOL | U61: LS_IOLC22140201 | V61: In progress…
S62: Editer le doc ci-dessous:
T63: FAT Elec | U63: LS_EFPC22140201 | V63: ok.Done | W63: EN ATTENTE RETOUR HLA / JCP / FPR
T64: supprimer les HPU N2 accu1 & 2 - Pas de PSL
R65: 219867C001 | S65: (0h00)
S66: MARSA
S67: Regarder le calcul SIL pour ESD2 | V67: In progress…
T68: Refaire les calculs en parallèle - tableau de la trame pas fiable
Q70: 0.29166667
A71: VENDREDI | B71: =SUM(B58+1) -> 46115 | C71: 219254C001 221402C001 RC212649 RA172190 216956C001 | G71: 0.35486111 | H71: 0.5 | I71: 0.54166667 | J71: 0.66666667 | M71: =(F99-E99)+(L99-K99) -> 0 | N71: =(H71-G71) -> 0.14513889 | O71: =(J71-I71) -> 0.125 | P71: =SUM(M71:O99) -> 0.27013889 | R71: 219254C001 | S71: (1h00)
S72: PADAH
S73: Meeting sur revue doc | V73: In progress…
R74: 221402C001 | S74: (6h00)
S75: MADINA
S76: Vérifiez le plan document ci-dessous:
T77: IOL | U77: LS_IOLC22140201 | V77: In progress…
S78: Editer le doc ci-dessous:
T79: FAT Elec | U79: LS_EFPC22140201 | V79: ok.Done | W79: ECN nr: | X79: 1028803 | Y79: EN ATTENTE VALIDATION DOC CTRL (Delphine)
T80: supprimer les HPU N2 accu1 & 2 - Pas de PSL
R81: 219867C001 | S81: (0h00)
S82: MARSA
S83: Regarder le calcul SIL pour ESD2 | V83: In progress…
T84: Refaire les calculs en parallèle - tableau de la trame pas fiable
R85: RC212649 | S85: (1h00)
S86: ENAGAS -CARTAGENA
S87: Mettre les plans ci-dessous sur ARAS: | V87: ok.Done
T88: LCP | U88: 24134212649012 | V88: Rev5 | W88: ECN nr: | X88: 1028802 | Y88: EN ATTENTE VALIDATION DOC CTRL (Christelle)
T89: CLD | U89: 24030212649022 | V89: Rev5 | W89: ECN nr: | X89: 1028802 | Y89: EN ATTENTE VALIDATION DOC CTRL (Christelle)
T90: PLC listing | U90: 24PLC212649012 | V90: Rev2 | W90: ECN nr: | X90: 1028802 | Y90: EN ATTENTE VALIDATION DOC CTRL (Christelle)
R91: RA172190 | S91: (1h00)
S92: HOEGH | V92: ok.Done
S93: Passer le plan ci-dessous en FINAL:
T94: E&H on dock | U94: 2412517219001 | V94: Rev5 | W94: ECN nr: | X94: 1028809 | Y94: EN ATTENTE VALIDATION DOC CTRL (Delphine)
R95: 216956C001 | S95: (1h00)
S96: LYONDELL
S97: Passer le plan ci-dessous en FINAL: | V97: ok.Done
T98: LCP | U98: 2413412174001 | V98: Rev8 | W98: ECN nr: | X98: 1028810 | Y98: EN ATTENTE VALIDATION DOC CTRL (Delphine)
Q99: 0.29166667
A100: SAMEDI | B100: =SUM(B71+1) -> 46116 | M100: =(F100-E100)+(L100-K100)+(F101-E101)+(L101-K101) -> 0 | N100: =(H100-G100)+(J100-I100)+(H101-G101)+(J101-I101) -> 0 | O100: =(H101-G101)+(J101-I101) -> 0 | P100: =SUM(M100:O101) -> 0
A101: DIMANCHE | B101: =SUM(B100+1) -> 46117
J103: TOTAL TRAVAILLE | M103: =SUM(M9+M33+M47+M58+M71+M100+M101) -> 0 | N103: =SUM(N9+N33+N47+N58+N71+N100+N101) -> 0.84305556 | O103: =SUM(O9+O33+O47+O58+O71+O100+O101) -> 0.83333333 | P103: =SUM(P9+P33+P47+P58+P71+P100+P101) -> 1.6763889
J104: POTENTIEL SEMAINE | N104: =SUM(Q9:Q101) -> 1.4583333
J105: TOTAL SEMAINE HS | N105: =SUM(P103-N104) -> 0.21805556
J106: TOTAL PRECEDENT HS | N106: 0
J107: NOUVEAU TOTAL HS | N107: =N105+N106 -> 0.21805556

Sheet SEM15
A4: Nom: | B4: BELIN brice
A5: semaine 15 | B5: du | C5: =SUM('SEM14 '!B101+1) -> 46118 | D5: au | E5: =SUM(B71) -> 46124
E6: Route | F6: aller | G6: Client ou usine | I6: Client ou usine | K6: Route retour | M6: TOTAL | Q6: potentiel jour
A7: Jour | B7: Date | C7: Nom client ou usine | E7: Heure départ | F7: Heure arrivée | G7: Heure arrivée | H7: Heure départ | I7: Heure arrivée | J7: Heure départ | K7: Heure départ | L7: Heure arrivée | M7: Heure route | N7: Heure client | O7: Heure usine | P7: Général
A9: LUNDI | B9: =SUM(C5) -> 46118 | C9: FERIE | G9: 0 | H9: 0 | I9: 0 | J9: 0 | M9: =(F12-E12)+(L12-K12) -> 0 | N9: =(H9-G9) -> 0 | O9: =(J9-I9) -> 0 | P9: =SUM(M9:O12) -> 0
Q12: 0
A13: MARDI | B13: =SUM(B9+1) -> 46119 | C13: 219867C001 221402C001 220594C001 | G13: 0.34166667 | H13: 0.52083333 | I13: 0.5625 | J13: 0.73125 | M13: =(F13-E13)+(L13-K13) -> 0 | N13: =(H13-G13) -> 0.17916667 | O13: =(J13-I13) -> 0.16875 | P13: =SUM(M13:O31) -> 0.34791667 | R13: 219867C001 | S13: (3h00)
S14: MARSA
S15: Editer les DBIs pour les étiquettes des BJs pour tous les bras:
T16: bras nr1 | U16: 2489915C21986701 | V16: ok.Done
T17: bras nr2 | U17: 2489915C21986702 | V17: ok.Done
T18: bras nr3 | U18: 2489915C21986703 | V18: ok.Done
S19: Ajouter les DBIs ans les DBIs méca ci-dessous:
T20: bras nr1 | U20: 24013C21986701 | V20: In progress…
T21: bras nr2 | U21: 24013C21986702 | V21: In progress…
T22: bras nr3 | U22: 24013C21986703 | V22: In progress…
R23: 221402C001 | S23: (3h00)
S24: MADINA
S25: Vérifiez le plan document ci-dessous:
T26: IOL | U26: LS_IOLC22140201 | V26: ok.Done
R27: 220594C001 | S27: (1h00)
S28: GOLAR HILLI
S29: Maj du plan ci-dessous:
T30: SVA | U30: 2413315199801 | V30: ok.Done | W30: ECN nr: | X30: 1028710 | Y30: EN ATTENTE VALIDATION DOC CTRL (Christelle)
Q31: 0.29166667
A32: MERCREDI | B32: =SUM(B13+1) -> 46120 | C32: 219867C001 221402C001 220594C001 | G32: 0.30763889 | H32: 0.52083333 | I32: 0.5625 | J32: 0.7375 | M32: =(F32-E32)+(L32-K32) -> 0 | N32: =(H32-G32) -> 0.21319444 | O32: =(J32-I32) -> 0.175 | P32: =SUM(M32:O48) -> 0.38819444 | R32: 219867C001 | S32: (2h00)
S33: MARSA
S34: Editer les DBIs pour les étiquettes des BJs pour tous les bras:
T35: bras nr1 | U35: 2489915C21986701 | V35: ok.Done | W35: ECN nr: | X35: 1028859 | Y35: EN ATTENTE VALIDATION BE CS (JR)
T36: bras nr2 | U36: 2489915C21986702 | V36: ok.Done
T37: bras nr3 | U37: 2489915C21986703 | V37: ok.Done
S38: Ajouter les DBIs ans les DBIs méca ci-dessous:
T39: bras nr1 | U39: 24013C21986701 | V39: ok.Done | W39: ECN nr: | X39: 1028857 | Y39: EN ATTENTE VALIDATION BE CS (FPR)
T40: bras nr2 | U40: 24013C21986702 | V40: ok.Done
T41: bras nr3 | U41: 24013C21986703 | V41: ok.Done
R42: 221402C001 | S42: (5h00)
S43: MADINA
S44: Maj du document ci-dessous:
T45: Interco | U45: 24EIDC22140201 | V45: In progress…
S46: Edition du document ci-dessous:
T47: CND | U47: LS_CNDC22140201 | V47: In progress…
Q48: 0.29166667
A49: JEUDI | B49: =SUM(B32+1) -> 46121 | C49: 221402C001 219867c001 | G49: 0.36458333 | H49: 0.51388889 | I49: 0.56944444 | J49: 0.71180556 | M49: =(F61-E61)+(L61-K61) -> 0 | N49: =(H49-G49) -> 0.14930556 | O49: =(J49-I49) -> 0.14236111 | P49: =SUM(M49:O61) -> 0.29166667 | R49: 221402C001 | S49: (6h00)
S50: MADINA
S51: Maj du document ci-dessous:
T52: Interco | U52: 24EIDC22140201 | V52: In progress…
S53: Edition du document ci-dessous:
T54: CND | U54: LS_CNDC22140201 | V54: In progress…
R56: 219867C001 | S56: (1h00)
S57: MARSA
S58: Investigation affichage "Correlation" sur la Supervision lors d'une dérive de bras | X58: ok.Done
S59: Affichage du défaut "Correlation Fault"
Q61: 0.29166667
A62: VENDREDI | B62: =SUM(B49+1) -> 46122 | C62: 221402C001 | G62: 0.34652778 | H62: 0.52083333 | I62: 0.54166667 | J62: 0.64791667 | M62: =(F69-E69)+(L69-K69) -> 0 | N62: =(H62-G62) -> 0.17430556 | O62: =(J62-I62) -> 0.10625 | P62: =SUM(M62:O69) -> 0.28055556 | R62: 221402C001 | S62: (7h00)
S63: MADINA
S64: Maj du document ci-dessous:
T65: Interco | U65: 24EIDC22140201 | V65: In progress…
S66: Edition du document ci-dessous:
T67: CND | U67: LS_CNDC22140201 | V67: In progress…
S68: Meeting avec ALSYMEX | V68: In progress…
Q69: 0.29166667
A70: SAMEDI | B70: =SUM(B62+1) -> 46123 | M70: =(F70-E70)+(L70-K70) -> 0 | N70: =(H70-G70)+(J70-I70) -> 0 | O70: =(H71-G71)+(J71-I71) -> 0 | P70: =SUM(M70:O71) -> 0
A71: DIMANCHE | B71: =SUM(B70+1) -> 46124
J73: TOTAL TRAVAILLE | M73: =SUM(M9+M13+M32+M49+M62+M70+M71) -> 0 | N73: =SUM(N9+N13+N32+N49+N62+N70+N71) -> 0.71597222 | O73: =SUM(O9+O13+O32+O49+O62+O70+O71) -> 0.59236111 | P73: =SUM(P9:P71) -> 1.3083333
J74: POTENTIEL SEMAINE | N74: =SUM(Q9:Q71) -> 1.1666667
J75: TOTAL SEMAINE HS | N75: =SUM(P73-N74) -> 0.14166667
J76: TOTAL PRECEDENT HS | N76: ='SEM14 '!N107 -> 0.21805556
J77: NOUVEAU TOTAL HS | N77: =N75+N76 -> 0.35972222

Sheet SEM16
A4: Nom: | B4: BELIN brice
A5: semaine 16 | B5: du | C5: =SUM('SEM15'!B71+1) -> 46125 | D5: au | E5: =SUM(B25) -> 46131
E6: Route | F6: aller | G6: Client ou usine | I6: Client ou usine | K6: Route retour | M6: TOTAL | Q6: potentiel jour
A7: Jour | B7: Date | C7: Nom client ou usine | E7: Heure départ | F7: Heure arrivée | G7: Heure arrivée | H7: Heure départ | I7: Heure arrivée | J7: Heure départ | K7: Heure départ | L7: Heure arrivée | M7: Heure route | N7: Heure client | O7: Heure usine | P7: Général
A9: LUNDI | B9: =SUM(C5) -> 46125 | C9: RTT | G9: 0 | H9: 0 | I9: 0 | J9: 0 | M9: =(F9-E9)+(L9-K9) -> 0 | N9: =(H9-G9) -> 0 | O9: =(J9-I9) -> 0 | P9: =SUM(M9:O11) -> 0
Q11: 0
A12: MARDI | B12: =SUM(B9+1) -> 46126 | C12: RTT | G12: 0 | H12: 0 | I12: 0 | J12: 0 | M12: =(F14-E14)+(L14-K14) -> 0 | N12: =(H12-G12) -> 0 | O12: =(J12-I12) -> 0 | P12: =SUM(M12:O14) -> 0
Q14: 0
A15: MERCREDI | B15: =SUM(B12+1) -> 46127 | C15: RTT | G15: 0 | H15: 0 | I15: 0 | J15: 0 | M15: =(F15-E15)+(L15-K15) -> 0 | N15: =(H15-G15) -> 0 | O15: =(J15-I15) -> 0 | P15: =SUM(M15:O17) -> 0
Q17: 0
A18: JEUDI | B18: =SUM(B15+1) -> 46128 | C18: RTT | G18: 0 | H18: 0 | I18: 0 | J18: 0 | M18: =(F20-E20)+(L20-K20) -> 0 | N18: =(H18-G18) -> 0 | O18: =(J18-I18) -> 0 | P18: =SUM(M18:O20) -> 0
Q20: 0
A21: VENDREDI | B21: =SUM(B18+1) -> 46129 | C21: RTT | G21: 0 | H21: 0 | I21: 0 | J21: 0 | M21: =(F23-E23)+(L23-K23) -> 0 | N21: =(H21-G21) -> 0 | O21: =(J21-I21) -> 0 | P21: =SUM(M21:O23) -> 0
Q23: 0
A24: SAMEDI | B24: =SUM(B21+1) -> 46130 | M24: =(F24-E24)+(L24-K24) -> 0 | N24: =(G24-F24)+(M24-L24) -> 0 | O24: =(H25-G25)+(J25-I25) -> 0 | P24: =(I25-H25)+(K25-J25) -> 0
A25: DIMANCHE | B25: =SUM(B24+1) -> 46131
J27: TOTAL TRAVAILLE | M27: =SUM(M9+M12+M15+M18+M21+M24+M25) -> 0 | N27: =SUM(N9+N12+N15+N18+N21+N24+N25) -> 0 | O27: =SUM(O9+O12+O15+O18+O21+O24+O25) -> 0 | P27: =SUM(P9+P12+P15+P18+P21+P24+P25) -> 0
J28: POTENTIEL SEMAINE | N28: =SUM(Q9:Q25) -> 0
J29: TOTAL SEMAINE HS | N29: =SUM(P27-N28) -> 0
J30: TOTAL PRECEDENT HS | N30: ='SEM15'!N77 -> 0.35972222
J31: NOUVEAU TOTAL HS | N31: =N29+N30 -> 0.35972222

Sheet SEM17
A4: Nom: | B4: BELIN brice
A5: semaine 17 | B5: du | C5: =SUM('SEM16'!B25+1) -> 46132 | D5: au | E5: =SUM(B99) -> 46138
E6: Route | F6: aller | G6: Client ou usine | I6: Client ou usine | K6: Route retour | M6: TOTAL | Q6: potentiel jour
A7: Jour | B7: Date | C7: Nom client ou usine | E7: Heure départ | F7: Heure arrivée | G7: Heure arrivée | H7: Heure départ | I7: Heure arrivée | J7: Heure départ | K7: Heure départ | L7: Heure arrivée | M7: Heure route | N7: Heure client | O7: Heure usine | P7: Général
A9: LUNDI | B9: =SUM(C5) -> 46132 | C9: Team Meeting 219867C001 214936C001 219254C001 | G9: 0.34375 | H9: 0.52083333 | I9: 0.54166667 | J9: 0.70694444 | M9: =(F27-E27)+(L27-K27) -> 0 | N9: =(H9-G9) -> 0.17708333 | O9: =(J9-I9) -> 0.16527778 | P9: =SUM(M9:O27) -> 0.34236111 | R9: Team Meeting | S9: (1h30)
S10: Réunion Team Meeting | U10: ok.Done
R11: 219867C001 | S11: (3h30)
S12: MARSA
S13: Maj du plan ci-dessous:
T14: CSA | U14: 24CSAC21986701 | V14: ok.Done | W14: ECN nr: | X14: 1029043 | Y14: EN ATTENTE VALIDATION DOC CTRL (Christelle)
S15: Edition du plan:
T16: CSA_02 | U16: 24CSAC21986702 | V16: In progress…
U17: voir projet 220881 AKSO NL 2
R18: 214936C001 | S18: (1h00)
S19: WISON
S20: Envoyez un emailk à ALSYMEX pour avoir des captures écran de l'HMI | X20: ok.Done
T21: les mêmes que sur le document LS_HMIC21493601
R22: 219254C001 | S22: (1h00)
S23: PADAH
S24: Maj du plan ci-dessous:
T25: HCD | U25: 24HCDC21925401 | V25: In progress… | W25: ECN nr: | X25: 1029046
U26: remplir la CRS…
Q27: 0.29166667
A28: MARDI | B28: =SUM(B9+1) -> 46133 | C28: 219254C001 221402C001 220198C001 219867C001 | G28: 0.33958333 | H28: 0.48611111 | I28: 0.54166667 | J28: 0.75347222 | M28: =(F49-E49)+(L49-K49) -> 0 | N28: =(H28-G28) -> 0.14652778 | O28: =(J28-I28) -> 0.21180556 | P28: =SUM(M28:O49) -> 0.35833333 | R28: 219254C001 | S28: (5h00)
S29: PADAH
S30: Maj du plan ci-dessous:
T31: HCD | U31: 24HCDC21925401 | V31: ok.Done | W31: ECN nr: | X31: 1029046 | Y31: EN ATTENTE VALIDATION DOC CTRL (Christelle)
U32: remplir la CRS…
T33: E&H on Dock | U33: 24125C2192401 | V33: ok.Done | W33: ECN nr: | X33: 1029067 | Y33: EN ATTENTE VALIDATION DOC CTRL (Christelle)
U34: remplir la CRS…
T35: CND | U35: LS_CNDC21925401 | V35: ok.Done
R36: 221402C001 | S36: (1h00)
S37: MADINA
S38: Mettre à jour le DBI PLC Cabinet
T39: DBI | U39: 24134C22140202 | V39: ok.Done | W39: ECN nr: | X39: 1029084 | Y39: EN ATTENTE VALIDATION BE CS (FPR)
R40: 220198C001 | S40: (0h30)
S41: SHELL PRELUDE
T42: HMI | U42: LCP | V42: Voir avec JCP pour sauvegarde - Rien sur notre Serveur PLC
U43: Control Room
R44: 219867C001 | S44: (1h00)
S45: MARSA
S46: Edition du plan:
T47: CSA_02 | U47: 24CSAC21986702 | V47: In progress…
U48: voir projet 220881 AKSO NL 2
Q49: 0.29166667
A50: MERCREDI | B50: =SUM(B28+1) -> 46134 | C50: 219867C001 ITS 221402C001 | G50: 0.32361111 | H50: 0.52083333 | I50: 0.5625 | J50: 0.75 | M50: =(F62-E62)+(L62-K62) -> 0 | N50: =(H50-G50) -> 0.19722222 | O50: =(J50-I50) -> 0.1875 | P50: =SUM(M50:O62) -> 0.38472222 | R50: 219867C001 | S50: (5h00)
S51: MARSA
S52: Edition du plan:
T53: CSA_02 | U53: 24CSAC21986702 | V53: ok.Done | W53: EN ATTENTE VALIDATION JCP, HLA & Camille
U54: voir projet 220881 AKSO NL 2
R55: Heures CS | S55: (1h00)
S56: ITS
S57: Remplir la feuille d'heures par projets | V57: ok.Done
R58: 221402C001 | S58: (1h00)
S59: MADINA
S60: Edition du document ci-dessous:
T61: CND | U61: LS_CNDC22140201 | V61: In progress…
Q62: 0.29166667
A63: JEUDI | B63: =SUM(B50+1) -> 46135 | C63: 221402C001 Point CS 219867C001 220198C001 | G63: 0.35625 | H63: 0.52083333 | I63: 0.5625 | J63: 0.73611111 | M63: =(F81-E81)+(L81-K81) -> 0 | N63: =(H63-G63) -> 0.16458333 | O63: =(J63-I63) -> 0.17361111 | P63: =SUM(M63:O81) -> 0.33819444 | R63: 221402C001 | S63: (5h30)
S64: MADINA
S65: Edition du document ci-dessous:
T66: CND | U66: LS_CNDC22140201 | V66: In progress…
R67: Point Mensuel | S67: (0h30)
S68: Trinome CS
S69: Meeting avec FPR pour le travail avec groupe trinome | W69: ok.Done
R70: 219867C001 | S70: (0h30)
S71: MARSA
S72: Voir les références de capteurs envoyé par TURCK | W72: In progress…
S73: Creation du PN ci-dessous:
T74: Inductive Sensor M30 with increased temperature range | X74: DBI: | Y74: 248991100438 | Z74: ok.Done | AA74: EN ATTENTE RETOUR TURCK SUR REFERENCE LG 12M
U75: geometry | V75: 248991100438 | W75: ok.Done
R76: 220198C001 | S76: (0h30)
S77: PRELUDE
S78: Envoyer les commentaires de la logique à ALSYMEX | W78: ok.Done | X78: GERE PAR JCP
T79: CLD | U79: 3303012168502
Q81: 0.29166667
A82: VENDREDI | B82: =SUM(B63+1) -> 46136 | C82: 221402C001 219867C001 | G82: 0.35625 | H82: 0.52083333 | I82: 0.5625 | J82: 0.66527778 | M82: =(F97-E97)+(L97-K97) -> 0 | N82: =(H82-G82) -> 0.16458333 | O82: =(J82-I82) -> 0.10277778 | P82: =SUM(M82:O97) -> 0.26736111 | R82: 221402C001 | S82: (5h30)
S83: MADINA
S84: Edition du document ci-dessous:
T85: CND | U85: LS_CNDC22140201 | V85: In progress…
R86: 219867C001 | S86: (7h00)
S87: MARSA
S88: Maj du plan ci-dessous:
T89: Cyber | U89: 24CSAC219867012 | V89: ok.Done
S90: Appelez TURCK BANNER pour avoir les équivalences des capteurs ci-dessous en noyable:
T91: Détecteur inductif cylindrique M18 / noyable / câble moulé Lg 2m / détection 10mm au mini / avec plage de température étendue | AC91: réf actuelle: | AD91: NI10-P18-Y1/S100 | AG91: équivalence: | AH91: BI5-P18-Y1/S100
T92: Qtés: | U92: 4 (pour 1 bras) | AD92: ne convient pas | AH92: 248991100439
T94: Détecteur inductif cylindrique M30 / noyable / câble moulé Lg 15m / détection 10mm au mini | AC94: réf actuelle: | AD94: NI15-P30-YX | AG94: équivalence: | AH94: BI10-P30-Y1X/12M ?
T95: Qtés: | U95: 6 (pour 1 bras) | AD95: ne convient pas | AH95: 248991100438
Q97: 0.29166667
A98: SAMEDI | B98: =SUM(B82+1) -> 46137 | M98: =(F99-E99)+(H99-G99) -> 0 | N98: =(G99-F99)+(I99-H99) -> 0 | O98: =(H99-G99)+(J99-I99) -> 0 | P98: =(I99-H99)+(K99-J99) -> 0
A99: DIMANCHE | B99: =SUM(B98+1) -> 46138
J101: TOTAL TRAVAILLE | M101: =SUM(M9+M28+M50+M63+M82+M98+M99) -> 0 | N101: =SUM(N9+N28+N50+N63+N82+N98+N99) -> 0.85 | O101: =SUM(O9+O28+O50+O63+O82+O98+O99) -> 0.84097222 | P101: =SUM(P9+P28+P50+P63+P82+P98+P99) -> 1.6909722
J102: POTENTIEL SEMAINE | N102: =SUM(Q9:Q99) -> 1.4583333
J103: TOTAL SEMAINE HS | N103: =SUM(P101-N102) -> 0.23263889
J104: TOTAL PRECEDENT HS | N104: ='SEM16'!N31 -> 0.35972222
J105: NOUVEAU TOTAL HS | N105: =N103+N104 -> 0.59236111

Sheet SEM18
A4: Nom: | B4: BELIN brice
A5: semaine 18 | B5: du | C5: =SUM('SEM17'!B99+1) -> 46139 | D5: au | E5: =SUM(B62) -> 46145
E6: Route | F6: aller | G6: Client ou usine | I6: Client ou usine | K6: Route retour | M6: TOTAL | Q6: potentiel jour
A7: Jour | B7: Date | C7: Nom client ou usine | E7: Heure départ | F7: Heure arrivée | G7: Heure arrivée | H7: Heure départ | I7: Heure arrivée | J7: Heure départ | K7: Heure départ | L7: Heure arrivée | M7: Heure route | N7: Heure client | O7: Heure usine | P7: Général
A9: LUNDI | B9: =SUM(C5) -> 46139 | C9: 219867C001 Supervision Param VFDs | G9: 0.35138889 | H9: 0.52083333 | I9: 0.54166667 | J9: 0.70486111 | M9: =(F32-E32)+(L32-K32) -> 0 | N9: =(H9-G9) -> 0.16944444 | O9: =(J9-I9) -> 0.16319444 | P9: =SUM(M9:O32) -> 0.33263889 | R9: 219867C001 | S9: (5h30)
S10: MARSA
S12: Envoyer le plan ci-dessous au Doc Control:
S13: Cyber | T13: 24CSAC219867012 | U13: ok.Done | V13: ECN nr: | W13: 1029158 | X13: EN ATTENTE signature JCP & HLA | AA13: EN ATTENTE validation DOC CTRL
S15: Codifier les détcteurs ci-dessous:
S16: Détecteur inductif cylindrique M18 / noyable / câble moulé Lg 2m / détection 10mm au mini / avec plage de température étendue | AC16: réf actuelle: | AD16: NI10-P18-Y1/S100 | AG16: équivalence: | AH16: BI5-P18-Y1/S100 | AK16: ok.Done | AL16: ECN nr: | AM16: 1029161 | AN16: EN ATTENTE validation HLA
S17: Qtés: | T17: 4 (pour 1 bras) | AD17: ne convient pas | AH17: 248991100439
AH18: Géom - 248991100439 | AL18: ECN nr: | AM18: 1029160 | AN18: EN ATTENTE validation BBE
S19: Détecteur inductif cylindrique M30 / noyable / câble moulé Lg 15m / détection 10mm au mini | AC19: réf actuelle: | AD19: NI15-P30-YX | AG19: équivalence: | AH19: BI10-P30-Y1X/12M ? | AK19: ok.Done | AL19: ECN nr: | AM19: 1029161 | AN19: EN ATTENTE validation HLA
S20: Qtés: | T20: 6 (pour 1 bras) | AD20: ne convient pas | AH20: 248991100438
S21: Inversion de l'interlock dans le SVA | W21: ok.Done | X21: Fait par l"équipe YT | AH21: Géom - 248991100438 | AL21: ECN nr: | AM21: 1029160 | AN21: EN ATTENTE validation BBE
S22: Inversion des mouvements pour le slewing sur le CPMS+ | W22: ok.Done | X22: EN ATTENTE correction de AF
S24: IDS | T24: LS_IDSC21986701
T25: Maj du document suite retour commentaires client, | X25: In progress…
R26: Supervision | S26: (1h30)
S27: Supervision Fronted Live Review
S28: Meeting BE CS avec présentation du Camille | W28: ok.Done
R29: VFDs | S29: (1h00)
S30: Review Paramètres VFDs
S31: Meeting avec Anthony sur les paramètres VFDs a considéré par le PLC pour le projet AKKER | Y31: ok.Done
Q32: 0.29166667
A33: MARDI | B33: =SUM(B9+1) -> 46140 | C33: 219867C001 | G33: 0.34375 | H33: 0.52083333 | I33: 0.54166667 | J33: 0.75 | M33: =(F42-E42)+(L42-K42) -> 0 | N33: =(H33-G33) -> 0.17708333 | O33: =(J33-I33) -> 0.20833333 | P33: =SUM(M33:O42) -> 0.38541667 | R33: 219867C001 | S33: (7h00)
S34: MARSA
S35: IDS | T35: LS_IDSC21986701
T36: Maj du document suite retour commentaires client | X36: In progress…
S37: Meeting Charly / FPR pour proximiy switche ST80 & alarmes | W37: ok.Done
S38: Maj du DBI ci-dessous:
T39: 248991100438 | W39: ok.Done | X39: ECN nr: | Y39: 1029205 | Z39: EN ATTENTE VALIDATION BE CS (HLA)
T40: modifier M30x1,5
Q42: 0.29166667
A43: MERCREDI | B43: =SUM(B33+1) -> 46141 | C43: 219867C001 | G43: 0.31388889 | H43: 0.52083333 | I43: 0.5625 | J43: 0.73402778 | M43: =(F49-E49)+(L49-K49) -> 0 | N43: =(H43-G43) -> 0.20694444 | O43: =(J43-I43) -> 0.17152778 | P43: =SUM(M43:O49) -> 0.37847222 | R43: 219867C001 | S43: (7h00)
S44: MARSA
S45: IDS | T45: LS_IDSC21986701 | W45: ok.Done | X45: ECN nr: | Y45: 1029238 | Z45: EN ATTENTE SIGNATURES FPR & HLA | AD45: EN ATTENTE validation DOC CTRL
T46: Maj du document suite retour commentaires client
S47: Maj du plan ci-dessous:
S48: E&H on Arm | T48: 24EOAC21986701 | W48: In progress…
Q49: 0.29166667
A50: JEUDI | B50: =SUM(B43+1) -> 46142 | C50: 219867C001 | G50: 0.37013889 | H50: 0.52083333 | I50: 0.5625 | J50: 0.69791667 | M50: =(F57-E57)+(L57-K57) -> 0 | N50: =(H50-G50) -> 0.15069444 | O50: =(J50-I50) -> 0.13541667 | P50: =SUM(M50:O57) -> 0.28611111 | R50: 219867C001 | S50: (7h00)
S51: MARSA
S52: E&H on Arm | T52: 24EOAC21986701 | W52: ok.Done | X52: ECN nr: | Y52: 1029253 | Z52: EN ATTENTE VALIDATION BE CS (JCP)
S53: MARSA - YT
S54: Allez tester les 2 fonctions demandées par TOTAL:
S55: 1_-_ Interlock sur l'ouverture du coupleur lorsque le PERC est armé - Donc pas possible d'ouvrir le coupleur si PERC ARMED
S56: 2_-_ Test du Perc Collar Engaged sans le Perc Axis sinon le voyant s'éteint
Q57: 0.29166667
A58: VENDREDI | B58: =SUM(B50+1) -> 46143 | C58: FERIE | G58: 0 | H58: 0 | I58: 0 | J58: 0 | M58: =(F60-E60)+(L60-K60) -> 0 | N58: =(H58-G58) -> 0 | O58: =(J58-I58) -> 0 | P58: =SUM(M58:O60) -> 0
Q60: 0
A61: SAMEDI | B61: =SUM(B58+1) -> 46144 | M61: =(F62-E62)+(H62-G62) -> 0 | N61: =(G62-F62)+(I62-H62) -> 0 | O61: =(H62-G62)+(J62-I62) -> 0 | P61: =(I62-H62)+(K62-J62) -> 0
A62: DIMANCHE | B62: =SUM(B61+1) -> 46145
J64: TOTAL TRAVAILLE | M64: =SUM(M9+M33+M43+M50+M58+M61+M62) -> 0 | N64: =SUM(N9+N33+N43+N50+N58+N61+N62) -> 0.70416667 | O64: =SUM(O9+O33+O43+O50+O58+O61+O62) -> 0.67847222 | P64: =SUM(P9+P33+P43+P50+P58+P61+P62) -> 1.3826389
J65: POTENTIEL SEMAINE | N65: =SUM(Q9:Q62) -> 1.1666667
J66: TOTAL SEMAINE HS | N66: =SUM(P64-N65) -> 0.21597222
J67: TOTAL PRECEDENT HS | N67: ='SEM17'!N105 -> 0.59236111
J68: NOUVEAU TOTAL HS | N68: =N66+N67 -> 0.80833333

Sheet SEM19
A4: Nom: | B4: BELIN brice
A5: semaine 19 | B5: du | C5: =SUM('SEM18'!B62+1) -> 46146 | D5: au | E5: =SUM(B78) -> 46152
E6: Route | F6: aller | G6: Client ou usine | I6: Client ou usine | K6: Route retour | M6: TOTAL | Q6: potentiel jour
A7: Jour | B7: Date | C7: Nom client ou usine | E7: Heure départ | F7: Heure arrivée | G7: Heure arrivée | H7: Heure départ | I7: Heure arrivée | J7: Heure départ | K7: Heure départ | L7: Heure arrivée | M7: Heure route | N7: Heure client | O7: Heure usine | P7: Général
A9: LUNDI | B9: =SUM(C5) -> 46146 | C9: 219867C001 219254C001 221402C001 | G9: 0.34097222 | H9: 0.5 | I9: 0.5625 | J9: 0.74236111 | M9: =(F39-E39)+(L39-K39) -> 0 | N9: =(H9-G9) -> 0.15902778 | O9: =(J9-I9) -> 0.17986111 | P9: =SUM(M9:O39) -> 0.33888889 | R9: 219254C001 | S9: (0h30)
S10: PADAH
S11: Meeting avec SR sur état de docs | V11: ok.Done
R12: 219867C001 | S12: (4h00)
S13: MARSA
S14: Voir la NC4366 sur les BJs & les plugs M32 & M25 manquant | W14: ok.Done
T15: BJ CPMS | U15: 24JBDC21986701 | X15: plan conforme à la spec ls_JBS | AA15: Ou sont les 2 plugs M32 & M25 manquants??
U16: spec LS_JBSC21986701
T17: BJ BR 3/3 | U17: 24JBDC21986704 | X17: plan conforme à la spec ls_JBS | AA17: Ou sont les 2 plugs M32 & M25 manquants??
U18: spec LS_JBSC21986704
S19: Editer les DBIs ci-dessous:
T20: Plug M32 | U20: 248990600306 | W20: In progress… | X20: Envoyé email à Charly pour les référencdes et les qtés
T21: Ecrou M32 | U21: 248990700208
T23: Plug M25 | U23: 248990600234 | W23: In progress… | X23: Envoyé email à Charly pour les référencdes et les qtés
T24: Ecrou M25 | U24: 248990700207
S25: Mettre le lan ci-dessous sur ARAS:
T26: IDS | U26: LS_IDSC21986701 | W26: ok.Done | X26: ECN nr: | Y26: 1029238 | Z26: EN ATTENTE validation DOC CTRL (Christelle)
R28: 221402C001 | S28: (2h30)
S29: MADINA
S30: Maj du plan ci-dessous:
T31: CSA | U31: 24CSAC22140201 | W31: In progress… | X31: ECN nr: | Y31: 1029300
T32: mettre à jour suite diffusion de l'architecture par ALSYMEX
T33: CND | U33: LS_CNDC22140201 | W33: ok.Done | X33: ECN nr: | Y33: 1029296 | Z33: EN ATTENTE validation DOC CTRL (Delphine)
T34: finir edition du CND
T35: Reprendre la page de garde client MADINA
Q39: 0.29166667
A40: MARDI | B40: =SUM(B9+1) -> 46147 | C40: 221402C001 219867C001 | G40: 0.325 | H40: 0.52083333 | I40: 0.55208333 | J40: 0.74375 | M40: =(F50-E50)+(L50-K50) -> 0 | N40: =(H40-G40) -> 0.19583333 | O40: =(J40-I40) -> 0.19166667 | P40: =SUM(M40:O50) -> 0.3875 | R40: 221402C001 | S40: (3h00)
S41: MADINA
S42: Maj du plan ci-dessous:
T43: CSA | U43: 24CSAC22140201 | W43: ok.Done | X43: ECN nr: | Y43: 1029300
T44: mettre à jour suite diffusion de l'architecture par ALSYMEX
R45: 219867C001 | S45: (4h00)
S46: MARSA
S47: Vérification du document ci-dessous:
T48: HMI | U48: LS_HMIC21986701 | W48: ok.Done | X48: ECN nr: | Y48: 1029296 | Z48: EN ATTENTE signature HLA & JCP
Q50: 0.29166667
A51: MERCREDI | B51: =SUM(B40+1) -> 46148 | C51: 221402C001 219867C001 219254C001 | G51: 0.34097222 | H51: 0.52083333 | I51: 0.5625 | J51: 0.78402778 | M51: =(F65-E65)+(L65-K65) -> 0 | N51: =(H51-G51) -> 0.17986111 | O51: =(J51-I51) -> 0.22152778 | P51: =SUM(M51:O65) -> 0.40138889 | R51: 221402C001 | S51: (5h00)
S52: MADINA
S53: Maj du plan ci-dessous:
T54: EID | U54: 24EIDC22140201 | W54: In progress… | X54: ECN nr: | Y54: 1029343
T55: mettre à jour suite diffusion de l'architecture par ALSYMEX
R56: 219867C001 | S56: (1h00)
S57: MARSA
S58: Vérification du document ci-dessous:
T59: HMI | U59: LS_HMIC21986701 | W59: ok.Done | X59: ECN nr: | Y59: 1028741 | Z59: EN ATTENTE signature HLA & JCP | AC59: EN ATTENTE validation DOC CTRL (Christelle)
T60: joindre la CRS
R61: 219254C001 | S61: (1h00)
S62: PADAH
S63: Meeting avec SR / client pour clarification sur interco | W63: ok.Done
S64: Edition de la CRS sur l'interco | W64: ok.Done
Q65: 0.29166667
A66: JEUDI | B66: =SUM(B51+1) -> 46149 | C66: 221402C001 219867C001 | G66: 0.36805556 | H66: 0.52083333 | I66: 0.54166667 | J66: 0.72916667 | M66: =(F73-E73)+(L73-K73) -> 0 | N66: =(H66-G66) -> 0.15277778 | O66: =(J66-I66) -> 0.1875 | P66: =SUM(M66:O73) -> 0.34027778 | R66: 221402C001 | S66: (7h00)
S67: MADINA
S68: Maj du plan ci-dessous:
T69: EID | U69: 24EIDC22140201 | W69: ok.Done | X69: ECN nr: | Y69: 1029343 | Z69: EN ATTENTE MEETING ALSYMEX
T70: mettre à jour suite diffusion de l'architecture par ALSYMEX
T71: LS_EFP | U71: LS_EFPC22140201 | W71: In progress… | X71: ECN nr: | Y71: 1029386
T72: mettre à jour suite commentaires client
Q73: 0.29166667
A74: VENDREDI | B74: =SUM(B66+1) -> 46150 | C74: FERIE | G74: 0 | H74: 0 | I74: 0 | J74: 0 | M74: =(F76-E76)+(L76-K76) -> 0 | N74: =(H74-G74) -> 0 | O74: =(J74-I74) -> 0 | P74: =SUM(M74:O76) -> 0
Q76: 0
A77: SAMEDI | B77: =SUM(B74+1) -> 46151 | M77: =(F77-E77)+(L77-K77) -> 0 | N77: =(H77-G77)+(J77-I77) -> 0 | O77: =(H77-G77)+(J77-I77) -> 0 | P77: =SUM(M77:O78) -> 0
A78: DIMANCHE | B78: =SUM(B77+1) -> 46152
J80: TOTAL TRAVAILLE | M80: =SUM(M9+M40+M51+M66+M74+M77+M78) -> 0 | N80: =SUM(N9+N40+N51+N66+N74+N77+N78) -> 0.6875 | O80: =SUM(O9+O40+O51+O66+O74+O77+O78) -> 0.78055556 | P80: =SUM(P9+P40+P51+P66+P74+P77+P78) -> 1.4680556
J81: POTENTIEL SEMAINE | N81: =SUM(Q9:Q78) -> 1.1666667
J82: TOTAL SEMAINE HS | N82: =SUM(P80-N81) -> 0.30138889
J83: TOTAL PRECEDENT HS | N83: ='SEM18'!N68 -> 0.80833333
J84: NOUVEAU TOTAL HS | N84: =N82+N83 -> 1.1097222

Sheet SEM20
A4: Nom: | B4: BELIN brice
A5: semaine 20 | B5: du | C5: =SUM('SEM19'!B78+1) -> 46153 | D5: au | E5: =SUM(B69) -> 46159
E6: Route | F6: aller | G6: Client ou usine | I6: Client ou usine | K6: Route retour | M6: TOTAL | Q6: potentiel jour
A7: Jour | B7: Date | C7: Nom client ou usine | E7: Heure départ | F7: Heure arrivée | G7: Heure arrivée | H7: Heure départ | I7: Heure arrivée | J7: Heure départ | K7: Heure départ | L7: Heure arrivée | M7: Heure route | N7: Heure client | O7: Heure usine | P7: Général
A9: LUNDI | B9: =SUM(C5) -> 46153 | C9: 219254C001 221402C001 Meeting BE CS | E9: 0 | F9: 0 | G9: 0.34652778 | H9: 0.52083333 | I9: 0.54166667 | J9: 0.72152778 | M9: =(F9-E9)+(L9-K9) -> 0 | N9: =(H9-G9) -> 0.17430556 | O9: =(J9-I9) -> 0.17986111 | P9: =SUM(M9:O28) -> 0.35416667 | R9: 219254C001 | S9: (5h00)
S10: PADAH
S11: Maj du plan ci-dessous:
T12: PID | U12: 24PIDC21925401 | W12: ok.Done | X12: ECN nr: | Y12: 1029416 | Z12: EN ATTENTE VALIDATION DOC CTRL (Christelle)
T13: Répondre à la CRS du client
T14: SDE | W14: ok.Done | X14: EN ATTENTE RETOUR PM
T15: Envoyer les commentaires à ALSYMEX
R16: 221402C001 | S16: (2h00)
S17: MADINA
S18: Meeting avec ALSYMEX sur les plans CSA & EID | W18: In progress…
S19: Mettre le plan ci-dessous sur ARAS:
T20: IOL | U20: LS_IOLC22140201 | W20: ok.Done | X20: ECN nr: | Y20: 1029390 | Z20: EN ATTENTE MEETING ALSYMEX
T21: EID | U21: 24EIDC22140201 | W21: ok.Done | X21: ECN nr: | Y21: 1029343 | Z21: EN ATTENTE MEETING ALSYMEX
T22: CSA | U22: 24CSAC22140201 | W22: ok.Done | X22: ECN nr: | Y22: 1029300 | Z22: EN ATTENTE MEETING ALSYMEX
S23: Maj du plan ci-dessous:
T24: LS_EFP | U24: LS_EFPC22140201 | W24: In progress… | X24: ECN nr: | Y24: 1029386
T25: mettre à jour suite commentaires client
R26: Point projets | S26: (1h30)
S27: Meeting Trinome BE CS sur les projets | W27: ok.Done
Q28: 0.29166667
A29: MARDI | B29: =SUM(B9+1) -> 46154 | C29: 221402C001 219254C001 | E29: 0 | F29: 0 | G29: 0.34444444 | H29: 0.52083333 | I29: 0.5625 | J29: 0.74722222 | N29: =(H29-G29) -> 0.17638889 | O29: =(J29-I29) -> 0.18472222 | P29: =SUM(M29:O43) -> 0.36111111 | R29: 221402C001 | S29: (3h00)
S30: MADINA
S31: Véifier le document ci-dessous:
T32: IOL | U32: LS_IOLC22140201 | W32: ok.Done | X32: ECN nr: | Y32: 1029390 | Z32: EN ATTENTE VALIDATION DOC CTRL (Delphine)
T33: EID | U33: 24EIDC22140201 | W33: In progress… | X33: ECN nr: | Y33: 1029343
T34: remplir la CRS
T35: CSA | U35: 24CSAC22140201 | W35: ok.Done | X35: ECN nr: | Y35: 1029300 | Z35: EN ATTENTE VALIDATION DOC CTRL (Delphine)
S36: Maj du plan ci-dessous:
T37: LS_EFP | U37: LS_EFPC22140201 | W37: In progress… | X37: ECN nr: | Y37: 1029386
R38: 219254C001 | S38: (4h00)
S39: PADAH
S40: Maj du plan ci-dessous:
T41: PID | U41: 24PIDC21925401 | W41: ok.Done | X41: ECN nr: | Y41: 1029416 | Z41: EN ATTENTE VALIDATION DOC CTRL (Christelle)
T42: Répondre à la CRS du client
Q43: 0.29166667
A44: MERCREDI | B44: =SUM(B29+1) -> 46155 | C44: 221402C001 216240C001 | E44: 0 | F44: 0 | G44: 0.30555556 | H44: 0.52083333 | I44: 0.5625 | J44: 0.71666667 | M44: =(F44-E44)+(L44-K44) -> 0 | N44: =(H44-G44) -> 0.21527778 | O44: =(J44-I44) -> 0.15416667 | P44: =SUM(M44:O52) -> 0.36944444 | R44: 221402C001 | S44: (5h00)
S45: MADINA
T46: EID | U46: 24EIDC22140201 | W46: ok.Done | X46: ECN nr: | Y46: 1029343 | Z46: EN ATTENTE VALIDATION JCP | AC46: EN ATTENTE VALIDATION DOC CTRL (Delphine)
T47: remplir la CRS
R48: 216240C001 | S48: (2h00)
S49: MOTOR OIL
S50: Maj du plan ci-dessous:
T51: E&H on Dock | U51: 24125C21624001 | W51: In progress…
Q52: 0.29166667
A53: JEUDI | B53: =SUM(B44+1) -> 46156 | C53: FERIE | G53: 0 | H53: 0 | I53: 0 | J53: 0 | M53: =(F55-E55)+(L55-K55) -> 0 | N53: =(H53-G53) -> 0 | O53: =(J53-I53) -> 0 | P53: =SUM(M53:O55) -> 0
Q55: 0
A56: VENDREDI | B56: =SUM(B53+1) -> 46157 | C56: 216254C001 214936C001 | E56: 0 | F56: 0 | G56: 0.33541667 | H56: 0.52083333 | I56: 0.55208333 | J56: 0.64583333 | M56: =(F67-E67)+(L67-K67) -> 0 | N56: =(H56-G56) -> 0.18541667 | O56: =(J56-I56) -> 0.09375 | P56: =SUM(M56:O67) -> 0.27916667 | R56: 216240C001 | S56: (3h00)
S57: MOTOR OIL
S58: Maj du plan ci-dessous:
T59: E&H on Dock | U59: 24125C21624001 | W59: In progress…
R60: 214936C001 | S60: (1h00)
S61: Wison
S62: Envoyer ECN à ALSYMEX+ rev du doc HMI attendu | W62: ok.Done | X62: ECN nr: | Y62: 1029480
R63: 221098C001 | S63: (3h00)
S64: COSCO
S65: Edition du CLD | W65: ok.Done | X65: ECN nr: | Y65: 1029487 | Z65: EN ATTENTE VALIDATION HLA
Q67: 0.29166667
A68: SAMEDI | B68: =SUM(B56+1) -> 46158 | M68: =(F68-E68)+(L68-K68) -> 0 | N68: =(H68-G68)+(J68-I68) -> 0 | O68: =(H68-G68)+(J68-I68) -> 0 | P68: =SUM(M68:O69) -> 0
A69: DIMANCHE | B69: =SUM(B68+1) -> 46159
J71: TOTAL TRAVAILLE | M71: =SUM(M9+M29+M44+M53+M56+M68+M69) -> 0 | N71: =SUM(N9+N29+N44+N53+N56+N68+N69) -> 0.75138889 | O71: =SUM(O9+O29+O44+O53+O56+O68+O69) -> 0.6125 | P71: =SUM(P9+P29+P44+P53+P56+P68+P69) -> 1.3638889
J72: POTENTIEL SEMAINE | N72: =SUM(Q9:Q69) -> 1.1666667
J73: TOTAL SEMAINE HS | N73: =SUM(P71-N72) -> 0.19722222
J74: TOTAL PRECEDENT HS | N74: ='SEM19'!N84 -> 1.1097222
J75: NOUVEAU TOTAL HS | N75: =N73+N74 -> 1.3069444

Sheet SEM21
A4: Nom: | B4: BELIN brice
A5: semaine 21 | B5: du | C5: =SUM('SEM20'!B69+1) -> 46160 | D5: au | E5: =SUM(B72) -> 46166
E6: Route | F6: aller | G6: Client ou usine | I6: Client ou usine | K6: Route retour | M6: TOTAL | Q6: potentiel jour
A7: Jour | B7: Date | C7: Nom client ou usine | E7: Heure départ | F7: Heure arrivée | G7: Heure arrivée | H7: Heure départ | I7: Heure arrivée | J7: Heure départ | K7: Heure départ | L7: Heure arrivée | M7: Heure route | N7: Heure client | O7: Heure usine | P7: Général
A9: LUNDI | B9: =SUM(C5) -> 46160 | C9: 216240C001 My CS Team 216956C001 | G9: 0.35555556 | H9: 0.5 | I9: 0.56944444 | J9: 0.72847222 | M9: =(F9-E9)+(L9-K9) -> 0 | N9: =(H9-G9) -> 0.14444444 | O9: =(J9-I9) -> 0.15902778 | P9: =SUM(M9:O35) -> 0.30347222 | R9: 216240C001 | S9: (5h00)
S10: MOTOR OIL
S11: Maj du plan ci-dessous:
T12: E&H on Dock | U12: 24125C21624001 | W12: In progress…
R13: ITS | S13: (0h30)
S14: ITS
S15: Remplir la feuille d'heure | U15: ok.Done
R16: My Team Meeting | S16: (1h00)
S17: My CS Team
S18: Meeting avec JCP / HLA pour suivit des projets avec docs | W18: ok.Done
R19: 216956C001 | S19: (1h00)
S20: LYONDELL
S21: Mettre les plans ci-dessous dans ARAS:
T22: IOL | U22: 24IOL12174001 | V22: ok.Done | W22: ECN nr: | X22: 1027980 | Y22: EN ATTENTE VALIDATION DOC CTRL (Christelle)
U23: joindre la page de garde
T24: ECD | U24: 2403012174001 | V24: ok.Done | W24: ECN nr: | X24: 1027980 | Y24: EN ATTENTE VALIDATION DOC CTRL (Christelle)
T25: CLD | U25: 2403012174002 | V25: ok.Done | W25: ECN nr: | X25: 1027980 | Y25: EN ATTENTE VALIDATION DOC CTRL (Christelle)
T26: Loop Diag. | U26: 2403112174002 | V26: ok.Done | W26: ECN nr: | X26: 1027980 | Y26: EN ATTENTE VALIDATION DOC CTRL (Christelle)
T27: TBWD | U27: 2403112174003 | V27: ok.Done | W27: ECN nr: | X27: 1027980 | Y27: EN ATTENTE VALIDATION DOC CTRL (Christelle)
R28: 221402C001 | S28: (1h00)
S29: MADINA
S30: Envoyer les documents ci-dessous au Doc CTRL:
S31: IOL | T31: LS_IOLC22140201 | V31: ok.Done | W31: ECN nr: | X31: 1029390 | Y31: EN ATTENTE VALIDATION DOC CTRL (Christelle)
V32: ok.Done | W32: ECN nr: | X32: 1029390 | Y32: EN ATTENTE VALIDATION DOC CTRL (Christelle)
S33: CSA | T33: 24CSAC22140201 | V33: ok.Done | W33: ECN nr: | X33: 1029300 | Y33: EN ATTENTE VALIDATION DOC CTRL (Christelle)
S34: Envoyez ECN à ALSYMEX pour maj des plans pour les jetées 4 / 5 /6 | W34: In progress… | X34: ECN nr: | Y34: 1029506
Q35: 0.29166667
A36: MARDI | B36: =SUM(B9+1) -> 46161 | C36: 216240C001 219254C001 221402C001 | G36: 0.34027778 | H36: 0.52083333 | I36: 0.55208333 | J36: 0.74027778 | M36: =(F36-E36)+(L36-K36) -> 0 | N36: =(H36-G36) -> 0.18055556 | O36: =(J36-I36) -> 0.18819444 | P36: =SUM(M36:O49) -> 0.36875 | R36: 216240C001 | S36: (5h00)
S37: MOTOR OIL
S38: Maj du plan ci-dessous:
T39: E&H on Dock | U39: 24125C21624001 | W39: In progress…
U40: Berth B_South_S-2005 | W40: ok.Done
U41: Berth B_North_S-2008 | W41: In progress…
R42: 219254C001 | S42: (1h00)
S43: PADAH
S44: Meeting SR / Christelle | U44: ok.Done
R45: 221402C001 | S45: (1h00)
S46: MADINA
S47: Meeting PM / FPR / ALSYMEX
T48: problème de date pour la remise des plans | W48: ok.Done
Q49: 0.29166667
A50: MERCREDI | B50: =SUM(B36+1) -> 46162 | C50: 216240C001 | G50: 0.28055556 | H50: 0.52083333 | I50: 0.54166667 | J50: 0.58333333 | M50: =(F50-E50)+(L50-K50) -> 0 | N50: =(H50-G50) -> 0.24027778 | O50: =(J50-I50) -> 0.041666667 | P50: =SUM(M50:O56) -> 0.28194444 | R50: 216240C001 | S50: (5h00)
S51: MOTOR OIL
S52: Maj du plan ci-dessous:
T53: E&H on Dock | U53: 24125C216240011 & 12 | W53: In progress…
U54: Berth B_South_S-2005 | W54: ok.Done | X54: 24125C216240012
U55: Berth B_North_S-2008 | W55: In progress… | X55: 24125C216240011
Q56: 0.29166667
A57: JEUDI | B57: =SUM(B50+1) -> 46163 | C57: 221402C001 216240C001 | G57: 0.33541667 | H57: 0.52083333 | I57: 0.5625 | J57: 0.70138889 | M57: =(F57-E57)+(L57-K57) -> 0 | N57: =(H57-G57) -> 0.18541667 | O57: =(J57-I57) -> 0.13888889 | P57: =SUM(M57:O67) -> 0.32430556 | R57: 221402C001 | S57: (3h00)
S58: MADINA
S59: Maj du plan ci-dessous:
T60: EID | U60: 24EIDC22140201 | W60: ok.Done | X60: ECN nr: | Y60: 1029343 | Z60: EN ATTENTE VALIDATION DOC CTRL (Christelle)
R61: 216240C001 | S61: (4h00)
S62: MOTOR OIL
S63: Maj du plan ci-dessous:
T64: E&H on Dock | U64: 24125C216240011 & 12 | W64: In progress…
U65: Berth B_South_S-2005 | W65: ok.Done | X65: 24125C216240012
U66: Berth B_North_S-2008 | W66: In progress… | X66: 24125C216240011
Q67: 0.29166667
A68: VENDREDI | B68: =SUM(B57+1) -> 46164 | C68: RTT | G68: 0 | H68: 0 | I68: 0 | J68: 0 | M68: =(F68-E68)+(L68-K68) -> 0 | N68: =(H68-G68) -> 0 | O68: =(J68-I68) -> 0 | P68: =SUM(M68:O70) -> 0
Q70: 0
A71: SAMEDI | B71: =SUM(B68+1) -> 46165 | M71: =(F71-E71)+(L71-K71) -> 0 | N71: =(H71-G71) -> 0 | O71: =(J71-I71) -> 0 | P71: =SUM(M71:O71) -> 0
A72: DIMANCHE | B72: =SUM(B71+1) -> 46166 | M72: =(F72-E72)+(L72-K72) -> 0 | N72: =(H72-G72) -> 0 | O72: =(J72-I72) -> 0 | P72: =SUM(M72:O72) -> 0
J74: TOTAL TRAVAILLE | M74: =SUM(M9+M36+M50+M57+M68+M71+M72) -> 0 | N74: =SUM(N9+N36+N50+N57+N68+N71+N72) -> 0.75069444 | O74: =SUM(O9+O36+O50+O57+O68+O71+O72) -> 0.52777778 | P74: =SUM(P9+P36+P50+P57+P68+P71+P72) -> 1.2784722
J75: POTENTIEL SEMAINE | N75: =SUM(Q9:Q72) -> 1.1666667
J76: TOTAL SEMAINE HS | N76: =SUM(P74-N75) -> 0.11180556
J77: TOTAL PRECEDENT HS | N77: ='SEM20'!N75 -> 1.3069444
J78: NOUVEAU TOTAL HS | N78: =N76+N77 -> 1.41875

Sheet SEM22
A4: Nom: | B4: BELIN brice
A5: semaine 22 | B5: du | C5: =SUM('SEM21'!B72+1) -> 46167 | D5: au | E5: =SUM(B76) -> 46173
E6: Route | F6: aller | G6: Client ou usine | I6: Client ou usine | K6: Route retour | M6: TOTAL | Q6: potentiel jour
A7: Jour | B7: Date | C7: Nom client ou usine | E7: Heure départ | F7: Heure arrivée | G7: Heure arrivée | H7: Heure départ | I7: Heure arrivée | J7: Heure départ | K7: Heure départ | L7: Heure arrivée | M7: Heure route | N7: Heure client | O7: Heure usine | P7: Général
A9: LUNDI | B9: =SUM(C5) -> 46167 | C9: FERIE | G9: 0 | H9: 0 | I9: 0 | J9: 0 | M9: =(F12-E12)+(L12-K12) -> 0 | N9: =(H9-G9) -> 0 | O9: =(J9-I9) -> 0 | P9: =SUM(M9:O12) -> 0
Q12: 0
A13: MARDI | B13: =SUM(B9+1) -> 46168 | C13: Team CS 216240C001 219867C001 | G13: 0.34305556 | H13: 0.5 | I13: 0.55208333 | J13: 0.70902778 | M13: =(F13-E13)+(L13-K13) -> 0 | N13: =(H13-G13) -> 0.15694444 | O13: =(J13-I13) -> 0.15694444 | P13: =SUM(M13:O22) -> 0.31388889 | R13: Team CS | S13: (1h00)
S14: Meeting avec HLA / JCP | U14: ok.Done
R15: 216240C001 | S15: (6h00)
S16: MOTOR OIL
S17: Maj du plan ci-dessous:
T18: E&H on Dock | U18: 24125C216240011 & 12 | W18: ok.Done
U19: Berth B_South_S-2005 | W19: ok.Done | X19: 24125C216240012 | Z19: ECN nr: | AA19: 1029634
U20: Berth B_North_S-2008 | W20: ok.Done | X20: 24125C216240011 | Z20: ECN nr: | AA20: 1029634
Q22: 0.29166667
A23: MERCREDI | B23: =SUM(B13+1) -> 46169 | C23: RA192454 219867C001 220224C001 | G23: 0.3 | H23: 0.52083333 | I23: 0.5625 | J23: 0.72916667 | M23: =(F23-E23)+(L23-K23) -> 0 | N23: =(H23-G23) -> 0.22083333 | O23: =(J23-I23) -> 0.16666667 | P23: =SUM(M23:O35) -> 0.3875 | R23: RA192454 | S23: (2h00)
S24: Meeting JCP
S25: Calcul des ponts de connection sur bras targeting comme TORTUE | X25: ok.Done
T26: Maj de la formule pour les angles dans le fichiers CSV
R27: 219867C001 | S27: (3h00)
S28: MARSA
S29: Maj du plan ci-dessous:
T30: E&H on Dock | U30: 24125C21986701 | W30: In progress… | X30: ECN nr: | Y30: 1029657
U31: remplir la CRS | W31: ok.Done
R32: 220224C001 | S32: (2h00)
S33: ADNOC
S34: Validation matériels & essais avant expédition | W34: ok.Done | X34: EN ATTENTE REPONSE DE JCP (VOIR FEUILE EXCEL)
Q35: 0.29166667
A36: JEUDI | B36: =SUM(B23+1) -> 46170 | C36: 219867C001 220224C001 216240c001 | G36: 0.34791667 | H36: 0.52083333 | I36: 0.5625 | J36: 0.74444444 | M36: =(F36-E36)+(L36-K36) -> 0 | N36: =(H36-G36) -> 0.17291667 | O36: =(J36-I36) -> 0.18194444 | P36: =SUM(M36:O54) -> 0.35486111 | R36: 219867C001 | S36: (1h00)
S37: MARSA
S38: Maj du plan ci-dessous:
T39: E&H on Dock | U39: 24125C21986701 | W39: ok.Done | X39: ECN nr: | Y39: 1029657 | Z39: EN ATTENTE VALIDATION DOC CTRL (Christelle)
U40: remplir la CRS | W40: ok.Done
R41: 220224C001 | S41: (2h00)
S42: ADNOC
S43: Validation matériels & essais avant expédition | W43: ok.Done | X43: EN ATTENTE REPONSE DE JCP (VOIR FEUILE EXCEL)
S44: Copier les photos sur SharePoint | W44: ok.Done
R45: 216240C001 | S45: (3h00)
S46: MOTOR OIL
S47: Maj du plan ci-dessous:
T48: E&H on Dock | U48: 24125C216240011 & 12 | W48: ok.Done
U49: Berth B_South_S-2005 | W49: ok.Done | X49: 24125C216240012 | Z49: ECN nr: | AA49: 1029634 | AB49: EN ATTENTE VALIDATION DOC CTRL (Christelle)
U50: Berth B_North_S-2008 | W50: ok.Done | X50: 24125C216240011 | Z50: ECN nr: | AA50: 1029634
S51: Mettre les plans sur ARAS | U51: ok.Done
Q54: 0.29166667
A55: VENDREDI | B55: =SUM(B36+1) -> 46171 | C55: 216240C001 RA192454 220435C001 | G55: 0.36597222 | H55: 0.52083333 | I55: 0.5625 | J55: 0.70625 | M55: =(F55-E55)+(L55-K55) -> 0 | N55: =(H55-G55) -> 0.15486111 | O55: =(J55-I55) -> 0.14375 | P55: =SUM(M55:O74) -> 0.29861111 | R55: 216240C001 | S55: (3h00)
S56: MOTOR OIL
S57: Faire email à Vincent pour modif plan élec / CLD / CND / OMM | X57: ok.Done
S58: Faire email à ALSYMEX pour demande de devis | W58: ok.Done
S59: Envoyez au BE Méca (Christelle) la nouvele taille des BJs | W59: ok.Done | X59: EN ATTENTE RETOUR BE MECA (Christelle)
R61: RA192454 | S61: (2h00)
S62: TORTUE
S63: Faire la modif du fichier CSV pour envoyé les valeurs d'angles sans la fin "*.0" | Y63: ok.Done
T64: Arm nr1 | U64: ok.Done
T65: Arm nr2 | U65: ok.Done
T66: Arm nr3 | U66: ok.Done
T67: Arm nr4 | U67: ok.Done
R68: 220435C001 | S68: (2h00)
S69: MOTOR OIL
S70: Mettre les plans sur ARAS
T71: HPU | U71: 2413617219301 | W71: ok.Done | X71: ECN nr: | Y71: 1025454 | Z71: EN ATTENTE VALIDATION DOC CTRL (Delphine)
T72: SVA (2001) | U72: 2413322276401 | W72: ok.Done | X72: ECN nr: | Y72: 1025454
T73: SVA (2002-3-4) | U73: 241339633090 | W73: ok.Done | X73: ECN nr: | Y73: 1025454
Q74: 0.29166667
A75: SAMEDI | B75: =SUM(B55+1) -> 46172 | E75: 0 | F75: 0 | G75: 0 | H75: 0 | I75: 0 | J75: 0 | K75: 0 | L75: 0 | M75: =(F75-E75)+(L75-K75) -> 0 | N75: =(H75-G75) -> 0 | O75: =(J75-I75) -> 0 | P75: =SUM(M75:O76) -> 0
A76: DIMANCHE | B76: =SUM(B75+1) -> 46173 | E76: 0 | F76: 0 | G76: 0 | H76: 0 | I76: 0 | J76: 0 | K76: 0 | L76: 0 | M76: 0 | N76: =(H76-G76) -> 0 | O76: =(J76-I76) -> 0 | P76: =SUM(M76:O77) -> 0
J78: TOTAL TRAVAILLE | M78: =SUM(M9+M13+M23+M36+M55+M75+M76) -> 0 | N78: =SUM(N9+N13+N23+N36+N55+N75+N76) -> 0.70555556 | O78: =SUM(O9+O13+O23+O36+O55+O75+O76) -> 0.64930556 | P78: =SUM(P9+P13+P23+P36+P55+P75+P76) -> 1.3548611
J79: POTENTIEL SEMAINE | N79: =SUM(Q9:Q76) -> 1.1666667
J80: TOTAL SEMAINE HS | N80: =SUM(P78-N79) -> 0.18819444
J81: TOTAL PRECEDENT HS | N81: ='SEM21'!N78 -> 1.41875
J82: NOUVEAU TOTAL HS | N82: =N80+N81 -> 1.6069444

Sheet SEM23
A4: Nom: | B4: BELIN brice
A5: semaine 23 | B5: du | C5: =SUM('SEM22'!B76+1) -> 46174 | D5: au | E5: =SUM(B87) -> 46180
E6: Route | F6: aller | G6: Client ou usine | I6: Client ou usine | K6: Route retour | M6: TOTAL | Q6: potentiel jour
A7: Jour | B7: Date | C7: Nom client ou usine | E7: Heure départ | F7: Heure arrivée | G7: Heure arrivée | H7: Heure départ | I7: Heure arrivée | J7: Heure départ | K7: Heure départ | L7: Heure arrivée | M7: Heure route | N7: Heure client | O7: Heure usine | P7: Général
A9: LUNDI | B9: =SUM(C5) -> 46174 | C9: 216240C001 221402C001 219867C001 | G9: 0.34583333 | H9: 0.52083333 | I9: 0.54166667 | J9: 0.70486111 | M9: =(F26-E26)+(L26-K26) -> 0 | N9: =(H9-G9) -> 0.175 | O9: =(J9-I9) -> 0.16319444 | P9: =SUM(M9:O26) -> 0.33819444 | R9: 216402C001 | S9: (1h00)
S10: MOTOR OIL
S11: Meeting avec ALSYMEX sur doc | V11: ok.Done
R12: 221402C001 | S12: (1h00)
S13: MADINA
S14: Meeting avec ALSYMEX sur doc | V14: ok.Done
R15: 219867C001 | S15: (4h00)
S16: MARSA
S17: Maj des documents ci-dessous:
T18: ICL | U18: LS_ICLC21986701 | W18: In progress… | X18: ECN nr: | Y18: 1029729
T19: prendre en compte les commentaires client + remplir la CRS
T20: PLL | U20: LS_PLLC21986701 | W20: In progress… | X20: ECN nr: | Y20: 1029715 | Z20: EN ATTENTE DISCUSSION AVEC JCP
T21: prendre en compte les commentaires client + remplir la CRS
R22: 221812C001 | S22: (1h00)
S23: ACCIONA
S24: Envoyer un numéro ECN à CORAIL (Ouadie) | V24: ok.Done | W24: ECN nr: | X24: 1029724
Q26: 0.29166667
A27: MARDI | B27: =SUM(B9+1) -> 46175 | C27: 219867C001 | G27: 0.32986111 | H27: 0.52430556 | I27: 0.55208333 | J27: 0.74652778 | M27: =(F36-E36)+(L36-K36) -> 0 | N27: =(H27-G27) -> 0.19444444 | O27: =(J27-I27) -> 0.19444444 | P27: =SUM(M27:O36) -> 0.38888889 | R27: 219867C001 | S27: (7h00)
S28: MARSA
S29: Maj des documents ci-dessous:
T30: ICL | U30: LS_ICLC21986701 | W30: In progress… | X30: ECN nr: | Y30: 1029729
T31: prendre en compte les commentaires client + remplir la CRS
T32: PLL | U32: LS_PLLC21986701 | W32: ok.Done | X32: ECN nr: | Y32: 1029715 | Z32: EN ATTENTE VALIDATION DOC CTRL (Christelle)
T33: prendre en compte les commentaires client + remplir la CRS
Q36: 0.29166667
A37: MERCREDI | B37: =SUM(B27+1) -> 46176 | C37: 219867C001 221402C001 | G37: 0.29513889 | H37: 0.51041667 | I37: 0.5625 | J37: 0.74652778 | M37: =(F37-E37)+(L37-K37) -> 0 | N37: =(H37-G37) -> 0.21527778 | O37: =(J37-I37) -> 0.18402778 | P37: =SUM(M37:O53) -> 0.39930556 | R37: 219867C001 | S37: (6h00)
S38: MARSA
S39: Maj des documents ci-dessous:
T40: ICL | U40: LS_ICLC21986701 | W40: In progress… | X40: ECN nr: | Y40: 1029729
T41: prendre en compte les commentaires client + remplir la CRS
T42: PLL | U42: LS_PLLC21986701 | W42: ok.Done | X42: ECN nr: | Y42: 1029715 | Z42: EN ATTENTE VALIDATION DOC CTRL (Christelle)
T43: prendre en compte les commentaires client + remplir la CRS
R44: 221402C001 | S44: (1h00)
S45: MADINA
S46: Mettre les plans ci-dessous sur ARAS:
T47: LCP - Berth 4 | U47: 2413405102501 | W47: ok.Done | X47: ECN nr: | Y47: 1029505 | Z47: EN ATTENTE VALIDATION DOC CTRL (Delphine)
T48: LCP - Berth 5 | U48: 2413405108301 | W48: ok.Done | X48: ECN nr: | Y48: 1029505
T49: LCP - Berth 6 | U49: 2413407117601 | W49: ok.Done | X49: ECN nr: | Y49: 1029505
T50: ECD - Berth 4 | U50: 2403005102501 | W50: In progress… | X50: ECN nr: | Y50: 1029779 | Z50: EN ATTENTE PLANS ALSYMEX
T51: ECD - Berth 5 | U51: 2403005108301 | W51: In progress… | X51: ECN nr: | Y51: 1029779 | Z51: EN ATTENTE PLANS ALSYMEX
T52: ECD - Berth 6 | U52: 2403007117601 | W52: In progress… | X52: ECN nr: | Y52: 1029779 | Z52: EN ATTENTE PLANS ALSYMEX
Q53: 0.29166667
A54: JEUDI | B54: =SUM(B37+1) -> 46177 | C54: 219867C001 221402C001 Webinaire | G54: 0.36180556 | H54: 0.5 | I54: 0.5625 | J54: 0.72916667 | M54: =(F54-E54)+(L54-K54) -> 0 | N54: =(H54-G54) -> 0.13819444 | O54: =(J54-I54) -> 0.16666667 | P54: =SUM(M54:O78) -> 0.30486111 | R54: 219867C001 | S54: (2h00)
S55: MARSA
S56: Maj des documents ci-dessous:
T57: ICL | U57: LS_ICLC21986701 | W57: ok.Done | X57: ECN nr: | Y57: 1029729 | Z57: EN ATTENTE VALIDATION DOC CTRL (Christelle)
T58: prendre en compte les commentaires client + remplir la CRS | X58: ok.Done
T59: Problème pour imprimer en PDF | W59: ok.Done
T60: PLL | U60: LS_PLLC21986701 | W60: ok.Done | X60: ECN nr: | Y60: 1029715 | Z60: EN ATTENTE VALIDATION DOC CTRL (Christelle)
T61: Changement de titre dans la page de garde
R63: Webinaire | S63: (1h00)
S64: Meeting
S65: Meeting Initiation à la compréhension des OPE | W65: ok.Done
R66: 221402C001 | S66: (4h00)
S67: MADINA
S68: Maj des documents ci-dessous:
T69: FAT Elec | U69: LS_EFPC22140201 | W69: ok.Done | X69: ECN nr: | Y69: 1029386 | Z69: EN ATTENTE VALIDATION DOC CTRL (Delphine)
T70: prendre en compte les commentaires client + remplir la CRS
T71: CND | U71: LS_CNDC22140201 | W71: Not OK | Z71: EN ATTENTE DE RETOUR SUR LA REV0
T72: prendre en compte les commentaires client + remplir la CRS
T73: CSA | U73: 24CSAC22140201 | W73: In progress… | X73: ECN nr: | Y73: 1029803 | Z73: EN ATTENTE DE LA CRS P-1097-TR-MG-TEN-0012
T74: prendre en compte les commentaires client + remplir la CRS
S75: Meeting avec PM | W75: ok.Done
T76: répondre aux questions d'ALSMEX en terme de prog PLC - voir email d'Etienne Cedileau | Z76: ok.Done
Q78: 0.29166667
A79: VENDREDI | B79: =SUM(B54+1) -> 46178 | C79: 221402C001 | G79: 0 | H79: 0 | I79: 0.54583333 | J79: 0.72916667 | M79: =(F79-E79)+(L79-K3) -> 0 | N79: =(H79-G79) -> 0 | O79: =(J79-I79) -> 0.18333333 | P79: =SUM(M79:O85) -> 0.18333333 | R79: Absent le matin
R80: 221402C001 | S80: (4h00)
S81: MADINA
S82: Maj des documents ci-dessous:
T83: CSA | U83: 24CSAC22140201 | W83: ok.Done | X83: ECN nr: | Y83: 1029803 | Z83: EN ATTENTE DE LA CRS P-1097-TR-MG-TEN-0012
T84: prendre en compte les commentaires client + remplir la CRS
Q85: 0.16666667
A86: SAMEDI | B86: =SUM(B79+1) -> 46179 | M86: 7 | N86: =(H86-G86)+(J86-I86) -> 0 | O86: =(H86-G86)+(J86-I86) -> 0 | P86: =SUM(M86:O87) -> 7
A87: DIMANCHE | B87: =SUM(B86+1) -> 46180
J89: TOTAL TRAVAILLE | M89: =SUM(M9+M27+M37+M54+M79+M86+M87) -> 7 | N89: =SUM(N9+N27+N37+N54+N79+N86+N87) -> 0.72291667 | O89: =SUM(O9+O27+O37+O54+O79+O86+O87) -> 0.89166667 | P89: =SUM(P9+P27+P37+P54+P79+P86+P87) -> 8.6145833
J90: POTENTIEL SEMAINE | N90: =SUM(Q9:Q87) -> 1.3333333
J91: TOTAL SEMAINE HS | N91: =SUM(P89-N90) -> 7.28125
J92: TOTAL PRECEDENT HS | N92: ='SEM22'!N82 -> 1.6069444
J93: NOUVEAU TOTAL HS | N93: =N91+N92 -> 8.8881944

Sheet SEM24
A4: Nom: | B4: BELIN brice
A5: semaine 24 | B5: du | C5: =SUM('SEM23'!B87+1) -> 46181 | D5: au | E5: =SUM(B108) -> 46187
E6: Route | F6: aller | G6: Client ou usine | I6: Client ou usine | K6: Route retour | M6: TOTAL | Q6: potentiel jour
A7: Jour | B7: Date | C7: Nom client ou usine | E7: Heure départ | F7: Heure arrivée | G7: Heure arrivée | H7: Heure départ | I7: Heure arrivée | J7: Heure départ | K7: Heure départ | L7: Heure arrivée | M7: Heure route | N7: Heure client | O7: Heure usine | P7: Général
A9: LUNDI | B9: =SUM(C5) -> 46181 | C9: Formation Interne | G9: 0.34375 | H9: 0.52083333 | I9: 0.5625 | J9: 0.72916667 | M9: =(F9-E9)+(L9-K9) -> 0 | N9: =(H9-G9) -> 0.17708333 | O9: =(J9-I9) -> 0.16666667 | P9: =SUM(M9:O12) -> 0.34375 | R9: Fotmation Interne | S9: (7h00)
S10: Atelier Inclusive Assessment | U10: ok.Done
Q12: 0
A13: MARDI | B13: =SUM(B9+1) -> 46182 | C13: 219867C001 221402C001 | G13: 0.33055556 | H13: 0.52083333 | I13: 0.55208333 | J13: 0.77083333 | M13: =(F13-E13)+(L13-K13) -> 0 | N13: =(H13-G13) -> 0.19027778 | O13: =(J13-I13) -> 0.21875 | P13: =SUM(M13:O37) -> 0.40902778 | R13: 219867C001 | S13: (1h00)
S14: MARSA
S15: Maj du document ci-dessous:
T16: CSA 2 | U16: 24CSAC21986702 | W16: ok.Done | X16: ECN nr: | Y16: 1029847 | Z16: EN ATTENTE VALIDATION DOC CTRL (Christelle)
T17: Passez le plan en Rev sup. avec titre AFC
R18: 221402C001 | S18: (2h00)
S19: MADINA
S20: Appelez ALSYMEX pour discuter des points ci-dessous:
T21: 1_-_ | U21: commentaires sur CSA suivant spec ICSS | X21: In progress…
T22: 2_-_ | U22: Plans électriques des jetées 4/5/6 | X22: In progress…
S23: En attente validation CRS pour le plan Electric FAT procedure Berth 1 | X23: In progress…
S24: Maj des documents ci-dessous:
T25: FAT Elec | U25: LS_EFPC22140201 | W25: ok.Done | X25: ECN nr: | Y25: 1029386 | Z25: EN ATTENTE VALIDATION DOC CTRL (Delphine)
T26: prendre en compte les commentaires client + remplir la CRS
S27: Maj du plan Interco et évolution de l'indice en Rev 1B
R28: CONDUCTIX | S28: (1h00)
S29: BE CS
S30: Edition trame qualification matériel | U30: In progress…
R31: 220594C001 | S31: (1h00)
S32: GOLAR HILLI
S33: Maj des 2 DBIs ci-dessous: | U33: ok.Done
T34: LCP | U34: 24134C22059401 | W34: ok.Done | X34: ECN nr: | Y34: 1029849 | Z34: EN ATTENTE VALIDATION BE CS (Jean-Claude)
T35: PLC Cab. | U35: 24134C22059402 | W35: ok.Done | X35: ECN nr: | Y35: 1029849 | Z35: EN ATTENTE VALIDATION BE CS (Jean-Claude)
Q37: 0.29166667
A38: MERCREDI | B38: =SUM(B13+1) -> 46183 | C38: 221402C001 216240C001 | G38: 0.29791667 | H38: 0.52083333 | I38: 0.5625 | J38: 0.74375 | M38: =(F38-E38)+(L38-K38) -> 0 | N38: =(H38-G38) -> 0.22291667 | O38: =(J38-I38) -> 0.18125 | P38: =SUM(M38:O54) -> 0.40416667 | R38: 221402C001 | S38: (3h00)
S39: MADINA
S40: Maj du plan ci-dessous:
T41: Interco | U41: 24EIDC22140201 | W41: Rev 1B | X41: ok.Done
T42: Prende en compte les commentaires ALSYMEX / avant le retour du client
T43: LCP Berth 4 | U43: 2413405102501 | W43: Rev 8 | X43: ok.Done | Y43: ECN nr: | Z43: 1029869 | AA43: EN ATTENTE VALIDATION DOC CTRL (Delphine)
T44: Modifier le numero plan sur page de garde + numéro plan client sur page de garde également
R46: 216240C001 | S46: (4h00)
S47: MOTOR OIL
S48: Maj des documents ci-dessous:
T49: Interco NORTH | U49: 24EIDC216240011 | W49: Rev 0B | X49: ok.Done | Y49: ECN nr: | Z49: 1029856
T50: Interco SOUTH | U50: 24EIDC216240011 | W50: Rev 0B | X50: ok.Done | Y50: ECN nr: | Z50: 1029856
R51: 221299C001
S52: PETRONET
S53: Envoyer un numero ECN à ALSYMEX pour maj du plan CLD | W53: ok.Done | X53: ECN nr: | Y53: 1029871
Q54: 0.29166667
A55: JEUDI | B55: =SUM(B38+1) -> 46184 | C55: 221402C001 216240C001 220679C001 221299C001 | G55: 0.34861111 | H55: 0.52083333 | I55: 0.54166667 | J55: 0.73263889 | M55: =(F55-E55)+(L55-K55) -> 0 | N55: =(H55-G55) -> 0.17222222 | O55: =(J55-I55) -> 0.19097222 | P55: =SUM(M55:O81) -> 0.36319444 | R55: 216240C001 | S55: (2h00)
S56: MOTOR OIL
S57: Notez le temps d'ntervention dans rame excel projet | V57: ok.Done
S58: Meeting avec Vincent Sicre & François spindler | V58: In progress…
R59: 221402C001 | S59: (1h00)
S60: MADINA
S61: Mettre les plans ci-dessous dans ARAS
T62: ECD - Berth 4 | U62: 2403005102501 | W62: Rev 6 | X62: ok.Done | Y62: ECN nr: | Z62: 1029779 | AA62: EN ATTENTE PLANS ALSYMEX | AD62: EN ATTENTE VALIDATION DOC CTRL (Delphine)
T63: ECD - Berth 5 | U63: 2403005108301 | W63: Rev 5 | X63: ok.Done | Y63: ECN nr: | Z63: 1029779 | AA63: EN ATTENTE PLANS ALSYMEX | AD63: EN ATTENTE VALIDATION DOC CTRL (Delphine)
T64: ECD - Berth 6 | U64: 2403007117601 | W64: Rev 7 | X64: ok.Done | Y64: ECN nr: | Z64: 1029779 | AA64: EN ATTENTE PLANS ALSYMEX | AD64: EN ATTENTE VALIDATION DOC CTRL (Delphine)
R65: 220679C001 | S65: (1h00)
S66: PRELUDE
S67: Envoyez le bon fichier avec les nouveaux cas de connexions à ALSYMEX | X67: ok.Done
T68: Fichier dxf ou png….
S69: Voir avec Guillaume Fong pour avoir les bonnes pages en Dxf ou Dwg… | X69: ok.Done
R70: 221299C001 | S70: (2h00)
S71: PETRONET
S72: Maj du document ci-dessous:
T73: CND | U73: 24CND09143401 | W73: Rev 5 | X73: ok.Done | Y73: ECN nr: | Z73: 1029889 | AA73: EN ATTENTE VALIDATION DOC CTRL (Christelle)
T74: Suppression de l'activation ESD1 & ESD2 par PMS
R75: RA20-2554 | S75: (1h00)
S76: MOZAMBIQUE
S77: Allez au YT pour les problèmes ci-dessous:
S78: 1. | T78: Mettre la tempo T3 à 0s
S79: 2. | T79: Régler la valeur du seuil OIL LOW LEVEL sur LNG à 14 mbars
T80: Préparer les modifications
Q81: 0.29166667
A82: VENDREDI | B82: =SUM(B55+1) -> 46185 | C82: 221299C001 216240C001 220594C001 220435C001 RA202554 | G82: 0.34444444 | H82: 0.52083333 | I82: 0.54166667 | J82: 0.66527778 | M82: =(F82-E82)+(L82-K82) -> 0 | N82: =(H82-G82) -> 0.17638889 | O82: =(J82-I82) -> 0.12361111 | P82: =SUM(M82:O106) -> 0.3 | R82: 221299C001 | S82: (2h00)
S83: PETRONET
S84: Maj du document ci-dessous:
T85: CND | U85: 24CND09143401 | W85: Rev 5 | X85: ok.Done | Y85: ECN nr: | Z85: 1029889 | AA85: EN ATTENTE VALIDATION DOC CTRL (Christelle)
T86: Changer le numéro de projet
S87: Envoyer un numero ECN à ALSYMEX pour maj du plan CLD | W87: Rev 7 | X87: ok.Done | Y87: ECN nr: | Z87: 1029871 | AA87: EN ATTENTE RETOUR ALSYMEX
T88: En attente maj de la CLD en Rev7
R89: 216240C001 | S89: (1h00)
S90: MOTOR OIL
S91: Meeting avec Vincent Sicre & François spindler | V91: ok.Done
R92: 220594C001 | S92: (2h00)
S93: GOLAR HILLI
S94: Envoyez un email à ALSYMEX (Maxance) pour document en attente ci-dessous: | X94: ok.Done
T95: ECC | U95: 24ECC22059401
S96: Envoyez un email à ACE (Rousse) pour document en attente ci-dessous: | X96: ok.Done
T97: HCC | U97: 24HCC22059401
T98: ERS Accu Pack | U98: 2414115199801
R99: 220435C001 | S99: (1h00)
S100: MOTOR OIL
S101: Erreur Doc Ctrl ??? | U101: ok.Done | V101: ECN nr: | W101: 1023645 | X101: EN ATTENTE VALIDATION DOC CTRL (Delphine)
S102: Retour client non faite ???
R103: RA202554 | S103: (1h00)
S104: MOZAMBIQUE
S105: Comment se mettre en ligne sur un ControlLogix | V105: ok.Done
Q106: 0.29166667
A107: SAMEDI | B107: =SUM(B82+1) -> 46186 | M107: =(F107-E107)+(L107-K107) -> 0 | N107: =(H107-G107)+(J107-I107) -> 0 | O107: =(H107-G107)+(J107-I107) -> 0 | P107: =SUM(M107:O108) -> 0
...

Sheet SEM25
A4: Nom: | B4: BELIN brice
A5: semaine 25 | B5: du | C5: =SUM('SEM24'!B108+1) -> 46188 | D5: au | E5: =SUM(B61) -> 46194
E6: Route | F6: aller | G6: Client ou usine | I6: Client ou usine | K6: Route retour | M6: TOTAL | Q6: potentiel jour
A7: Jour | B7: Date | C7: Nom client ou usine | E7: Heure départ | F7: Heure arrivée | G7: Heure arrivée | H7: Heure départ | I7: Heure arrivée | J7: Heure départ | K7: Heure départ | L7: Heure arrivée | M7: Heure route | N7: Heure client | O7: Heure usine | P7: Général
A9: LUNDI | B9: =SUM(C5) -> 46188 | C9: RA202554 221299C001 Team CS | G9: 0.34791667 | H9: 0.52083333 | I9: 0.54166667 | J9: 0.70277778 | M9: =(F20-E20)+(L20-K20) -> 0 | N9: =(H9-G9) -> 0.17291667 | O9: =(J9-I9) -> 0.16111111 | P9: =SUM(M9:O20) -> 0.33402778 | R9: RA202524 | S9: (5h00)
S10: MOZAMBIQUE
S11: Allez au YT et faire des essais de connexion avec ma VM | W11: ok.Done
R12: 221299C001 | S12: (1h00)
S13: PETRONET
S14: Envoyer un numero ECN à ALSYMEX pour maj du plan CLD | W14: Rev 7 | X14: ok.Done | Y14: ECN nr: | Z14: 1029871 | AA14: EN ATTENTE RETOUR ALSYMEX | AD14: EN ATTENTE VALIDATION DOC CTRL (Christelle)
T15: En attente maj de la CLD en Rev7 (source AUTOCAD)
R16: Team CS | S16: (1h00)
S17: Team Meeting
S18: Faire point sur les projets en cours | W18: ok.Done
Q20: 0.29166667
A21: MARDI | B21: =SUM(B9+1) -> 46189 | C21: 221402C001 RA202554 216240C001 | G21: 0.33402778 | H21: 0.52083333 | I21: 0.55208333 | J21: 0.73125 | M21: =(F36-E36)+(L36-K36) -> 0 | N21: =(H21-G21) -> 0.18680556 | O21: =(J21-I21) -> 0.17916667 | P21: =SUM(M21:O36) -> 0.36597222 | R21: 221402C001 | S21: (2h00)
S22: MADINA
S23: Répondre à l'email de Delphine sur la VDL | V23: ok.Done
T24: PLC Cab. | U24: 24134C22140202
U25: External Layout / Internal Layout / List of parts
T26: RCA | U26: 24138C22140201
U27: External Layout / Internal Layout / List of parts / Radio terminal layout
R28: RA20-2554 | S28: (2h00)
S29: ANADARKO
S30: Envoyer un email à ALSYMEX pour les versions logiciels Rockwell | W30: ok.Done
R31: 216240C001 | S31: (2h00)
S32: MOTOR OIL
S33: Préparer les PNs pour les SVAs bras S-2005/2008:
T34: SVA_S-2005 | U34: 24133C21624001 | W34: ok.Done | X34: ECN nr: | Y34: 1029988 | Z34: EN ATTENTE VALIDATION HLA
T35: SVA_S-2008 | U35: 24133C21624002 | W35: ok.Done | X35: ECN nr: | Y35: 1029988 | Z35: EN ATTENTE VALIDATION HLA
Q36: 0.29166667
A37: MERCREDI | B37: =SUM(B21+1) -> 46190 | C37: 219712C001 216240C001 221402C001 | G37: 0.3 | H37: 0.52083333 | I37: 0.5625 | J37: 0.72916667 | M37: =(F50-E50)+(L50-K50) -> 0 | N37: =(H37-G37) -> 0.22083333 | O37: =(J37-I37) -> 0.16666667 | P37: =SUM(M37:O50) -> 0.3875 | R37: 219712C001 | S37: (2h00)
S38: TECHEAST
S39: Répondre à l'email de NITESH | U39: ok.Done
R40: 216240C001 | S40: (1h00)
S41: MOTOR OIL
S42: Validation du PN TOP LVL
S43: Appelez Ahmed si besoin de faire un lancement pour créer le besin dans le système | X43: ok.Done
S44: Faire ECN CL1 pour les PNs ci-dessous: | X44: ok.Done
T45: Dock SOUTH | U45: 24001C21624001 | W45: ok.Done | X45: ECN nr: | Y45: 1030005 | Z45: EN ATTENTE VALIDATION FPR
T46: Dock NORH | U46: 24001C21624002 | W46: ok.Done | X46: ECN nr: | Y46: 1030005
R47: 221402C001 | S47: (2h00)
S48: MADINA
S49: Meeting avec ALSYMEX / PM | U49: ok.Done
Q50: 0.29166667
A51: JEUDI | B51: =SUM(B37+1) -> 46191 | C51: Habilitation Elec | G51: 0.35416667 | H51: 0.5 | I51: 0.54166667 | J51: 0.6875 | M51: =(F55-E55)+(L55-K55) -> 0 | N51: =(H51-G51) -> 0.14583333 | O51: =(J51-I51) -> 0.14583333 | P51: =SUM(M51:O55) -> 0.29166667 | R51: Habilitation Electrique | S51: (7h00)
S52: avec société FORCA | U52: ok.Done
Q55: 0.29166667
A56: VENDREDI | B56: =SUM(B51+1) -> 46192 | C56: Habilitation Elec | G56: 0.35416667 | H56: 0.5 | I56: 0.54166667 | J56: 0.6875 | M56: =(F59-E59)+(L59-K59) -> 0 | N56: =(H56-G56) -> 0.14583333 | O56: =(J56-I56) -> 0.14583333 | P56: =SUM(M56:O59) -> 0.29166667 | R56: Habilitation Electrique | S56: (7h00)
S57: avec société FORCA | U57: ok.Done
Q59: 0.29166667
A60: SAMEDI | B60: =SUM(B56+1) -> 46193 | M60: =(F60-E60)+(L60-K60) -> 0 | N60: =(H60-G60)+(J60-I60) -> 0 | O60: =(H60-G60)+(J60-I60) -> 0 | P60: =SUM(M60:O61) -> 0
A61: DIMANCHE | B61: =SUM(B60+1) -> 46194
J63: TOTAL TRAVAILLE | M63: =SUM(M9+M21+M37+M51+M56+M60+M61) -> 0 | N63: =SUM(N9+N21+N37+N51+N56+N60+N61) -> 0.87222222 | O63: =SUM(O9+O21+O37+O51+O56+O60+O61) -> 0.79861111 | P63: =SUM(P9+P21+P37+P51+P56+P60+P61) -> 1.6708333
J64: POTENTIEL SEMAINE | N64: =SUM(Q9:Q61) -> 1.4583333
J65: TOTAL SEMAINE HS | N65: =SUM(P63-N64) -> 0.2125
J66: TOTAL PRECEDENT HS | N66: ='SEM24'!N114 -> 9.5416667
J67: NOUVEAU TOTAL HS | N67: =N65+N66 -> 9.7541667

Sheet SEM26
A4: Nom: | B4: BELIN brice
A5: semaine 26 | B5: du | C5: =SUM('SEM25'!B61+1) -> 46195 | D5: au | E5: =SUM(B102) -> 46201
E6: Route | F6: aller | G6: Client ou usine | I6: Client ou usine | K6: Route retour | M6: TOTAL | Q6: potentiel jour
A7: Jour | B7: Date | C7: Nom client ou usine | E7: Heure départ | F7: Heure arrivée | G7: Heure arrivée | H7: Heure départ | I7: Heure arrivée | J7: Heure départ | K7: Heure départ | L7: Heure arrivée | M7: Heure route | N7: Heure client | O7: Heure usine | P7: Général
A9: LUNDI | B9: =SUM(C5) -> 46195 | C9: Team Meeting Audit JAY 221402C001 221098C001 216240C001 | G9: 0.35555556 | H9: 0.52083333 | I9: 0.54166667 | J9: 0.70138889 | M9: =(F36-E36)+(L36-K36) -> 0 | N9: =(H9-G9) -> 0.16527778 | O9: =(J9-I9) -> 0.15972222 | P9: =SUM(M9:O36) -> 0.325 | R9: My Team Meeting | S9: (1h30)
S10: CS TEAM
S11: Meeting projet HLA / JCP | U11: ok.Done
R12: Audit JAY | S12: (1h00)
S13: JAY - CONDUCTIX
S14: Meeting avec Marie-Hélène Hiroux pour préparation Audit de JAY | X14: ok.Done
R15: 221402C001 | S15: (3h00)
S16: MADINA
S17: Envoyer le plan ci-dessous à ALSYMEX: | V17: ok.Done
T18: Schéma Hydraulique | V18: 2403394034001 | X18: Rev 8
T19: HPU | V19: 2413694034001 | X19: Rev 1
S20: Mettre les dcuments ci-dessous sur ARAS: | W20: ok.Done
T21: CLD | U21: 24CLDC22140201 | W21: Rev 0 | X21: ECN nr: | Y21: 1030076 | Z21: EN ATTENTE VALIDATION DOC CTRL (Delphine)
T22: SDE | U22: LS_SDEC22140201 | W22: Rev 0 | X22: ECN nr: | Y22: 1030076 | Z22: EN ATTENTE VALIDATION DOC CTRL (Delphine)
S23: Edition page de garde HMI
R24: 221098C001 | S24: (1h00)
S25: COSCO
S26: Relancez Hamid & François pour la validation du plan CLD sans interlock | Y26: ok.Done
R27: 216240C001 | S27: (1h00)
S28: MOTOR OIL
S29: Création du PN ci-dessous:
T30: Elec On Dock | U30: 24029C21624001 | W30: ok.Done | X30: ECN nr: | Y30: 1030082 | Z30: EN ATTENTE VALIDATION BE CS (HLA)
U31: 24029C21624002 | W31: ok.Done | X31: ECN nr: | Y31: 1030082 | Z31: EN ATTENTE VALIDATION BE CS (HLA)
T32: Kit de modifications bras | V32: 2489908C21624001 | X32: ok.Done | Y32: ECN nr: | Z32: 1030080 | AA32: EN ATTENTE VALIDATION BE CS (JCP)
V33: 24899C216240011
V34: 2489908C21624002 | X34: ok.Done | Y34: ECN nr: | Z34: 1030080 | AA34: EN ATTENTE VALIDATION BE CS (JCP)
V35: 2489908C216240012
Q36: 0.29166667
A37: MARDI | B37: =SUM(B9+1) -> 46196 | C37: 216240C001 221402C001 | G37: 0.30347222 | H37: 0.52083333 | I37: 0.5625 | J37: 0.75347222 | K37: 0.75347222 | L37: 0.76388889 | M37: =(F37-E37)+(L37-K37) -> 0.010416667 | N37: =(H37-G37) -> 0.21736111 | O37: =(J37-I37) -> 0.19097222 | P37: =SUM(M37:O59) -> 0.41875 | R37: 216240C001 | S37: (3h00)
S38: MOTOR OIL
S39: Création du PN ci-dessous:
T40: Kit de modifications bras | V40: 2489908C21624001 | X40: ok.Done | Y40: ECN nr: | Z40: 1030080 | AA40: EN ATTENTE VALIDATION BE CS (JCP)
V41: 24899C216240011
V42: 2489908C21624002 | X42: ok.Done | Y42: ECN nr: | Z42: 1030080 | AA42: EN ATTENTE VALIDATION BE CS (JCP)
V43: 2489908C216240012
S44: Edition des docs ci-dessous:
T45: CND | U45: LS_CNDC21924001 | X45: In progress…
U46: LS_CNDC21924002 | X46: In progress…
S47: Faire ECN CL1 pour les PNs ci-dessous: | X47: ok.Done
T48: Dock SOUTH | U48: 24001C21624001 | W48: In progress… | X48: ECN nr: | Y48: 1030138 | Z48: EN ATTENTE VALIDATION FPR
T49: Dock NORH | U49: 24001C21624002 | W49: In progress… | X49: ECN nr: | Y49: 1030138
S50: Envoyez email pour ECN Cl1 | V50: ok.Done
S51: Faire la feuille LF CS | V51: ok.Done | W51: ECN nr: | X51: 1030139 | Y51: EN ATTENTE VALIDATION HLA
R52: 221402C001 | S52: (3h00)
S53: MADINA
S54: Maj de la FAT procédure | U54: LS_EFPC22140201 | X54: ok.Done
T55: rajouter le test fonctionnel du HMI
S56: Relecture du CND | U56: LS_CNDC22140201 | X56: In progress…
T57: vérifiez par rapport jetée 6
S58: Déposez les pages de gardes MADINA & TEN sur serveur ALSYMEX | X58: ok.Done
Q59: 0.29166667
A60: MERCREDI | B60: =SUM(B37+1) -> 46197 | C60: 221402C001 216240C001 | G60: 0.34861111 | H60: 0.52083333 | I60: 0.5625 | J60: 0.73263889 | M60: =(F60-E60)+(L60-K60) -> 0 | N60: =(H60-G60) -> 0.17222222 | O60: =(J60-I60) -> 0.17013889 | P60: =SUM(M60:O75) -> 0.34236111 | R60: 221402C001 | S60: (5h00)
S61: MADINA
S62: Mettre les documents ci-dessous sur ARAS:
T63: CLD | U63: 24CLDC22140201 | W63: Rev 0 | X63: ok.Done | Y63: ECN nr: | Z63: 1030076 | AA63: EN ATTENTE VALIDATION DOC CTRL (Delphine)
T64: SDE | U64: LS_SDEC22140201 | W64: Rev 0 | X64: ok.Done | Y64: ECN nr: | Z64: 1030076 | AA64: EN ATTENTE VALIDATION DOC CTRL (Delphine)
T65: ECD | U65: 24ECDC22140201 | W65: Rev 0 | X65: ok.Done | Y65: ECN nr: | Z65: 1030076 | AA65: EN ATTENTE VALIDATION DOC CTRL (Delphine)
S66: Relecture du CND | U66: LS_CNDC22140201 | X66: ok.Done | Y66: EN ATTENTE RETOUR BE CS (Hamid)
T67: vérifiez par rapport jetée 6
R68: 216240C001 | S68: (2h00)
S69: MOTOR OIL
S70: Maj des DBIs ci-dessous:
T71: Kit de modif - S-2005 | V71: 24899C216240011 | X71: ok.Done | Y71: ECN nr: | Z71: 1030157 | AA71: EN ATTENTE VALIDATION BE CS (Hamid)
T72: ajouter les éléments d'ALSYMEX même sans les références
T73: Kit de modif. - S-2008 | V73: 24899C216240012 | X73: ok.Done | Y73: ECN nr: | Z73: 1030157 | AA73: EN ATTENTE VALIDATION BE CS (Hamid)
T74: ajouter les éléments d'ALSYMEX même sans les références
Q75: 0.29166667
A76: JEUDI | B76: =SUM(B60+1) -> 46198 | C76: 216240C001 Audit JAY 221402C001 | G76: 0.34097222 | H76: 0.52083333 | I76: 0.54166667 | J76: 0.72569444 | M76: =(F91-E91)+(L91-K91) -> 0 | N76: =(H76-G76) -> 0.17986111 | O76: =(J76-I76) -> 0.18402778 | P76: =SUM(M76:O91) -> 0.36388889 | R76: 216240C001 | S76: (2h00)
S77: MOTOR OIL
S78: Edition des docs ci-dessous:
T79: CND | U79: LS_CNDC21924001 | W79: Rev 0 | X79: In progress…
U80: LS_CNDC21924002 | W80: Rev 0 | X80: In progress…
R81: Audit CONDUCTIX | S81: (1h00)
S82: Edition du formulaire de déplacement | V82: ok.Done
R83: 221402C001 | S83: (4h00)
S84: MADINA
S85: Meeting avec le client / PM / HLA | V85: ok.Done
S86: Maj des DBIs ci-dessous:
T87: Radio Berth 4 | U87: 2489935C22140204P | W87: ok.Done | X87: ECN nr: | Y87: 1030171 | Z87: EN ATTENTE VALIDATION BE CS (Hamid)
T88: Radio Berth 5 | U88: 2489935C22140205P | W88: ok.Done | X88: ECN nr: | Y88: 1030171
T89: Radio Berth 6 | U89: 2489935C22140206P | W89: ok.Done | X89: ECN nr: | Y89: 1030171
S90: Edition de la feuille excel avec toutes les questions à envoyer à QatarEnengy | Y90: ok.Done | Z90: EN ATTENTE RETOUR ALSYMEX (Keny/tienne)
Q91: 0.29166667
A92: VENDREDI | B92: =SUM(B76+1) -> 46199 | C92: 221402C001 216240C001 | G92: 0.33055556 | H92: 0.5 | I92: 0.55208333 | J92: 0.70277778 | M92: =(F100-E100)+(L100-K100) -> 0 | N92: =(H92-G92) -> 0.16944444 | O92: =(J92-I92) -> 0.15069444 | P92: =SUM(M92:O100) -> 0.32013889 | R92: 221402C001 | S92: (4h00)
S93: MADINA
S94: Mettre le document ci-dessous sur ARAS:
T95: IOL | U95: LS_IOLC22140201 | W95: Rev 0 | X95: In progress… | Y95: ECN nr: | Z95: 1030198 | AA95: EN ATTENTE VALIDATION DOC CTRL (Delphine)
T96: CSA | U96: 24CSAC22140201 | W96: Rev 3 | X96: In progress… | Y96: ECN nr: | Z96: 1029803 | AA96: EN ATTENTE VALIDATION DOC CTRL (Delphine)
S97: Maj du document ci-dessous:
T98: CND | U98: LS_CNDC22140201 | W98: Rev 0B | X98: In progress… | Y98: ECN nr: | Z98: 1030200
Q100: 0.29166667
A101: SAMEDI | B101: =SUM(B92+1) -> 46200 | M101: =(F101-E101)+(L101-K101) -> 0 | N101: =(H101-G101) -> 0 | O101: =(J101-I101) -> 0 | P101: =SUM(M101:O102) -> 0 | Q101: 0
A102: DIMANCHE | B102: =SUM(B101+1) -> 46201
J104: TOTAL TRAVAILLE | M104: =SUM(M9+M37+M60+M76+M92+M101+M102) -> 0.010416667 | N104: =SUM(N9+N37+N60+N76+N92+N101+N102) -> 0.90416667 | O104: =SUM(O9+O37+O60+O76+O92+O101+O102) -> 0.85555556 | P104: =SUM(P9+P37+P60+P76+P92+P101+P102) -> 1.7701389
J105: POTENTIEL SEMAINE | N105: =SUM(Q9:Q102) -> 1.4583333
J106: TOTAL SEMAINE HS | N106: =SUM(P104-N105) -> 0.31180556
...

Sheet 2 TRIMESTRE
A1: BELIN Brice | B1: RECAPITULATIF 2EME TRIMESTRIEL 2026 | E1: 46204
A4: MOIS | B4: SEMAINE | C4: CLIENT / USINE | D4: NBRE HEURES
A6: AVRIL | B6: 14 | C6: Usine | D6: ='SEM14 '!N105 -> 0.21805556
B7: 15 | C7: Usine | D7: ='SEM15'!N75 -> 0.14166667
B8: 16 | C8: RTT | D8: ='SEM16'!N29 -> 0
B9: 17 | C9: Usine | D9: ='SEM17'!N103 -> 0.23263889
A10: MAI | B10: 18 | C10: Usine | D10: ='SEM18'!N66 -> 0.21597222
B11: 19 | C11: Usine | D11: ='SEM19'!N82 -> 0.30138889
B12: 20 | C12: Usine | D12: ='SEM20'!N73 -> 0.19722222
B13: 21 | C13: Usine | D13: ='SEM21'!N76 -> 0.11180556
A14: JUIN | B14: 22 | C14: Usine | D14: ='SEM22'!N80 -> 0.18819444
B15: 23 | C15: Usine | D15: ='SEM23'!N91 -> 7.28125
B16: 24 | C16: Usine | D16: ='SEM24'!N112 -> 0.65347222
B17: 25 | C17: Usine | D17: ='SEM25'!N65 -> 0.2125
B18: 26 | C18: Usine | D18: ='SEM26'!N106 -> 0.31180556
C26: TOTALS HS | D26: =SUM(D6:D24) -> 10.065972

Sheet SEM27
A4: Nom: | B4: BELIN brice
A5: semaine 27 | B5: du | C5: =SUM('SEM26'!B102+1) -> 46202 | D5: au | E5: =SUM(B73) -> 46208
E6: Route | F6: aller | G6: Client ou usine | I6: Client ou usine | K6: Route retour | M6: TOTAL | Q6: potentiel jour
A7: Jour | B7: Date | C7: Nom client ou usine | E7: Heure départ | F7: Heure arrivée | G7: Heure arrivée | H7: Heure départ | I7: Heure arrivée | J7: Heure départ | K7: Heure départ | L7: Heure arrivée | M7: Heure route | N7: Heure client | O7: Heure usine | P7: Général
A9: LUNDI | B9: =SUM(C5) -> 46202 | C9: 221402C001 Team Meeting LS TEC Q2 216240C001 | G9: 0.33333333 | H9: 0.48958333 | I9: 0.5625 | J9: 0.73541667 | M9: =(F22-E22)+(L22-K22) -> 0 | N9: =(H9-G9) -> 0.15625 | O9: =(J9-I9) -> 0.17291667 | P9: =SUM(M9:O22) -> 0.32916667 | R9: 221402C001 | S9: (1h00)
S10: MADINA
S11: Mettre le document ci-dessous sur ARAS:
T12: RCA | U12: 24138C22140201 | W12: Rev 0 | X12: ok.Done | Y12: ECN nr: | Z12: 1030226 | AA12: EN ATTENTE VALIDATION DOC CTRL (Delphine)
R13: Team Meeting | S13: (0h30)
S14: BE CS Team Meeting | U14: ok.Done
R15: LS TEC Q2 | S15: (1h30)
S16: Meeting BE CS & Meca | U16: ok.Done
R17: 216240C001 | S17: (4h00)
S18: MOTOR OIL
S19: Edition des docs ci-dessous:
T20: CND | U20: LS_CNDC21924001 | W20: Rev 0 | X20: In progress…
U21: LS_CNDC21924002 | W21: Rev 0 | X21: In progress…
Q22: 0.29166667
A23: MARDI | B23: =SUM(B9+1) -> 46203 | C23: 216240C001 222338C001 | G23: 0.35 | H23: 0.52083333 | I23: 0.55208333 | J23: 0.68472222 | M23: =(F34-E34)+(L34-K34) -> 0 | N23: =(H23-G23) -> 0.17083333 | O23: =(J23-I23) -> 0.13263889 | P23: =SUM(M23:O34) -> 0.30347222 | R23: 216240C001 | S23: (5h30)
S24: MOTOR OIL
S25: Edition des docs ci-dessous:
T26: CND | U26: LS_CNDC21924001 | W26: Rev 0 | X26: In progress…
U27: LS_CNDC21924002 | W27: Rev 0 | X27: In progress…
R28: 222338C001 | S28: (1h30)
S29: ALYESKA
S30: KOM | T30: ok.Done
S31: Création des PN ci-dessous:
T32: Top Lvl | U32: 24000C22233801 | X32: ok.Done | Y32: ECN nr: | Z32: 1030256
T33: Radio | U33: 24899351014937P | X33: ok.Done | Y33: ECN nr: | Z33: 1030253
Q34: 0.29166667
A35: MERCREDI | B35: =SUM(B23+1) -> 46204 | C35: 216240C001 | G35: 0.31319444 | H35: 0.52152778 | I35: 0.55208333 | J35: 0.7125 | M35: =(F40-E40)+(L40-K40) -> 0 | N35: =(H35-G35) -> 0.20833333 | O35: =(J35-I35) -> 0.16041667 | P35: =SUM(M35:O40) -> 0.36875 | R35: 216240C001 | S35: (7h00)
S36: MOTOR OIL
S37: Edition des docs ci-dessous:
T38: CND | U38: LS_CNDC21924001 | W38: Rev 0 | X38: ok.Done | Y38: ECN nr: | Z38: 1030298 | AA38: EN ATTENTE VALIDATION HLA | AD38: EN ATTENTE VALIDATION DOC CTRL (Christelle)
U39: LS_CNDC21924002 | W39: Rev 0 | X39: ok.Done | Y39: ECN nr: | Z39: 1030298 | AA39: EN ATTENTE VALIDATION HLA | AD39: EN ATTENTE VALIDATION DOC CTRL (Christelle)
Q40: 0.29166667
A41: JEUDI | B41: =SUM(B35+1) -> 46205 | C41: 222338C001 220594C001 214936C001 216240C001 | G41: 0.34236111 | H41: 0.52083333 | I41: 0.54166667 | J41: 0.73541667 | M41: =(F57-E57)+(L57-K57) -> 0 | N41: =(H41-G41) -> 0.17847222 | O41: =(J41-I41) -> 0.19375 | P41: =SUM(M41:O57) -> 0.37222222 | R41: 222338C001 | S41: (1h30)
S42: ALYESKA
S43: Ajouter la radio dans le PN TOP LVL | V43: ok.Done | W43: ECN nr: | X43: 1030300 | Y43: EN ATTENTE VALIDATION HLA
S44: Faire la feuille de lancement | V44: ok.Done | W44: ECN nr: | X44: 1030301 | Y44: EN ATTENTE VALIDATION HLA AVANT ENVOI LIEN PAR EMAIL
R45: 220594C001 | S45: (1h00)
S46: GOLAR HILI
S47: Mettre le CD de fin d'affaire sur SharePoint | W47: ok.Done
R48: 214936C001 | S48: (1h00)
S49: WISON
S50: Faire extraction des Lofs PLC sur fichier excel à partir de la sauvegarde PLC *.PA3 | Y50: ok.Done
R51: 216240C001 | S51: (3h30)
S52: MOTOR OIL
S53: Maj des plans ci-dessous:
T54: HCD North | U54: 24HCDC216240011 | W54: Rev 0B | X54: ok.Done | Y54: ECN nr: | Z54: 1030312
T55: HCD South | U55: 24HCDC216240012 | W55: Rev 0B | X55: ok.Done | Y55: ECN nr: | Z55: 1030312
Q57: 0.29166667
A58: VENDREDI | B58: =SUM(B41+1) -> 46206 | C58: 216240C001 222338C001 221402c001 | G58: 0.33472222 | H58: 0.52083333 | I58: 0.55208333 | J58: 0.66875 | M58: =(F71-E71)+(L71-K71) -> 0 | N58: =(H58-G58) -> 0.18611111 | O58: =(J58-I58) -> 0.11666667 | P58: =SUM(M58:O71) -> 0.30277778 | R58: 216240C001 | S58: (3h00)
S59: MOTOR OIL
S60: Maj des plans ci-dessous:
T61: HCD North | U61: 24HCDC216240011 | W61: Rev 0B | X61: ok.Done | Y61: ECN nr: | Z61: 1030312
T62: HCD South | U62: 24HCDC216240012 | W62: Rev 0B | X62: ok.Done | Y62: ECN nr: | Z62: 1030312
R63: 222338C001 | S63: (1h00)
S64: ALYESKA
S65: Répondre à l'email d'ALSYMEX (A.DUC) | V65: ok.Done | W65: Rev 9 | X65: ECN nr: | Y65: 1030329
S66: Maj du DBI ci-dessous:
T67: Radio | U67: 24899351014937P | X67: ECN nr: | Y67: 1030330
R68: 221402C001 | S68: (3h00)
S69: MADINA
S70: Lire l'email d'ALSYMEX sur les commentaires du doc CND | X70: In progress…
Q71: 0.29166667
A72: SAMEDI | B72: =SUM(B58+1) -> 46207 | M72: =(F72-E72)+(L72-K72) -> 0 | N72: =(H72-G72)+(J72-I72) -> 0 | O72: =(H72-G72)+(J72-I72) -> 0 | P72: =SUM(M72:O73) -> 0
A73: DIMANCHE | B73: =SUM(B72+1) -> 46208
J75: TOTAL TRAVAILLE | M75: =SUM(M9+M23+M35+M41+M58+M72+M73) -> 0 | N75: =SUM(N9+N23+N35+N41+N58+N72+N73) -> 0.9 | O75: =SUM(O9+O23+O35+O41+O58+O72+O73) -> 0.77638889 | P75: =SUM(P9+P23+P35+P41+P58+P72+P73) -> 1.6763889
J76: POTENTIEL SEMAINE | N76: =SUM(Q9:Q73) -> 1.4583333
J77: TOTAL SEMAINE HS | N77: =SUM(P75-N76) -> 0.21805556
J78: TOTAL PRECEDENT HS | N78: ='SEM26'!N108 -> 10.065972
J79: NOUVEAU TOTAL HS | N79: =N77+N78 -> 10.284028

Sheet SEM28
A4: Nom: | B4: BELIN brice
A5: semaine 28 | B5: du | C5: =SUM('SEM27'!B73+1) -> 46209 | D5: au | E5: =SUM(B100) -> 46215
E6: Route | F6: aller | G6: Client ou usine | I6: Client ou usine | K6: Route retour | M6: TOTAL | Q6: potentiel jour
A7: Jour | B7: Date | C7: Nom client ou usine | E7: Heure départ | F7: Heure arrivée | G7: Heure arrivée | H7: Heure départ | I7: Heure arrivée | J7: Heure départ | K7: Heure départ | L7: Heure arrivée | M7: Heure route | N7: Heure client | O7: Heure usine | P7: Général
A9: LUNDI | B9: =SUM(C5) -> 46209 | C9: 221402C001 CS Teams 220594C001 221299C001 | G9: 0.33888889 | H9: 0.52083333 | I9: 0.54166667 | J9: 0.66666667 | M9: =(F25-E25)+(L25-K25) -> 0 | N9: =(H9-G9) -> 0.18194444 | O9: =(J9-I9) -> 0.125 | P9: =SUM(M9:O25) -> 0.30694444 | R9: 221402C001 | S9: (3h00)
S10: MADINA
S11: Lire l'email d'ALSYMEX sur les commentaires du doc CND | X11: In progress…
R12: CS Team | S12: (1h00)
S13: Meeting BE CS Team | U13: ok.Done
R14: 220594C001 | S14: (3h00)
S15: GOLAR HILI
S16: Mettre dans ARAS le doc ci-dessous:
T17: ECC | U17: 24ECC15199801 | W17: Rev 0 | X17: In progress… | Y17: ECN nr: | Z17: 1030346 | AA17: EN ATTENTE VALIDATION DOC CTRL (Christelle)
T18: Rev0 Usage BE uniquement - Non diffusé au client
T19: Mettre pge garde client + envoyer en Rev0
R20: 221299C001 | S20: (1h00)
S21: PETRONET
S22: Mettre le doc ci-dessous en AS BUILT:
T23: CLD | U23: 2403009143402 | W23: Rev 8 | X23: ok.Done | Y23: ECN nr: | Z23: 1030353 | AA23: EN ATTENTE VALIDATION DOC CTRL (Christelle)
T24: AS BUILT version
Q25: 0.29166667
A26: MARDI | B26: =SUM(B9+1) -> 46210 | C26: 221402C001 CS Teams 220594C001 | G26: 0.33402778 | H26: 0.52083333 | I26: 0.55208333 | J26: 0.73819444 | M26: =(F43-E43)+(L43-K43) -> 0 | N26: =(H26-G26) -> 0.18680556 | O26: =(J26-I26) -> 0.18611111 | P26: =SUM(M26:O43) -> 0.37291667 | R26: 221402C001 | S26: (3h00)
S27: MADINA
S28: Lire l'email d'ALSYMEX sur les commentaires du doc CND | X28: In progress…
R29: CS Team | S29: (1h30)
S30: Meeting BE CS Team | U30: ok.Done
S31: Points sur les projets en cours de JCP…
R32: 220594C001 | S32: (2h30)
S33: GOLAR HILI
S34: Mettre dans ARAS le doc ci-dessous:
T35: ECC | U35: 24ECC15199801 | W35: Rev 0 | X35: ok.Done | Y35: ECN nr: | Z35: 1030346 | AA35: EN ATTENTE VALIDATION DOC CTRL (Christelle)
T36: Rev0 Usage BE uniquement - Non diffusé au client
T37: Mettre pge garde client + envoyer en Rev0
R38: 222297C001 | S38: (1h00)
S39: HYDROMOTAZA
S40: Meeting BE CS Team
S41: Création d'un DBI pour case vide SIL 2 | X41: In progress…
S42: Voir Charly pour case vide NON SIL
Q43: 0.29166667
A44: MERCREDI | B44: =SUM(B26+1) -> 46211 | C44: 221402C001 222297C001 | G44: 0.32152778 | H44: 0.52083333 | I44: 0.5625 | J44: 0.71041667 | M44: =(F60-E60)+(L60-K60) -> 0 | N44: =(H44-G44) -> 0.19930556 | O44: =(J44-I44) -> 0.14791667 | P44: =SUM(M44:O60) -> 0.34722222 | R44: 222297C001 | S44: (3h00)
S45: HYDROMOTAZA
S46: Création d'un DBI pour case vide SIL 2 | X46: In progress…
S47: Création des PNs 24028 & 24029 | X47: ok.Done | Y47: ECN nr: | Z47: 1030342 | AA47: EN ATTENTE VALIDATION BE CS(Hamid)
S48: 24028 | T48: HPU | X48: ok.Done | Y48: ECN nr: | Z48: 1030433 | AA48: EN ATTENTE VALIDATION BE CS(Jean-Claude)
T49: SVA | X49: ok.Done
S50: 24029 | T50: PLC | X50: ok.Done | Y50: ECN nr: | Z50: 1030435 | AA50: EN ATTENTE VALIDATION BE CS(Jean-Claude)
T51: LCP-A | X51: ok.Done
U52: LCP | X52: ok.Done | Y52: ECN nr: | Z52: 1030438 | AA52: EN ATTENTE VALIDATION BE CS(Hamid)
U53: Remote | X53: ok.Done
S54: Edition du doc LS_DHC22229701 | X54: In progress…
R55: 221402C001 | S55: (4h00)
S56: MADINA
S57: Lire l'email d'ALSYMEX sur les commentaires du doc CND | X57: ok.Done
Q60: 0.29166667
A61: JEUDI | B61: =SUM(B44+1) -> 46212 | C61: 222297C001 221402C001 Mid-Year Review | G61: 0.32638889 | H61: 0.5 | I61: 0.54166667 | J61: 0.66736111 | M61: =(F83-E83)+(L83-K83) -> 0 | N61: =(H61-G61) -> 0.17361111 | O61: =(J61-I61) -> 0.12569444 | P61: =SUM(M61:O83) -> 0.29930556 | R61: 222297C001 | S61: (2h00)
S62: HYDROMOTAZA
S63: Création d'un DBI pour case vide SIL 2 | X63: In progress…
S64: 24028 | T64: HPU | X64: ok.Done | Y64: ECN nr: | Z64: 1030433 | AA64: EN ATTENTE VALIDATION BE CS(Jean-Claude)
T65: SVA | X65: ok.Done
S66: 24029 | T66: PLC | X66: ok.Done | Y66: ECN nr: | Z66: 1030435 | AA66: EN ATTENTE VALIDATION BE CS(Jean-Claude)
T67: LCP-A | X67: ok.Done
S68: Maj du PN ci-dessous:
T69: LCP-A | U69: 24134C22229701A | X69: ok.Done | Y69: ECN nr: | Z69: 1030467 | AA69: EN ATTENTE VALIDATION BE CS(Hamid)
T70: 24028 | U70: H ON Dock | X70: In progress… | Y70: ECN nr: | Z70: 1030468 | AA70: EN ATTENTE VALIDATION BE CS(Hamid)
T71: 24029 | U71: E on Dock | X71: In progress… | Y71: ECN nr: | Z71: 1030468 | AA71: EN ATTENTE VALIDATION BE CS(Hamid)
R73: 221402C001 | S73: (4h00)
S74: MADINA
S75: Préparation de l'email avec les questions pour le client | X75: ok.Done
S76: Repartir de la feuille excel "Request TEN…"
S77: Maj du plan ci-dessous:
T78: EID | U78: 24EIDC22140201 | X78: In progress…
T79: suite retour client dans fichier excel
R80: Mid-Year Review | S80: (1h00)
S81: Meeting avec FPR | V81: ok.Done
Q83: 0.29166667
A84: VENDREDI | B84: =SUM(B61+1) -> 46213 | C84: IDP 220594C001 | G84: 0.32569444 | H84: 0.5 | I84: 0 | J84: 0 | M84: =(F98-E98)+(L98-K98) -> 0 | N84: =(H84-G84) -> 0.17430556 | O84: =(J84-I84) -> 0 | P84: =SUM(M84:O98) -> 0.17430556 | R84: IDP | S84: (1h00)
S85: Maj de l'IDP sur PeopleConnect | V85: ok.Done
R86: 220594C001 | S86: (3h00)
S87: GOLAR HILI
S88: Renvoyer les documents ci-dessous au Doc Ctrl:
T89: ERS Accu. | U89: 2414115199801 | W89: ok.Done | X89: Rev 3 | Y89: ECN nr: | Z89: 1030489 | AA89: EN ATTENTE VALIDATION DOC CTRL (Christelle)
T90: HCC | U90: 24HCC15199801 | W90: ok.Done | X90: Rev 4 | Y90: ECN nr: | Z90: 1030489 | AA90: EN ATTENTE VALIDATION DOC CTRL (Christelle)
S91: Refaire la page de garde pour les 2 documents | W91: ok.Done
Q98: 0.16666667
A99: SAMEDI | B99: =SUM(B84+1) -> 46214 | M99: =(F99-E99)+(L99-K99) -> 0 | N99: =(H99-G99)+(J99-I99) -> 0 | O99: =(H99-G99)+(J99-I99) -> 0 | P99: =SUM(M99:O100) -> 0
A100: DIMANCHE | B100: =SUM(B99+1) -> 46215
J102: TOTAL TRAVAILLE | M102: =SUM(M9+M26+M44+M61+M84+M99+M100) -> 0 | N102: =SUM(N9+N26+N44+N61+N84+N99+N100) -> 0.91597222 | O102: =SUM(O9+O26+O44+O61+O84+O99+O100) -> 0.58472222 | P102: =SUM(P9+P26+P44+P61+P84+P99+P100) -> 1.5006944
J103: POTENTIEL SEMAINE | N103: =SUM(Q9:Q100) -> 1.3333333
J104: TOTAL SEMAINE HS | N104: =SUM(P102-N103) -> 0.16736111
J105: TOTAL PRECEDENT HS | N105: ='SEM27'!N79 -> 10.284028
J106: NOUVEAU TOTAL HS | N106: =N104+N105 -> 10.451389

Sheet SEM29
A4: Nom: | B4: BELIN brice
A5: semaine 29 | B5: du | C5: =SUM('SEM28'!B100+1) -> 46216 | D5: au | E5: =SUM(B62) -> 46222
E6: Route | F6: aller | G6: Client ou usine | I6: Client ou usine | K6: Route retour | M6: TOTAL | Q6: potentiel jour
A7: Jour | B7: Date | C7: Nom client ou usine | E7: Heure départ | F7: Heure arrivée | G7: Heure arrivée | H7: Heure départ | I7: Heure arrivée | J7: Heure départ | K7: Heure départ | L7: Heure arrivée | M7: Heure route | N7: Heure client | O7: Heure usine | P7: Général
A9: LUNDI | B9: =SUM(C5) -> 46216 | C9: FERIE | G9: 0 | H9: 0 | I9: 0 | J9: 0 | M9: =(F10-E10)+(L10-K10) -> 0 | N9: =(H9-G9) -> 0 | O9: =(J9-I9) -> 0 | P9: =SUM(M9:O10) -> 0
Q10: 0
A11: MARDI | B11: =SUM(B9+1) -> 46217 | C11: RTT | G11: 0 | H11: 0 | I11: 0 | J11: 0 | M11: =(F13-E13)+(L13-K13) -> 0 | N11: =(H11-G11) -> 0 | O11: =(J11-I11) -> 0 | P11: =SUM(M11:O13) -> 0
Q13: 0
A14: MERCREDI | B14: =SUM(B11+1) -> 46218 | C14: RTT | G14: 0 | H14: 0 | I14: 0 | J14: 0 | M14: =(F16-E16)+(L16-K16) -> 0 | N14: =(H14-G14) -> 0 | O14: =(J14-I14) -> 0 | P14: =SUM(M14:O16) -> 0
Q16: 0
A17: JEUDI | B17: =SUM(B14+1) -> 46219 | C17: 220594C001 220402C001 RA222755 222540C001 220224C001 | G17: 0.34444444 | H17: 0.52083333 | I17: 0.58333333 | J17: 0.73541667 | M17: =(F40-E40)+(L40-K40) -> 0 | N17: =(H17-G17) -> 0.17638889 | O17: =(J17-I17) -> 0.15208333 | P17: =SUM(M17:O40) -> 0.32847222 | R17: 220594C001 | S17: (2h00)
S18: GOLAR HILI
S19: Renvoyer les documents ci-dessous au Doc Ctrl:
T20: ERS Accu. | U20: 2414115199801 | W20: ok.Done | X20: Rev 3 | Y20: ECN nr: | Z20: 1030489 | AA20: EN ATTENTE VALIDATION DOC CTRL (Christelle)
T21: HCC | U21: 24HCC15199801 | W21: ok.Done | X21: Rev 4 | Y21: ECN nr: | Z21: 1030489 | AA21: EN ATTENTE VALIDATION DOC CTRL (Christelle)
R22: 220402C001 | S22: (1h00)
S23: MADINA
S24: Répondre à l'email de Mathieu G. | V24: ok.Done
S25: Maj du plan ci-dessous:
T26: EID | U26: 24EIDC22140201 | X26: ok.Done
R27: RA222755 | S27: (2h00)
S28: JIANGSU
S29: Création des nouveaux PNs ci-dessous:
T30: Hyd. Updte | U30: 2402822275502 | W30: ok.Done | Y30: ECN nr: | Z30: 1030554 | AA30: EN ATTENTE VALIDATION BE CS (Hamid)
T31: Elec. Updte | U31: 2402922275502 | W31: ok.Done | Y31: ECN nr: | Z31: 1030554 | AA31: EN ATTENTE VALIDATION BE CS (Hamid)
R32: 222540C001 | S32: (1h00)
S33: OMIFCO
S34: Création du PN Top Lvl : | U34: 24001C22254001 | W34: ok.Done | X34: ECN nr: | Y34: 1030560 | Z34: EN ATTENTE VALIDATION BE CS (Hamid)
S35: Envoyer email de création du PN Top Lvl | W35: ok.Done
R36: 220224C001 | S36: (0h30)
S37: ADNOC
S38: Reception du Dossier de fin d'affaire d'ACE | W38: ok.Done
S39: Le mettre sur SharePoint | W39: ok.Done
Q40: 0.29166667
A41: VENDREDI | B41: =SUM(B17+1) -> 46220 | C41: RA222755 222450C001 216240C001 | G41: 0.34375 | H41: 0.5 | I41: 0.58333333 | J41: 0.70833333 | M41: =(F60-E60)+(L60-K60) -> 0 | N41: =(H41-G41) -> 0.15625 | O41: =(J41-I41) -> 0.125 | P41: =SUM(M41:O60) -> 0.28125 | R41: RA222755 | S41: (2h00)
S42: JIANGSU
S43: Valider les DBIs avec Hamid | V43: ok.Done
S44: Validation des PNs ci-dessous:
T45: SVA - kit | U45: 2413322275502 | W45: ok.Done | X45: ECN nr: | Y45: 1030583 | Z45: EN ATTENTE VALIDATION BE CS (Hamid)
T46: PLC -kit | U46: 24134222755021 | W46: ok.Done
T47: LCP - kit | U47: 24134222755011 | W47: ok.Done
S48: Update H&E kit | W48: ok.Done | X48: ECN nr: | Y48: 1030587 | Z48: EN ATTENTE VALIDATION BE CS (Hamid)
R50: 222450C001 | S50: (2h00)
S51: OMIFCO
S52: KOM | V52: ok.Done
S53: Technical handover | V53: In progress…
R54: 216240C001 | S54: (1h00)
S55: MOTOR OIL
S56: Mettre les dates des documents à jour suite email ALSYMEX | X56: ok.Done
S57: Envoi du numéro d'ECN pour:
T58: Berth B North | V58: ok.Done | W58: ECN nr: | X58: 1030574
T59: Berth B South | V59: ok.Done | W59: ECN nr: | X59: 1030575
Q60: 0.29166667
A61: SAMEDI | B61: =SUM(B41+1) -> 46221 | M61: =(F61-E61)+(L61-K61) -> 0 | N61: =(H61-G61)+(J61-I61) -> 0 | O61: =(H61-G61)+(J61-I61) -> 0 | P61: =SUM(M61:O62) -> 0
A62: DIMANCHE | B62: =SUM(B61+1) -> 46222
J64: TOTAL TRAVAILLE | M64: =SUM(M9+M11+M14+M17+M41+M61+M62) -> 0 | N64: =SUM(N9+N11+N14+N17+N41+N61+N62) -> 0.33263889 | O64: =SUM(O9+O11+O14+O17+O41+O61+O62) -> 0.27708333 | P64: =SUM(P9+P11+P14+P17+P41+P61+P62) -> 0.60972222
J65: POTENTIEL SEMAINE | N65: =SUM(Q9:Q62) -> 0.58333333
J66: TOTAL SEMAINE HS | N66: =SUM(P64-N65) -> 0.026388889
J67: TOTAL PRECEDENT HS | N67: ='SEM28'!N106 -> 10.451389
J68: NOUVEAU TOTAL HS | N68: =N66+N67 -> 10.477778

Sheet SEM30
A4: Nom: | B4: BELIN brice
A5: semaine 30 | B5: du | C5: =SUM('SEM29'!B62+1) -> 46223 | D5: au | E5: =SUM(B68) -> 46229
E6: Route | F6: aller | G6: Client ou usine | I6: Client ou usine | K6: Route retour | M6: TOTAL | Q6: potentiel jour
A7: Jour | B7: Date | C7: Nom client ou usine | E7: Heure départ | F7: Heure arrivée | G7: Heure arrivée | H7: Heure départ | I7: Heure arrivée | J7: Heure départ | K7: Heure départ | L7: Heure arrivée | M7: Heure route | N7: Heure client | O7: Heure usine | P7: Général
A9: LUNDI | B9: =SUM(C5) -> 46223 | C9: AUDIT CONDUCTIX | E9: 0.29166667 | F9: 0.5 | G9: 0 | H9: 0 | I9: 0.58333333 | J9: 0.70833333 | K9: 0.70833333 | L9: 0.71875 | M9: =(F9-E9)+(L9-K9) -> 0.21875 | N9: =(H9-G9) -> 0 | O9: =(J9-I9) -> 0.125 | P9: =SUM(M9:O13) -> 0.34375 | R9: AUDIT CONDUCTIX | T9: ok.Done
Q13: 0.29166667
A14: MARDI | B14: =SUM(B9+1) -> 46224 | C14: AUDIT CONDUCTIX | E14: 0.33333333 | F14: 0.34375 | G14: 0.34375 | H14: 0.52083333 | I14: 0.5625 | J14: 0.70833333 | K14: 0.70833333 | L14: 0.71875 | M14: =(F14-E14)+(L14-K14) -> 0.020833333 | N14: =(H14-G14) -> 0.17708333 | O14: =(J14-I14) -> 0.14583333 | P14: =SUM(M14:O17) -> 0.34375 | R14: AUDIT CONDUCTIX | T14: ok.Done
Q17: 0.29166667
A18: MERCREDI | B18: =SUM(B14+1) -> 46225 | C18: AUDIT CONDUCTIX 222450C001 | E18: 0.33333333 | F18: 0.52777778 | G18: 0 | H18: 0 | I18: 0.5625 | J18: 0.72916667 | M18: =(F18-E18)+(L18-K18) -> 0.19444444 | N18: =(H18-G18) -> 0 | O18: =(J18-I18) -> 0.16666667 | P18: =SUM(M18:O22) -> 0.36111111 | R18: AUDIT CONDUCTIX
R19: 222450C001
S20: OMIFCO
S21: Vérification de la doc entre proposition TEN & Specs Client | W21: ok.Done
Q22: 0.29166667
A23: JEUDI | B23: =SUM(B18+1) -> 46226 | C23: 222297C001 221402C001 | G23: 0.35555556 | H23: 0.52083333 | I23: 0.57291667 | J23: 0.72986111 | M23: =(F39-E39)+(L39-K39) -> 0 | N23: =(H23-G23) -> 0.16527778 | O23: =(J23-I23) -> 0.15694444 | P23: =SUM(M23:O39) -> 0.32222222 | R23: 222297C001 | S23: (5h30)
S24: HIDROMONTAZA
S25: Update ds PNs ci-dessous:
T26: HPU kit | U26: 24136C22229701 | W26: ok.Done | X26: ECN nr: | Y26: 1030672 | Z26: EN ATTENTE VALIDATION BE CS (Hamid)
T27: SVA | U27: 24133C22229701 | W27: ok.Done
T28: PLC Cab. | U28: 24134C22229702 | W28: ok.Done
T30: Hydro. On Dock | W30: ok.Done | X30: ECN nr: | Y30: 1030432 | Z30: EN ATTENTE VALIDATION BE CS (Hamid)
T31: Elec. On Dock | W31: ok.Done
R32: 221402C001 | S32: (1h30)
S33: MADINA
S34: Conf call avec OPC & Client
S35: Balayage des points Hydro / Elec / PLC
S36: Hydro | T36: ok
S37: Elec | T37: En attente retour de l'OPC
S38: PLC | T38: ok
Q39: 0.29166667
A40: VENDREDI | B40: =SUM(B23+1) -> 46227 | C40: 217946C001 222540C001 | G40: 0.33680556 | H40: 0.52430556 | I40: 0.56597222 | J40: 0.71111111 | M40: =(F66-E66)+(L66-K66) -> 0 | N40: =(H40-G40) -> 0.1875 | O40: =(J40-I40) -> 0.14513889 | P40: =SUM(M40:O66) -> 0.33263889 | R40: 217946C001 | S40: (2h00)
S41: OIL WATER
S42: Faire le point pour les docs ci-dessous:
T43: CLD | U43: 24CLDC217946014 | W43: EN ATTENTE VALIDATION PM (Volkan)
T44: ECD | U44: 24ECDC217946014
T45: PLC Prog Listing | U45: 24PLCC217946014
T46: IOL | U46: LS_IOLC217946014
T47: Description HMI | U47: LS_HMIC219746014
T48: PLC Cabinet | U48: 24134C217946024
T49: CE conformity
S50: Envoi email à ALSYMEX (Maxance) | V50: ok.Done
R51: 222450C001 | S51: (4h00)
S52: OMIFCO
S53: Création des PNs ci-dessous: | U53: ok.Done
T54: Electric On Dock | U54: 24029C22254001 | W54: ok.Done | X54: ECN nr: | Y54: 1030706 | Z54: EN ATTENTE VALIDATION BE CS (Hamid)
T55: LCP Assembly | U55: 24134C22254001A | W55: ok.Done
T56: LCP | U56: 24134C22254001 | W56: ok.Done | X56: ECN nr: | Y56: 1030708 | Z56: EN ATTENTE VALIDATION BE CS (Hamid)
S58: Edition du plan ci-dessous:
T59: CSA | U59: 24CSAC22254001 | W59: Rev0 | X59: In progress…
R60: 216482C001 / 219124C001 | U60: (1h00)
S61: ARAMCO
S62: Répondre à l'email d'ALSYMEX (Keny) | W62: In progress…
S63: Voici les ECNs:
T64: Maj plans 216482 | U64: ECN nr: | V64: 1030714
T65: Maj plans 219124 | U65: ECN nr: | V65: 1030715
Q66: 0.29166667
A67: SAMEDI | B67: =SUM(B40+1) -> 46228
A68: DIMANCHE | B68: =SUM(B67+1) -> 46229
J70: TOTAL TRAVAILLE | M70: =SUM(M9+M14+M18+M23+M40+M67+M68) -> 0.43402778 | N70: =SUM(N9+N14+N18+N23+N40+N67+N68) -> 0.52986111 | O70: =SUM(O9+O14+O18+O23+O40+O67+O68) -> 0.73958333 | P70: =SUM(P9+P14+P18+P23+P40+P67+P68) -> 1.7034722
J71: POTENTIEL SEMAINE | N71: =SUM(Q9:Q68) -> 1.4583333
J72: TOTAL SEMAINE HS | N72: =SUM(P70-N71) -> 0.24513889
J73: TOTAL PRECEDENT HS | N73: ='SEM29'!N68 -> 10.477778
J74: NOUVEAU TOTAL HS | N74: =N72+N73 -> 10.722917

Sheet SEM32
A4: Nom: | B4: BELIN brice
A5: semaine 32 | B5: du | C5: =SUM('SEM31'!B113+1) -> 46237 | D5: au | E5: =SUM(B77) -> 46243
E6: Route | F6: aller | G6: Client ou usine | I6: Client ou usine | K6: Route retour | M6: TOTAL | Q6: potentiel jour
A7: Jour | B7: Date | C7: Nom client ou usine | E7: Heure départ | F7: Heure arrivée | G7: Heure arrivée | H7: Heure départ | I7: Heure arrivée | J7: Heure départ | K7: Heure départ | L7: Heure arrivée | M7: Heure route | N7: Heure client | O7: Heure usine | P7: Général
A9: LUNDI | B9: =SUM(C5) -> 46237 | C9: 220540C001 Meeting Team CS 221402C001 219124/216482C001 | G9: 0.35347222 | H9: 0.52083333 | I9: 0.5625 | J9: 0.71319444 | M9: =(F42-E42)+(L42-K42) -> 0 | N9: =(H9-G9) -> 0.16736111 | O9: =(J9-I9) -> 0.15069444 | P9: =SUM(M9:O42) -> 0.31805556 | R9: 222540C001 | S9: (3h00)
S10: OMIFCO
S11: Edition du plan ci-dessous:
T12: CSA | U12: 24CSAC22254001 | X12: ok.Done
S13: Faire le lancement LF CS | V13: ok.Done | X13: ECN nr: | Y13: 1030914 | Z13: EN ATTENTE VALIDATION BE CS (Brice)
S14: Mettre les docs sur ARAS:
T15: CSA | U15: 24CSAC22254001 | W15: ok.Done | X15: ECN nr: | Y15: 1030907 | Z15: EN ATTENTE VALIDATION DOC CTRL (Christelle)
T16: EID | U16: 24EIDC216240012 | W16: ok.Done
S17: Maj des DBI ci-dessous:
T18: Elec On Dock | U18: 24029C22254001 | W18: ok.Done | X18: ECN nr: | Y18: 1030911 | Z18: EN ATTENTE VALIDATION BE CS (JCP)
T19: PN Top Lvl | U19: 24001C22254001 | W19: ok.Done | X19: ECN nr: | Y19: 1030913 | Z19: EN ATTENTE VALIDATION BE CS (JCP)
R20: Meeting Team CS | S20: (1h00)
S21: Meeting avec JCP | V21: ok.Done
R22: 221402C001 | S22: (2h00)
S23: MADINA
S24: Répondre à l'email d'Alparslan | V24: ok.Done
S25: Création d'un nouveau PN pour la fibre Optique:
U26: 248990350004M | W26: ok.Done | X26: ECN nr: | Y26: 1030926 | Z26: EN ATTENTE VALIDATION BE CS (JCP)
S27: Faire ECN CL1 pour supprimer le besoin de la FO dans le 24134….......A | X27: ok.Done | Y27: ECN nr: | Z27: 1030928 | AA27: EN ATTENTE VALIDATION BE CS (AVA)
S28: Faire ECN CL1 pour créer le besoin de la FO dans le 24029 | X28: ok.Done | Y28: ECN nr: | Z28: 1030931 | AA28: EN ATTENTE VALIDATION BE CS (JCP) | AE28: EN ATTENTE VALIDATION BE CS (AVA)
R29: 219124 / 216482 | S29: (1h00)
S30: ARAMCO
S31: Mettre les plans ci-dessous sur ARAS:
S32: Berth 15 | T32: HPU | U32: 24136C21912401 | W32: ok.Done | X32: ECN nr: | Y32: 1030635 | Z32: EN ATTENTE RETOUR ACE (Mr Rousse) | AD32: EN ATTENTE VALIDATION DOC CTRL (Delphine)
T33: SVA | U33: 24133C21912401 | W33: ok.Done | Z33: Il faut ajouter NMR 601 à côté de la PO client - voir photo ci-dessus
S34: Berth 16 | T34: HPU | U34: 24136C21912402 | W34: ok.Done | X34: ECN nr: | Y34: 1030635
T35: SVA | U35: 24133C21912402 | W35: ok.Done
S36: Berth 17 | T36: HPU | U36: 24136C21648201 | W36: ok.Done | X36: ECN nr: | Y36: 1030635
T37: SVA | U37: 24133C21648201 | W37: ok.Done
S38: Berth 18 | T38: HPU | U38: 24136C21648202 | W38: ok.Done | X38: ECN nr: | Y38: 1030635
T39: SVA | U39: 24133C21648202 | W39: ok.Done
Q42: 0.29166667
A43: MARDI | B43: =SUM(B9+1) -> 46238 | C43: 219867C001 | G43: 0.32847222 | H43: 0.52083333 | I43: 0.55208333 | J43: 0.70833333 | M43: =(F58-E58)+(L58-K58) -> 0 | N43: =(H43-G43) -> 0.19236111 | O43: =(J43-I43) -> 0.15625 | P43: =SUM(M43:O58) -> 0.34861111 | R43: 219867C001 | S43: (1h00)
S44: MARSA
S45: Maj du plan ci-dessous:
T46: Cyber security | U46: 24CSAC21986702 | W46: ok.Done | X46: Rev2 | Y46: ECN nr: | Z46: 1030943 | AA46: EN ATTENTE VALIDATION DOC CTRL (Delphine)
U47: Pas de commentaires - AFC
S48: Maj des documents ci-dessous:
T49: FAT Elec | U49: LS_EFPC21986701 | W49: In progress… | X49: Rev3 | Y49: Déjà ans ARAS - Vérifier si les commentaires de la Rev2 sont bien dans la Rev3 - Faire CRS
T50: FAT Hydro | U50: LS_HFPC22254001 | W50: In progress…
R51: 222540C001 | S51: (4h00)
S52: OMIFCO
S53: Edition du document ci-dessous:
T54: FAT Elec | U54: LS_EFPC22254001 | W54: ok.Done | X54: Rev0 | Y54: ECN nr: | Z54: 1030946 | AA54: EN ATTENTE VALIDATION BE CS (Jean-Claude)
R55: 216240C001 | S55: (1h00)
S56: MOTOR OIL
S57: Envoyer un email au Doc Ctrl pour mise à jour des références de plans ECD
Q58: 0.29166667
A59: MERCREDI | B59: =SUM(B43+1) -> 46239 | C59: 219867C001 | G59: 0.33472222 | H59: 0.52083333 | I59: 0.55208333 | J59: 0.6875 | M59: =(F71-E71)+(L71-K71) -> 0 | N59: =(H59-G59) -> 0.18611111 | O59: =(J59-I59) -> 0.13541667 | P59: =SUM(M59:O71) -> 0.32152778 | R59: 219867C001 | S59: (1h00)
S60: MARSA
S61: Maj des documents ci-dessous:
T62: FAT Elec | U62: LS_EFPC21986701 | W62: In progress… | X62: Rev3 | Y62: Déjà ans ARAS - Vérifier si les commentaires de la Rev2 sont bien dans la Rev3 - Faire CRS
T63: sans CRS - Répondre à la CRS
T65: FAT Hydro | U65: LS_HFPC22254001 | W65: ok.Done | X65: Rev2 | Y65: ECN nr: | Z65: 1030985 | AA65: EN ATTENTE RETOUR BE CS (Jean-Claude)
T66: Répondre à la CRS
R67: 222540C001 | S67: (1h00)
S68: OMIFCO
S69: Edition du document ci-dessous:
T70: FAT Elec | U70: LS_EFPC22254001 | W70: ok.Done | X70: Rev0 | Y70: ECN nr: | Z70: 1030946 | AA70: EN ATTENTE VALIDATION DOC CTRL (Delphine)
Q71: 0.29166667
A72: JEUDI | B72: =SUM(B59+1) -> 46240 | C72: VACANCE!!! | G72: 0 | H72: 0 | I72: 0 | J72: 0 | M72: =(F73-E73)+(L73-K73) -> 0 | N72: =(H72-G72) -> 0 | O72: =(J72-I72) -> 0 | P72: =SUM(M72:O73) -> 0
Q73: 0
A74: VENDREDI | B74: =SUM(B72+1) -> 46241 | C74: VACANCE!!! | G74: 0 | H74: 0 | I74: 0 | J74: 0 | M74: =(F75-E75)+(L75-K75) -> 0 | N74: =(H74-G74) -> 0 | O74: =(J74-I74) -> 0 | P74: =SUM(M74:O75) -> 0
Q75: 0
A76: SAMEDI | B76: =SUM(B74+1) -> 46242 | C76: VACANCE!
A77: DIMANCHE | B77: =SUM(B76+1) -> 46243
J79: TOTAL TRAVAILLE | M79: =SUM(M9+M43+M59+M72+M74+M76+M77) -> 0 | N79: =SUM(N9+N43+N59+N72+N74+N76+N77) -> 0.54583333 | O79: =SUM(O9+O43+O59+O72+O74+O76+O77) -> 0.44236111 | P79: =SUM(P9+P43+P59+P72+P74+P76+P77) -> 0.98819444
J80: POTENTIEL SEMAINE | N80: =SUM(Q9:Q77) -> 0.875
J81: TOTAL SEMAINE HS | N81: =SUM(P79-N80) -> 0.11319444
J82: TOTAL PRECEDENT HS | N82: ='SEM31'!N119 -> 11.017361
J83: NOUVEAU TOTAL HS | N83: =N81+N82 -> 11.130556

Sheet SEM33
A4: Nom: | B4: BELIN brice
A5: semaine 33 | B5: du | C5: =SUM('SEM32'!B77+1) -> 46244 | D5: au | E5: =SUM(B20) -> 46250
E6: Route | F6: aller | G6: Client ou usine | I6: Client ou usine | K6: Route retour | M6: TOTAL | Q6: potentiel jour
A7: Jour | B7: Date | C7: Nom client ou usine | E7: Heure départ | F7: Heure arrivée | G7: Heure arrivée | H7: Heure départ | I7: Heure arrivée | J7: Heure départ | K7: Heure départ | L7: Heure arrivée | M7: Heure route | N7: Heure client | O7: Heure usine | P7: Général
A9: LUNDI | B9: =SUM(C5) -> 46244 | C9: VACANCE! | M9: =(F10-E10)+(L10-K10) -> 0 | N9: =(H10-G10)+(J10-I10) -> 0 | O9: =(H9-G9)+(J9-I9) -> 0 | P9: =SUM(M9:O10) -> 0
Q10: 0
A11: MARDI | B11: =SUM(B9+1) -> 46245 | C11: VACANCE! | M11: =(F12-E12)+(L12-K12) -> 0 | N11: =(H12-G12)+(J12-I12) -> 0 | O11: =(H11-G11)+(J11-I11) -> 0 | P11: =SUM(M11:O12) -> 0
Q12: 0
A13: MERCREDI | B13: =SUM(B11+1) -> 46246 | C13: VACANCE! | M13: =(F14-E14)+(L14-K14) -> 0 | N13: =(H14-G14)+(J14-I14) -> 0 | O13: =(H13-G13)+(J13-I13) -> 0 | P13: =SUM(M13:O14) -> 0
Q14: 0
A15: JEUDI | B15: =SUM(B13+1) -> 46247 | C15: VACANCE! | M15: =(F16-E16)+(L16-K16) -> 0 | N15: =(H16-G16)+(J16-I16) -> 0 | O15: =(H15-G15)+(J15-I15) -> 0 | P15: =SUM(M15:O16) -> 0
Q16: 0
A17: VENDREDI | B17: =SUM(B15+1) -> 46248 | C17: VACANCE! | M17: =(F18-E18)+(L18-K18) -> 0 | N17: =(H18-G18)+(J18-I18) -> 0 | O17: =(H17-G17)+(J17-I17) -> 0 | P17: =SUM(M17:O18) -> 0
Q18: 0
A19: SAMEDI | B19: =SUM(B17+1) -> 46249 | C19: VACANCE!
A20: DIMANCHE | B20: =SUM(B19+1) -> 46250
J22: TOTAL TRAVAILLE | M22: =SUM(M9+M11+M13+M15+M17+M19+M20) -> 0 | N22: =SUM(N9+N11+N13+N15+N17+N19+N20) -> 0 | O22: =SUM(O9+O11+O13+O15+O17+O19+O20) -> 0 | P22: =SUM(P9+P11+P13+P15+P17+P19+P20) -> 0
J23: POTENTIEL SEMAINE | N23: =SUM(Q9:Q20) -> 0
J24: TOTAL SEMAINE HS | N24: =SUM(P22-N23) -> 0
J25: TOTAL PRECEDENT HS | N25: ='SEM32'!N83 -> 11.130556
J26: NOUVEAU TOTAL HS | N26: =N24+N25 -> 11.130556

Sheet SEM34
A4: Nom: | B4: BELIN brice
A5: semaine 34 | B5: du | C5: =SUM('SEM33'!B20+1) -> 46251 | D5: au | E5: =SUM(B20) -> 46257
E6: Route | F6: aller | G6: Client ou usine | I6: Client ou usine | K6: Route retour | M6: TOTAL | Q6: potentiel jour
A7: Jour | B7: Date | C7: Nom client ou usine | E7: Heure départ | F7: Heure arrivée | G7: Heure arrivée | H7: Heure départ | I7: Heure arrivée | J7: Heure départ | K7: Heure départ | L7: Heure arrivée | M7: Heure route | N7: Heure client | O7: Heure usine | P7: Général
A9: LUNDI | B9: =SUM(C5) -> 46251 | C9: VACANCE! | M9: =(F10-E10)+(L10-K10) -> 0 | N9: =(H10-G10)+(J10-I10) -> 0 | O9: =(H9-G9)+(J9-I9) -> 0 | P9: =SUM(M9:O10) -> 0
Q10: 0
A11: MARDI | B11: =SUM(B9+1) -> 46252 | C11: VACANCE! | M11: =(F12-E12)+(L12-K12) -> 0 | N11: =(H12-G12)+(J12-I12) -> 0 | O11: =(H11-G11)+(J11-I11) -> 0 | P11: =SUM(M11:O12) -> 0
Q12: 0
A13: MERCREDI | B13: =SUM(B11+1) -> 46253 | C13: VACANCE! | M13: =(F14-E14)+(L14-K14) -> 0 | N13: =(H14-G14)+(J14-I14) -> 0 | O13: =(H13-G13)+(J13-I13) -> 0 | P13: =SUM(M13:O14) -> 0
Q14: 0
A15: JEUDI | B15: =SUM(B13+1) -> 46254 | C15: VACANCE! | M15: =(F16-E16)+(L16-K16) -> 0 | N15: =(H16-G16)+(J16-I16) -> 0 | O15: =(H15-G15)+(J15-I15) -> 0 | P15: =SUM(M15:O16) -> 0
Q16: 0
A17: VENDREDI | B17: =SUM(B15+1) -> 46255 | C17: VACANCE! | M17: =(F18-E18)+(L18-K18) -> 0 | N17: =(H18-G18)+(J18-I18) -> 0 | O17: =(H17-G17)+(J17-I17) -> 0 | P17: =SUM(M17:O18) -> 0
Q18: 0
A19: SAMEDI | B19: =SUM(B17+1) -> 46256 | C19: VACANCE!
A20: DIMANCHE | B20: =SUM(B19+1) -> 46257
J22: TOTAL TRAVAILLE | M22: =SUM(M9+M11+M13+M15+M17+M19+M20) -> 0 | N22: =SUM(N9+N11+N13+N15+N17+N19+N20) -> 0 | O22: =SUM(O9+O11+O13+O15+O17+O19+O20) -> 0 | P22: =SUM(P9+P11+P13+P15+P17+P19+P20) -> 0
J23: POTENTIEL SEMAINE | N23: =SUM(Q9:Q20) -> 0
J24: TOTAL SEMAINE HS | N24: =SUM(P22-N23) -> 0
J25: TOTAL PRECEDENT HS | N25: ='SEM33'!N26 -> 11.130556
J26: NOUVEAU TOTAL HS | N26: =N24+N25 -> 11.130556

Sheet SEM35
A4: Nom: | B4: BELIN brice
A5: semaine 35 | B5: du | C5: =SUM('SEM34'!B20+1) -> 46258 | D5: au | E5: =SUM(B20) -> 46264
E6: Route | F6: aller | G6: Client ou usine | I6: Client ou usine | K6: Route retour | M6: TOTAL | Q6: potentiel jour
A7: Jour | B7: Date | C7: Nom client ou usine | E7: Heure départ | F7: Heure arrivée | G7: Heure arrivée | H7: Heure départ | I7: Heure arrivée | J7: Heure départ | K7: Heure départ | L7: Heure arrivée | M7: Heure route | N7: Heure client | O7: Heure usine | P7: Général
A9: LUNDI | B9: =SUM(C5) -> 46258 | C9: VACANCE! | G9: 0 | H9: 0 | I9: 0 | J9: 0 | M9: =(F10-E10)+(L10-K10) -> 0 | N9: =(H9-G9) -> 0 | O9: =(J9-I9) -> 0 | P9: =SUM(M9:O10) -> 0
Q10: 0
A11: MARDI | B11: =SUM(B9+1) -> 46259 | C11: VACANCE! | G11: 0 | H11: 0 | I11: 0 | J11: 0 | M11: =(F12-E12)+(L12-K12) -> 0 | N11: =(H11-G11) -> 0 | O11: =(J11-I11) -> 0 | P11: =SUM(M11:O12) -> 0
Q12: 0
A13: MERCREDI | B13: =SUM(B11+1) -> 46260 | C13: VACANCE! | G13: 0 | H13: 0 | I13: 0 | J13: 0 | M13: =(F14-E14)+(L14-K14) -> 0 | N13: =(H13-G13) -> 0 | O13: =(J13-I13) -> 0 | P13: =SUM(M13:O14) -> 0
Q14: 0
A15: JEUDI | B15: =SUM(B13+1) -> 46261 | C15: VACANCE! | G15: 0 | H15: 0 | I15: 0 | J15: 0 | M15: =(F16-E16)+(L16-K16) -> 0 | N15: =(H15-G15) -> 0 | O15: =(J15-I15) -> 0 | P15: =SUM(M15:O16) -> 0
Q16: 0
A17: VENDREDI | B17: =SUM(B15+1) -> 46262 | C17: VACANCE! | G17: 0 | H17: 0 | I17: 0 | J17: 0 | M17: =(F18-E18)+(L18-K18) -> 0 | N17: =(H17-G17) -> 0 | O17: =(J17-I17) -> 0 | P17: =SUM(M17:O18) -> 0
Q18: 0
A19: SAMEDI | B19: =SUM(B17+1) -> 46263
A20: DIMANCHE | B20: =SUM(B19+1) -> 46264
J22: TOTAL TRAVAILLE | M22: =SUM(M9+M11+M13+M15+M17+M19+M20) -> 0 | N22: =SUM(N9+N11+N13+N15+N17+N19+N20) -> 0 | O22: =SUM(O9+O11+O13+O15+O17+O19+O20) -> 0 | P22: =SUM(P9+P11+P13+P15+P17+P19+P20) -> 0
J23: POTENTIEL SEMAINE | N23: =SUM(Q9:Q20) -> 0
J24: TOTAL SEMAINE HS | N24: =SUM(P22-N23) -> 0
J25: TOTAL PRECEDENT HS | N25: ='SEM34'!N26 -> 11.130556
J26: NOUVEAU TOTAL HS | N26: =N24+N25 -> 11.130556

Sheet SEM36
A4: Nom: | B4: BELIN brice
A5: semaine 36 | B5: du | C5: =SUM('SEM35'!B20+1) -> 46265 | D5: au | E5: =SUM(B115) -> 46271
E6: Route | F6: aller | G6: Client ou usine | I6: Client ou usine | K6: Route retour | M6: TOTAL | Q6: potentiel jour
A7: Jour | B7: Date | C7: Nom client ou usine | E7: Heure départ | F7: Heure arrivée | G7: Heure arrivée | H7: Heure départ | I7: Heure arrivée | J7: Heure départ | K7: Heure départ | L7: Heure arrivée | M7: Heure route | N7: Heure client | O7: Heure usine | P7: Général
A9: LUNDI | B9: =SUM(C5) -> 46265 | C9: Teams CS 222338C001 220594C001 221402C001 | G9: 0.33680556 | H9: 0.52083333 | I9: 0.54166667 | J9: 0.70208333 | M9: =(F36-E36)+(L36-K36) -> 0 | N9: =(H9-G9) -> 0.18402778 | O9: =(J9-I9) -> 0.16041667 | P9: =SUM(M9:O36) -> 0.34444444 | R9: Lecture des emails | S9: (2h00) | T9: ok.Done
R10: Meeting Team CS | S10: (1h00)
S11: Meeting avec HLA/ JCP | U11: ok.Done
R12: 222338C001 | S12: (1h00)
S13: ALYESKA
S14: Envoyer un email à NITESH pour confirmation des Ids pour les jetées 4 & 5 | W14: ok.Done
S15: Répondre à l'email d'ALSYMEX | U15: ok.Done
R16: 220594C001 | S16: (1h00)
S17: GOLAR HILI
S18: Envoyer un email à Maria pour savoir si on prend en compte le remarques client pour les docs ERS Accu & HCC | Z18: ok.Done
S19: Maj du document ci-dessous:
T20: ERS Accu | U20: 2414115199801 | V20: ok.Done | W20: Rev4 | X20: ECN nr: | Y20: 1031496 | Z20: EN ATTENTE RETOUR PM TEN (Maria)
T21: maj de la date sur page de garde
R22: 216240C001 | S22: (1h00)
S23: MOTOR OIL
S24: En attente d'envoi des plans par ALSYMEX | V24: Prévu le : 31/08/2026 | W24: in progress…
R25: 221402C001 | S25: (1h00)
S26: MADINA
S27: En attente des documents ci-dessous:
T28: SDE Berth 4 | U28: 24SDE05102501 | V28: Rev0 | W28: in progress… | X28: EN ATTENTE RETOUR ALSYMEX (K. Michon)
T29: SDE Berth 5 | U29: 24SDE05108301 | V29: Rev0 | W29: in progress… | X29: EN ATTENTE RETOUR ALSYMEX (K. Michon)
T30: SDE Berth 6 | U30: 24SDE07116701 | V30: Rev8 | W30: in progress… | X30: EN ATTENTE RETOUR ALSYMEX (K. Michon)
S31: Maj du document ci-dessous:
T32: EID | U32: 24EIDC22140201 | V32: Rev2 | W32: ok.Done | X32: Rev2 | Y32: ECN nr: | Z32: 1031498
R33: 222540C001 | S33: (0h30)
S34: OMIFCO
S35: Meeting avec HLA & MG | W35: ok.Done
Q36: 0.29166667
A37: MARDI | B37: =SUM(B9+1) -> 46266 | C37: 221402C001 220594C001 | G37: 0.34375 | H37: 0.52083333 | I37: 0.54166667 | J37: 0.69930556 | M37: =(F43-E43)+(L43-K43) -> 0 | N37: =(H37-G37) -> 0.17708333 | O37: =(J37-I37) -> 0.15763889 | P37: =SUM(M37:O43) -> 0.33472222 | R37: 221402C001 | S37: (6h00)
S38: MADINA
S39: Maj du document ci-dessous:
T40: EID | U40: 24EIDC22140201 | V40: Rev2 | W40: in progress… | X40: Rev2 | Y40: ECN nr: | Z40: 1031498
R41: 220594C001 | S41: (1h00)
S42: GOLaR HILI
Q43: 0.29166667 | S43: Page de garde pour le document HCC en Rev5 | W43: ok.Done
A44: MERCREDI | B44: =SUM(B37+1) -> 46267 | C44: 221402C001 220594C001 RA172144 | G44: 0.30277778 | H44: 0.52083333 | I44: 0.5625 | J44: 0.71597222 | M44: =(F65-E65)+(L65-K65) -> 0 | N44: =(H44-G44) -> 0.21805556 | O44: =(J44-I44) -> 0.15347222 | P44: =SUM(M44:O65) -> 0.37152778 | R44: 220594C001 | S44: (2h00)
S45: GOLaR HILI
S46: Page de garde pour le document HCC en Rev5
S47: ModIfIer le nombre de pages de 610 à 616 | W47: in progress…
S48: Maj des plans ci-dessous sur ARAS:
T49: ERS Accu | U49: 2414115199801 | V49: ok.Done | W49: Rev4 | X49: ECN nr: | Y49: 1031496 | Z49: EN ATTENTE VALIDATION DOC CTRL
T50: HCC | U50: 24HCC15199801 | V50: ok.Done | W50: Rev5 | X50: ECN nr: | Y50: 1031496 | Z50: EN ATTENTE VALIDATION DOC CTRL
R51: 221402C001 | S51: (4h00)
S52: MADINA
S53: Conf call avec François Spindler | W53: ok.Done
S54: Rajouter le câble de 50m pour la radio sur interco | W54: ok.Done
S55: Maj du document ci-dessous:
T56: EID | U56: 24EIDC22140201 | V56: ok.Done | W56: Rev2 | X56: ECN nr: | Y56: 1031498 | Z56: EN ATTENTE VALIDATION JCP OU HLA
T57: CSA | U57: 24CSAC221402C001 | V57: ok.Done | W57: Rev4 | X57: ECN nr: | Y57: 1031558 | Z57: EN ATTENTE VALIDATION JCP OU HLA
R58: RA172144 | S58: (1h00)
S59: BOTAS
S60: Voir s'il y a un mdp pour accéder au prog PLC | V60: ok.Done
Q65: 0.29166667
A66: JEUDI | B66: =SUM(B44+1) -> 46268 | C66: RA172144 RA172190 220594C001 | G66: 0.33888889 | H66: 0.52083333 | I66: 0.56944444 | J66: 0.73958333 | M66: =(F90-E90)+(L90-K90) -> 0 | N66: =(H66-G66) -> 0.18194444 | O66: =(J66-I66) -> 0.17013889 | P66: =SUM(M66:O90) -> 0.35208333 | R66: RA172144 | S66: (2h00)
S67: BOTAS
S68: Conf call avec le client | V68: Abord
S69: Envoyer email à ACTEMIUM (C, Pollier) pour support | V69: ok.Done
S70: Investigation suite aux photos de ce jour du client | V70: in progress…
R71: RA172190 | S71: (1h00)
S72: HOEGH
S73: Envoyer les révisions 5/6/7 du plan TBWD à ACTEMIUM (MAGNAN) | W73: ok.Done
R74: 220594C001 | S74: (1h00)
S75: GOLaR HILI
S76: Voir pourquoi les pages PARKER (à aprtir de 477 / 616) ne porte pas le numéro client / révision | Y76: ok.Done
S77: Maj des plans ci-dessous sur ARAS:
T78: ERS Accu | U78: 2414115199801 | V78: ok.Done | W78: Rev4 | X78: ECN nr: | Y78: 1031496 | Z78: EN ATTENTE VALIDATION DOC CTRL
T79: HCC | U79: 24HCC15199801 | V79: ok.Done | W79: Rev5 | X79: ECN nr: | Y79: 1031496 | Z79: EN ATTENTE VALIDATION DOC CTRL
R80: RA222755 | S80: (2h00)
S81: JIANGSU ZMEC
S82: Mettre les plans à dispo pour ALSYMEX | V82: ok.Done
S83: Leur envoyer le numéro d'ECN | U83: ok.Done | V83: ECN nr: | W83: 1031577
S84: Maj des plans ci-dessous sur ARAS:
T85: EID | U85: 2403122275501 | V85: ok.Done | W85: Rev2 | X85: ECN nr: | Y85: 1031593 | Z85: EN ATTENTE VALIDATION JCP
R86: 222540C001 | S86: (1h00)
S87: OMIFCO
S88: Envoyez un email de demande d'information sur le matériel YOKOGAWA | W88: ok.Done | X88: EN ATTENTE RETOUR
Q90: 0.29166667
A91: VENDREDI | B91: =SUM(B66+1) -> 46269 | C91: 221402C001 RA222755 | G91: 0.32152778 | H91: 0.52083333 | I91: 0.5625 | J91: 0.70277778 | M91: =(F113-E113)+(L113-K113) -> 0 | N91: =(H91-G91) -> 0.19930556 | O91: =(J91-I91) -> 0.14027778 | P91: =SUM(M91:O113) -> 0.33958333 | R91: 221402C001 | S91: (2h00)
S92: MADINA
S93: Remplir la feuille CRS du client | V93: ok.Done
S94: Envoyer le plan Interco au Doc Ctrl | V94: ok.Done
S95: Maj du document ci-dessous:
T96: EID | U96: 24EIDC22140201 | V96: ok.Done | W96: Rev2 | X96: ECN nr: | Y96: 1031498 | Z96: EN ATTENTE VALIDATION DOC CTRL
R97: RA222755 | S97: (3h00)
S98: JIANGSU ZMEC
S99: Maj des plans ci-dessous sur ARAS:
T100: EID | U100: 2403122275501 | V100: ok.Done | W100: Rev2 | X100: ECN nr: | Y100: 1031593 | Z100: EN ATTENTE VALIDATION JCP
S101: Appelez ALSYMEX (Etienne ) pour la maj du document SDE
T102: actuellement ce document est déjà en Rev2 dans notre système
S103: Maj des plans ci-dessous sur ARAS:
T104: SDE | U104: 24SDE22275501 | V104: ok.Done | W104: Rev3 | X104: ECN nr: | Y104: 1031610 | Z104: EN ATTENTE VALIDATION DOC CTRL
R105: 220983C001 | S105: (2h00)
S106: OMAN
S107: Faire la feuille de déplacement | V107: ok.Done
Q113: 0.29166667
A114: SAMEDI | B114: =SUM(B91+1) -> 46270
...

Sheet SEM37
A4: Nom: | B4: BELIN brice
A5: semaine 37 | B5: du | C5: =SUM('SEM36'!B115+1) -> 46272 | D5: au | E5: =SUM(B75) -> 46278
E6: Route | F6: aller | G6: Client ou usine | I6: Client ou usine | K6: Route retour | M6: TOTAL | Q6: potentiel jour
A7: Jour | B7: Date | C7: Nom client ou usine | E7: Heure départ | F7: Heure arrivée | G7: Heure arrivée | H7: Heure départ | I7: Heure arrivée | J7: Heure départ | K7: Heure départ | L7: Heure arrivée | M7: Heure route | N7: Heure client | O7: Heure usine | P7: Général
A9: LUNDI | B9: =SUM(C5) -> 46272 | C9: 220983C001 Formation Extincteur 219254C001 | G9: 0.34652778 | H9: 0.52083333 | I9: 0.5625 | J9: 0.70486111 | M9: =(F9-E9)+(L9-K9) -> 0 | N9: =(H9-G9) -> 0.17430556 | O9: =(J9-I9) -> 0.14236111 | P9: =SUM(M9:O28) -> 0.31666667 | R9: 220983C001 | S9: (4h00)
S10: OMAN
S11: Préparation des documents ci-dessous:
T12: FAT Elec | V12: in progress… | W12: Rev3 | X12: ECN nr: | Y12: 1031625
T13: FAT Hydrau | V13: in progress… | W13: Rev4 | X13: ECN nr: | Y13: 1031625
S14: Imprimer les documents ci-dessous:
T15: Elec:
U16: interco | V16: ok.Done
U17: Logic | V17: ok.Done
T18: Hydrau
U19: HPU | V19: ok.Done
U20: SVA | V20: ok.Done
U21: HCD
R22: Formation | S22: (1h30)
S23: Formation Extincteur | V23: in progress…
R24: 219254C001 | S24: (1h30)
S25: PADAH
S26: Meeting avec Sébastien Roger (PM) | V26: in progress…
Q28: 0.29166667
A29: MARDI | B29: =SUM(B9+1) -> 46273 | C29: 220983C001 - FAT ELEC | E29: 0.25 | F29: 0.375 | G29: 0.375 | H29: 0.52083333 | I29: 0.55208333 | J29: 0.70833333 | K29: 0.70833333 | L29: 0.78472222 | M29: =(F29-E29)+(L29-K29) -> 0.20138889 | N29: =(H29-G29) -> 0.14583333 | O29: =(J29-I29) -> 0.15625 | P29: =SUM(M29:O32) -> 0.50347222 | R29: 220983C001
S30: OMAN
S31: FAT ELECTRIQUE chez ALSYMEX | V31: in progress…
Q32: 0.29166667
A33: MERCREDI | B33: =SUM(B29+1) -> 46274 | C33: 220983C001 - FAT HYDRAU | E33: 0.34375 | F33: 0.35416667 | G33: 0.35416667 | H33: 0.5 | I33: 0.58333333 | J33: 0.72916667 | K33: 0.5 | L33: 0.58333333 | M33: =(F33-E33)+(L33-K33) -> 0.09375 | N33: =(H33-G33) -> 0.14583333 | O33: =(J33-I33) -> 0.14583333 | P33: =SUM(M33:O36) -> 0.38541667 | R33: 220983C001
S34: OMAN
S35: FAT HYDRAULIQUE chez ALSYMEX | V35: in progress…
Q36: 0.29166667
A37: JEUDI | B37: =SUM(B33+1) -> 46275 | C37: 220983C001 222338C001 | G37: 0.33333333 | H37: 0.52083333 | I37: 0.56944444 | J37: 0.74375 | M37: =(F56-E56)+(L56-K56) -> 0 | N37: =(H37-G37) -> 0.1875 | O37: =(J37-I37) -> 0.17430556 | P37: =SUM(M37:O56) -> 0.36180556 | R37: 220983C001 | S37: (6h00)
S38: OMAN
S39: Note de frais | U39: ok.Done | V39: EN ATTENTE APPROBATION FPR
S40: Scan des documents ci-dessous:
T41: ITP | V41: ok.Done
T42: Multimètre | V42: ok.Done
T43: Capteur de pression | V43: ok.Done
S44: Mettre les documents ci-dessous sur ARAS:
T45: FAT Elec | U45: LS_EFPC22098301 | V45: ok.Done | W45: Rev3 | X45: ECN nr: | Y45: 1031625 | Z45: EN ATTENTE VALIDATION DOC CTRL (Delphine)
T46: FAT Hydrau | U46: LS_HFPC22098301 | V46: ok.Done | W46: Rev4 | X46: ECN nr: | Y46: 1031625 | Z46: EN ATTENTE VALIDATION DOC CTRL (Delphine)
S47: Edition du document ci-dessous:
T48: Alarms & trips | U48: 24LPCA22098301 | V48: ok.Done
S49: Meeting ALSYMEX / TEN pour scope du YT | V49: ok.Done
S50: Installation de Tia Portal V21 | V50: in progress…
R51: 222338C001 | S51: (1h00)
S52: ALYESKA
S53: Validation des plans & DBI pour go livraison | W53: ok.Done
S54: Maj du part ci-dessous:
T55: DBI | U55: 24899351014937P | V55: ok.Done | W55: RevB | X55: ECN nr: | Y55: 1031727
Q56: 0.29166667
A57: VENDREDI | B57: =SUM(B37+1) -> 46276 | C57: 222115C001 222338C001 220983c001 | G57: 0.33680556 | H57: 0.52083333 | I57: 0.54166667 | J57: 0.70208333 | M57: =(F57-E57)+(L57-K57) -> 0 | N57: =(H57-G57) -> 0.18402778 | O57: =(J57-I57) -> 0.16041667 | P57: =SUM(M57:O73) -> 0.34444444 | R57: 222115C001 | S57: (1h00)
S58: WILHELMSEN
S59: Mah du DBI ci-dessous:
T60: DBI | U60: 248993508126903 | V60: ok.Done | W60: RevB | X60: ECN nr: | Y60: 103178 | Z60: EN ATTENTE VALIDATION HLA
S61: Mettre le plan ci-dessous sur ARAS:
T62: LCP | U62: 2413408126901 | V62: ok.Done | W62: Rev6 | X62: ECN nr: | Y62: 1030180 | Z62: EN ATTENTE VALIDATION DOC CTRL (Delphine)
R63: 222338C001 | S63: (1h00)
S64: ALYESKA
S65: Envoi des plans ci-dessous sur ARAS:
T66: LCP Berth 4 | U66: 2413410149301 | V66: ok.Done | W66: Rev9 | X66: ECN nr: | Y66: 1030329 | Z66: EN ATTENTE VALIDATION DOC CTRL (Delphine)
T67: LCP Berth 5 | U67: 2413412170201 | V67: ok.Done | W67: Rev7 | X67: ECN nr: | Y67: 1030329 | Z67: EN ATTENTE VALIDATION DOC CTRL (Delphine)
R68: 220983C001 | S68: (5h00)
S69: OMAN
S70: Envoyer n° ECN à ALSUMEX pour maj des docs "AFTER FAT" | W70: ok.Done | X70: ECN nr: | Y70: 1031769
S71: Installation TIA PORTAL v21 | V71: ok.Done
T72: Test, ouverture prog, etc… | V72: in progress…
Q73: 0.29166667
A74: SAMEDI | B74: =SUM(B57+1) -> 46277
A75: DIMANCHE | B75: =SUM(B74+1) -> 46278
J77: TOTAL TRAVAILLE | M77: =SUM(M9+M29+M33+M37+M57+M74+M75) -> 0.29513889 | N77: =SUM(N9+N29+N33+N37+N57+N74+N75) -> 0.8375 | O77: =SUM(O9+O29+O33+O37+O57+O74+O75) -> 0.77916667 | P77: =SUM(P9+P29+P33+P37+P57+P74+P75) -> 1.9118056
J78: POTENTIEL SEMAINE | N78: =SUM(Q9:Q75) -> 1.4583333
J79: TOTAL SEMAINE HS | N79: =SUM(P77-N78) -> 0.45347222
J80: TOTAL PRECEDENT HS | N80: ='SEM36'!N121 -> 11.414583
J81: NOUVEAU TOTAL HS | N81: =N79+N80 -> 11.868056

Sheet SEM38
A4: Nom: | B4: BELIN brice
A5: semaine 38 | B5: du | C5: =SUM('SEM37'!B75+1) -> 46279 | D5: au | E5: =SUM(B78) -> 46285
E6: Route | F6: aller | G6: Client ou usine | I6: Client ou usine | K6: Route retour | M6: TOTAL | Q6: potentiel jour
A7: Jour | B7: Date | C7: Nom client ou usine | E7: Heure départ | F7: Heure arrivée | G7: Heure arrivée | H7: Heure départ | I7: Heure arrivée | J7: Heure départ | K7: Heure départ | L7: Heure arrivée | M7: Heure route | N7: Heure client | O7: Heure usine | P7: Général
